enhancement,channel,ocr,latency,assertions_passed,assertions_total,fields_correct,fields_total,date_valid,id_format,id_matches_date,sex_valid,name_correct,sex_correct,ethnicity_correct,year_correct,month_correct,day_correct,address_correct,id_number_correct
none,none,tesseract,0.8930971270001464,1,4,4,8,True,False,False,False,False,False,True,True,True,True,False,False
none,none,tesseract,0.7049377410003217,4,4,5,8,True,True,True,True,False,True,False,True,True,True,False,True
none,none,tesseract,0.5326568629998292,4,4,6,8,True,True,True,True,False,True,True,True,True,True,False,True
none,none,tesseract,0.7192494750006517,2,4,2,8,True,True,False,False,False,False,True,False,False,False,False,True
none,none,tesseract,0.5686682909999945,3,4,6,8,True,True,False,True,False,True,True,True,True,True,False,True
none,none,tesseract,0.7310401679997085,0,4,2,8,False,False,False,False,False,False,True,True,False,False,False,False
none,none,tesseract,0.6043050970001786,4,4,7,8,True,True,True,True,False,True,True,True,True,True,True,True
none,none,tesseract,0.6310811020002802,2,4,5,8,False,True,False,True,False,True,True,True,False,True,False,True
none,none,tesseract,0.47714449199975206,2,4,5,8,False,True,False,True,True,True,True,True,False,False,False,True
none,none,tesseract,0.5078571029998784,0,4,0,8,False,False,False,False,False,False,False,False,False,False,False,False
none,none,easyocr,2.9426047630004177,4,4,6,8,True,True,True,True,False,True,True,True,True,True,False,True
none,none,easyocr,2.374709516000621,2,4,5,8,False,True,False,True,True,True,True,True,False,False,False,True
none,none,easyocr,2.5755363240004954,4,4,7,8,True,True,True,True,True,True,True,True,True,True,False,True
none,none,easyocr,2.328545729000325,2,4,5,8,True,False,False,True,False,True,False,True,True,True,False,True
none,none,easyocr,2.2429689989994586,2,4,7,8,False,True,False,True,True,True,True,True,True,True,False,True
none,none,easyocr,2.679648690000249,1,4,3,8,False,False,False,True,False,True,False,False,True,True,False,False
none,none,easyocr,2.484099504000369,2,4,4,8,False,True,False,True,False,True,True,True,False,False,False,True
none,none,easyocr,2.4359902629994394,3,4,6,8,True,True,False,True,False,True,True,True,True,True,False,True
none,none,easyocr,2.4528287889997955,2,4,6,8,False,True,False,True,True,True,True,True,False,False,True,True
none,none,easyocr,2.401069531999383,0,4,0,8,False,False,False,False,False,False,False,False,False,False,False,False
none,blue,tesseract,0.6460767640000995,1,4,4,8,True,False,False,False,False,False,True,True,True,True,False,False
none,blue,tesseract,0.6057593840005211,4,4,5,8,True,True,True,True,False,True,False,True,True,True,False,True
none,blue,tesseract,0.7534796500003722,1,4,6,8,False,False,False,True,False,True,True,True,True,True,False,True
none,blue,tesseract,0.5323427049997917,2,4,4,8,False,True,False,True,False,True,True,True,False,False,False,True
none,blue,tesseract,0.4483021580008426,4,4,6,8,True,True,True,True,False,True,True,True,True,True,False,True
none,blue,tesseract,0.6466335920003985,2,4,3,8,True,False,False,True,False,True,True,True,False,False,False,False
none,blue,tesseract,0.6481390380004086,4,4,7,8,True,True,True,True,False,True,True,True,True,True,True,True
none,blue,tesseract,0.5020887640002911,2,4,5,8,False,True,False,True,False,True,True,True,False,True,False,True
none,blue,tesseract,0.47007273899998836,4,4,5,8,True,True,True,True,False,True,False,True,True,True,False,True
none,blue,tesseract,0.5317006179993768,0,4,0,8,False,False,False,False,False,False,False,False,False,False,False,False
none,blue,easyocr,2.570872005999263,2,4,4,8,False,True,False,True,False,True,True,True,False,False,False,True
none,blue,easyocr,2.4059661960000085,2,4,6,8,False,True,False,True,True,True,True,True,True,False,False,True
none,blue,easyocr,2.6021810439997353,2,4,6,8,False,True,False,True,True,True,True,True,False,False,True,True
none,blue,easyocr,2.4075857530006033,1,4,3,8,False,False,False,True,False,True,False,True,False,False,False,True
none,blue,easyocr,2.292050553000081,3,4,6,8,True,True,False,True,True,True,True,True,True,False,False,True
none,blue,easyocr,2.6349016350004604,1,4,2,8,False,False,False,True,False,True,False,False,False,True,False,False
none,blue,easyocr,2.476097560999733,2,4,4,8,False,True,False,True,False,True,True,True,False,False,False,True
none,blue,easyocr,2.544942135999918,2,4,5,8,False,True,False,True,True,True,True,True,False,False,False,True
none,blue,easyocr,2.4608452059992487,2,4,6,8,False,True,False,True,True,True,True,True,False,False,True,True
none,blue,easyocr,2.4092512090001037,0,4,0,8,False,False,False,False,False,False,False,False,False,False,False,False
none,green,tesseract,0.5157422669999505,1,4,3,8,False,False,False,True,False,True,True,True,False,False,False,False
none,green,tesseract,0.681733154999165,4,4,6,8,True,True,True,True,False,True,True,True,True,True,False,True
none,green,tesseract,0.6432966880001914,2,4,5,8,False,True,False,True,False,True,True,True,False,False,True,True
none,green,tesseract,0.5347054720004962,2,4,2,8,False,True,False,True,False,True,True,False,False,False,False,False
none,green,tesseract,0.5299262119997366,1,4,3,8,False,False,False,True,True,True,False,True,False,False,False,False
none,green,tesseract,0.5456543430000238,1,4,3,8,True,False,False,False,False,False,True,True,True,False,False,False
none,green,tesseract,0.5276743009999336,4,4,7,8,True,True,True,True,False,True,True,True,True,True,True,True
none,green,tesseract,0.49786198399942805,2,4,5,8,False,True,False,True,False,True,True,True,False,True,False,True
none,green,tesseract,0.40513997600010043,4,4,7,8,True,True,True,True,True,True,True,True,True,True,False,True
none,green,tesseract,0.5787501849999899,0,4,0,8,False,False,False,False,False,False,False,False,False,False,False,False
none,green,easyocr,2.4591405099999974,2,4,5,8,False,True,False,True,False,True,True,True,True,False,False,True
none,green,easyocr,2.344355354000072,4,4,7,8,True,True,True,True,True,True,True,True,True,True,False,True
none,green,easyocr,2.585871457000394,3,4,8,8,True,True,False,True,True,True,True,True,True,True,True,True
none,green,easyocr,2.2430547899994053,2,4,2,8,True,True,False,False,False,False,False,True,False,True,False,False
none,green,easyocr,2.321478955999737,1,4,6,8,False,False,False,True,True,True,True,True,True,True,False,False
none,green,easyocr,2.650043800000276,1,4,2,8,False,False,False,True,False,True,False,False,True,False,False,False
none,green,easyocr,2.488452956999936,2,4,5,8,False,True,False,True,True,True,True,True,False,False,False,True
none,green,easyocr,2.288832197999909,4,4,7,8,True,True,True,True,True,True,True,True,True,True,False,True
none,green,easyocr,2.4873805449997235,2,4,6,8,False,True,False,True,True,True,True,True,False,False,True,True
none,green,easyocr,2.355032745000244,0,4,0,8,False,False,False,False,False,False,False,False,False,False,False,False
none,red,tesseract,0.5145322079997641,1,4,5,8,False,False,False,True,False,True,True,True,True,False,False,True
none,red,tesseract,0.49429184299970075,4,4,6,8,True,True,True,True,False,True,True,True,True,True,False,True
none,red,tesseract,0.49764992599921243,4,4,6,8,True,True,True,True,False,True,True,True,True,True,False,True
none,red,tesseract,0.508923809999942,3,4,6,8,True,True,False,True,False,True,True,True,False,True,True,True
none,red,tesseract,0.5374376640002083,2,4,5,8,False,True,False,True,False,True,True,True,True,False,False,True
none,red,tesseract,0.5765398610001284,1,4,2,8,True,False,False,False,False,False,True,True,False,False,False,False
none,red,tesseract,0.6434642619997248,2,4,7,8,False,True,False,True,False,True,True,True,True,True,True,True
none,red,tesseract,0.5013009780004722,2,4,3,8,False,True,False,True,False,True,True,False,False,False,False,True
none,red,tesseract,0.423762655000246,4,4,7,8,True,True,True,True,True,True,True,True,True,True,False,True
none,red,tesseract,0.5001934209994943,0,4,0,8,False,False,False,False,False,False,False,False,False,False,False,False
none,red,easyocr,2.364192293999622,2,4,6,8,False,True,False,True,False,True,True,True,True,True,False,True
none,red,easyocr,2.2553655679994336,4,4,7,8,True,True,True,True,True,True,True,True,True,True,False,True
none,red,easyocr,2.6032007639996664,2,4,8,8,False,True,False,True,True,True,True,True,True,True,True,True
none,red,easyocr,2.4174545790001503,2,4,3,8,False,True,False,True,False,True,False,True,False,False,False,True
none,red,easyocr,2.4944493100001637,3,4,6,8,True,True,False,True,True,True,True,True,True,False,False,True
none,red,easyocr,2.3225925660008215,0,4,1,8,False,False,False,False,False,False,False,False,True,False,False,False
none,red,easyocr,2.4371360519999143,4,4,6,8,True,True,True,True,False,True,True,True,True,True,False,True
none,red,easyocr,2.291478954000013,4,4,7,8,True,True,True,True,True,True,True,True,True,True,False,True
none,red,easyocr,2.4441960980002477,4,4,8,8,True,True,True,True,True,True,True,True,True,True,True,True
none,red,easyocr,2.209393218000514,0,4,0,8,False,False,False,False,False,False,False,False,False,False,False,False
none,red-green,tesseract,0.5482285959997171,1,4,3,8,False,False,False,True,False,True,True,True,False,False,False,False
none,red-green,tesseract,0.6831294880003043,2,4,5,8,False,True,False,True,False,True,True,True,False,True,False,True
none,red-green,tesseract,0.6570217490007053,4,4,6,8,True,True,True,True,False,True,True,True,True,True,False,True
none,red-green,tesseract,0.4528084450003007,3,4,4,8,True,True,False,True,False,True,True,True,False,False,False,True
none,red-green,tesseract,0.46414108499993745,4,4,6,8,True,True,True,True,False,True,True,True,True,True,False,True
none,red-green,tesseract,0.5427844670002742,0,4,2,8,False,False,False,False,False,False,True,True,False,False,False,False
none,red-green,tesseract,0.9063413760004551,4,4,7,8,True,True,True,True,False,True,True,True,True,True,True,True
none,red-green,tesseract,0.5102022480004962,4,4,6,8,True,True,True,True,False,True,True,True,True,True,False,True
none,red-green,tesseract,0.4136674060000587,4,4,6,8,True,True,True,True,False,True,True,True,True,True,False,True
none,red-green,tesseract,0.5301396449995082,0,4,0,8,False,False,False,False,False,False,False,False,False,False,False,False
none,red-green,easyocr,2.5914752450007654,2,4,4,8,False,True,False,True,False,True,True,True,False,False,False,True
none,red-green,easyocr,2.4992083800007094,2,4,6,8,False,True,False,True,True,True,True,True,False,True,False,True
none,red-green,easyocr,2.617529027999808,2,4,6,8,False,True,False,True,True,True,True,True,False,False,True,True
none,red-green,easyocr,2.290394426999228,4,4,5,8,True,True,True,True,False,True,False,True,True,True,False,True
none,red-green,easyocr,2.330432810000275,1,4,5,8,False,False,False,True,True,True,True,True,True,False,False,False
none,red-green,easyocr,2.7078310039996722,1,4,2,8,False,False,False,True,False,True,False,False,True,False,False,False
none,red-green,easyocr,2.450344407000557,2,4,5,8,False,True,False,True,False,True,True,True,True,False,False,True
none,red-green,easyocr,2.511676295000143,2,4,4,8,False,True,False,True,False,True,True,True,False,False,False,True
none,red-green,easyocr,2.4719790920007654,2,4,6,8,False,True,False,True,True,True,True,True,False,False,True,True
none,red-green,easyocr,2.372664866999912,0,4,0,8,False,False,False,False,False,False,False,False,False,False,False,False
none,green-blue,tesseract,0.4949440920008783,0,4,3,8,False,False,False,False,False,False,True,True,True,False,False,False
none,green-blue,tesseract,0.6642402950001269,4,4,6,8,True,True,True,True,False,True,True,True,True,True,False,True
none,green-blue,tesseract,0.6352249709998432,1,4,6,8,False,False,False,True,False,True,True,True,True,True,True,False
none,green-blue,tesseract,0.5346359029999803,2,4,4,8,False,True,False,True,False,True,True,True,False,False,False,True
none,green-blue,tesseract,0.42330167299951427,4,4,6,8,True,True,True,True,False,True,True,True,True,True,False,True
none,green-blue,tesseract,0.5453980689999298,0,4,2,8,False,False,False,False,False,False,True,True,False,False,False,False
none,green-blue,tesseract,0.7179855419999512,2,4,5,8,False,True,False,True,False,True,True,True,False,False,True,True
none,green-blue,tesseract,0.5007239239994306,0,4,2,8,False,False,False,False,False,False,True,False,False,True,False,False
none,green-blue,tesseract,0.41176881899991713,4,4,8,8,True,True,True,True,True,True,True,True,True,True,True,True
none,green-blue,tesseract,0.4861057050002273,0,4,0,8,False,False,False,False,False,False,False,False,False,False,False,False
none,green-blue,easyocr,2.478604804000497,2,4,6,8,False,True,False,True,False,True,True,True,True,True,False,True
none,green-blue,easyocr,2.2193401720005568,4,4,7,8,True,True,True,True,True,True,True,True,True,True,False,True
none,green-blue,easyocr,2.6236723600004552,3,4,8,8,True,True,False,True,True,True,True,True,True,True,True,True
none,green-blue,easyocr,2.3830692279998402,2,4,6,8,True,False,False,True,False,True,True,True,True,True,False,True
none,green-blue,easyocr,2.3176403819998086,2,4,5,8,True,False,False,True,True,True,True,True,True,False,False,False
none,green-blue,easyocr,2.3886864539999806,0,4,1,8,False,False,False,False,False,False,False,False,True,False,False,False
none,green-blue,easyocr,2.4367925440001272,2,4,4,8,False,True,False,True,False,True,True,True,False,False,False,True
none,green-blue,easyocr,2.3842431329994724,4,4,7,8,True,True,True,True,True,True,True,True,True,True,False,True
none,green-blue,easyocr,2.4089104969998516,4,4,8,8,True,True,True,True,True,True,True,True,True,True,True,True
none,green-blue,easyocr,2.297847888999968,0,4,0,8,False,False,False,False,False,False,False,False,False,False,False,False
none,red-blue,tesseract,0.5668271179993098,1,4,2,8,False,False,False,True,False,True,False,True,False,False,False,False
none,red-blue,tesseract,0.45846538099976897,2,4,5,8,False,True,False,True,False,True,True,True,False,True,False,True
none,red-blue,tesseract,0.6365858689996458,3,4,5,8,True,True,True,False,False,False,True,True,True,True,False,True
none,red-blue,tesseract,0.5154181669995523,2,4,4,8,True,True,False,False,False,False,True,True,False,True,False,True
none,red-blue,tesseract,0.47563336300027004,4,4,6,8,True,True,True,True,False,True,True,True,True,True,False,True
none,red-blue,tesseract,0.5685618429997703,0,4,3,8,False,False,False,False,False,False,True,True,True,False,False,False
none,red-blue,tesseract,0.7362669120002465,4,4,7,8,True,True,True,True,False,True,True,True,True,True,True,True
none,red-blue,tesseract,0.487087762999181,1,4,4,8,False,False,False,True,False,True,True,True,False,True,False,False
none,red-blue,tesseract,0.41367846299999655,2,4,7,8,False,True,False,True,True,True,True,True,True,True,False,True
none,red-blue,tesseract,0.45497396500013565,0,4,0,8,False,False,False,False,False,False,False,False,False,False,False,False
none,red-blue,easyocr,2.6062388560003455,2,4,4,8,False,True,False,True,False,True,True,True,False,False,False,True
none,red-blue,easyocr,2.4669024869999703,4,4,6,8,True,True,True,True,True,True,False,True,True,True,False,True
none,red-blue,easyocr,2.6089948959997855,2,4,6,8,False,True,False,True,True,True,True,True,False,False,True,True
none,red-blue,easyocr,2.388951463999547,2,4,2,8,False,True,False,True,False,True,False,True,False,False,False,False
none,red-blue,easyocr,2.3050001730007352,2,4,5,8,True,False,False,True,True,True,True,True,True,False,False,False
none,red-blue,easyocr,2.6368530449999525,1,4,2,8,False,False,False,True,False,True,False,False,True,False,False,False
none,red-blue,easyocr,2.446801074999712,2,4,4,8,False,True,False,True,False,True,True,True,False,False,False,True
none,red-blue,easyocr,2.522403893000046,2,4,5,8,False,True,False,True,True,True,True,True,False,False,False,True
none,red-blue,easyocr,2.436866041999565,2,4,6,8,False,True,False,True,True,True,True,True,False,False,True,True
none,red-blue,easyocr,2.2685018620004485,0,4,0,8,False,False,False,False,False,False,False,False,False,False,False,False
none,grayscale,tesseract,0.5119562489999225,1,4,3,8,False,False,False,True,False,True,True,True,False,False,False,False
none,grayscale,tesseract,0.7258311460000186,4,4,6,8,True,True,True,True,False,True,True,True,True,True,False,True
none,grayscale,tesseract,0.6473492249997435,4,4,6,8,True,True,True,True,False,True,True,True,True,True,False,True
none,grayscale,tesseract,0.46846106900011364,2,4,4,8,False,True,False,True,False,True,True,True,False,False,False,True
none,grayscale,tesseract,0.44765098600055353,4,4,6,8,True,True,True,True,False,True,True,True,True,True,False,True
none,grayscale,tesseract,0.5103734780004743,0,4,2,8,False,False,False,False,False,False,True,True,False,False,False,False
none,grayscale,tesseract,0.8874862059992665,4,4,7,8,True,True,True,True,False,True,True,True,True,True,True,True
none,grayscale,tesseract,0.5178568659994198,4,4,6,8,True,True,True,True,False,True,True,True,True,True,False,True
none,grayscale,tesseract,0.42418399899997894,2,4,5,8,False,True,False,True,True,True,True,True,False,False,False,True
none,grayscale,tesseract,0.49843243499981327,0,4,0,8,False,False,False,False,False,False,False,False,False,False,False,False
none,grayscale,easyocr,2.54512331099977,2,4,4,8,False,True,False,True,False,True,True,True,False,False,False,True
none,grayscale,easyocr,2.4421898470000087,2,4,7,8,True,False,False,True,True,True,True,True,True,True,False,True
none,grayscale,easyocr,2.591221186000439,2,4,6,8,False,True,False,True,True,True,True,True,False,False,True,True
none,grayscale,easyocr,2.321451543999501,4,4,6,8,True,True,True,True,False,True,True,True,True,True,False,True
none,grayscale,easyocr,2.297104242000387,1,4,6,8,False,False,False,True,True,True,True,True,True,True,False,False
none,grayscale,easyocr,2.857905527999719,1,4,2,8,False,False,False,True,False,True,False,False,True,False,False,False
none,grayscale,easyocr,2.435167628000272,2,4,5,8,False,True,False,True,True,True,True,True,False,False,False,True
none,grayscale,easyocr,2.4991997759998412,2,4,4,8,False,True,False,True,False,True,True,True,False,False,False,True
none,grayscale,easyocr,2.473194846000297,2,4,6,8,False,True,False,True,True,True,True,True,False,False,True,True
none,grayscale,easyocr,2.3332178760001625,0,4,0,8,False,False,False,False,False,False,False,False,False,False,False,False
+.25 contrast,none,tesseract,0.6162965370003803,2,4,5,8,True,False,False,True,False,True,True,True,True,True,False,False
+.25 contrast,none,tesseract,0.8286072620003324,4,4,6,8,True,True,True,True,False,True,True,True,True,True,False,True
+.25 contrast,none,tesseract,0.5865818970005421,2,4,7,8,False,True,False,True,False,True,True,True,True,True,True,True
+.25 contrast,none,tesseract,0.4911929539994162,3,4,4,8,True,True,False,True,False,True,True,True,False,False,False,True
+.25 contrast,none,tesseract,0.49471351000011055,4,4,7,8,True,True,True,True,True,True,True,True,True,True,False,True
+.25 contrast,none,tesseract,0.7232762510002431,0,4,2,8,False,False,False,False,False,False,True,True,False,False,False,False
+.25 contrast,none,tesseract,0.6411333699998067,2,4,4,8,False,True,False,True,False,True,True,True,False,False,False,True
+.25 contrast,none,tesseract,0.51440168299996,2,4,5,8,False,True,False,True,False,True,True,False,True,True,False,True
+.25 contrast,none,tesseract,0.4338919600004374,4,4,8,8,True,True,True,True,True,True,True,True,True,True,True,True
+.25 contrast,none,tesseract,0.5253688460006742,0,4,0,8,False,False,False,False,False,False,False,False,False,False,False,False
+.25 contrast,none,easyocr,2.5462847870003316,2,4,6,8,False,True,False,True,False,True,True,True,True,True,False,True
+.25 contrast,none,easyocr,2.3618644199996197,4,4,7,8,True,True,True,True,True,True,False,True,True,True,True,True
+.25 contrast,none,easyocr,2.5803285620004317,2,4,7,8,False,True,False,True,True,True,True,True,True,True,False,True
+.25 contrast,none,easyocr,2.232581608000146,4,4,5,8,True,True,True,True,False,True,False,True,True,True,False,True
+.25 contrast,none,easyocr,2.2124180159999014,2,4,5,8,False,True,False,True,True,True,False,True,True,False,False,True
+.25 contrast,none,easyocr,2.6495123619997685,1,4,2,8,False,False,False,True,False,True,False,False,True,False,False,False
+.25 contrast,none,easyocr,2.4113696049998907,2,4,4,8,False,True,False,True,False,True,True,True,False,False,False,True
+.25 contrast,none,easyocr,2.4841829540000617,4,4,6,8,True,True,True,True,False,True,True,True,True,True,False,True
+.25 contrast,none,easyocr,2.4143204570000307,4,4,7,8,True,True,True,True,True,True,True,True,True,True,False,True
+.25 contrast,none,easyocr,2.42890827500014,0,4,0,8,False,False,False,False,False,False,False,False,False,False,False,False
+.25 contrast,blue,tesseract,0.5562135840000337,1,4,3,8,False,False,False,True,False,True,True,True,False,False,False,False
+.25 contrast,blue,tesseract,0.5770927180001308,4,4,6,8,True,True,True,True,False,True,True,True,True,True,False,True
+.25 contrast,blue,tesseract,0.702644942999541,1,4,7,8,False,False,False,True,False,True,True,True,True,True,True,True
+.25 contrast,blue,tesseract,0.4495409680002922,3,4,4,8,True,True,False,True,False,True,True,True,False,False,False,True
+.25 contrast,blue,tesseract,0.5009050680000655,2,4,4,8,True,False,False,True,False,True,False,True,True,True,False,False
+.25 contrast,blue,tesseract,0.6427119139998467,2,4,3,8,True,False,False,True,False,True,True,True,False,False,False,False
+.25 contrast,blue,tesseract,0.6970750479995331,2,4,5,8,False,True,False,True,False,True,False,True,False,True,True,True
+.25 contrast,blue,tesseract,0.45602929100004985,2,4,5,8,False,True,False,True,False,True,True,True,False,True,False,True
+.25 contrast,blue,tesseract,0.508243589999438,3,4,7,8,True,True,True,False,True,False,True,True,True,True,True,True
+.25 contrast,blue,tesseract,0.4937824829994497,0,4,0,8,False,False,False,False,False,False,False,False,False,False,False,False
+.25 contrast,blue,easyocr,2.6191844560007667,2,4,3,8,False,True,False,True,False,True,True,True,False,False,False,False
+.25 contrast,blue,easyocr,2.307202490000236,4,4,7,8,True,True,True,True,True,True,True,True,True,True,False,True
+.25 contrast,blue,easyocr,2.64910877300008,2,4,6,8,False,True,False,True,True,True,True,True,False,False,True,True
+.25 contrast,blue,easyocr,2.183323627000391,4,4,5,8,True,True,True,True,False,True,False,True,True,True,False,True
+.25 contrast,blue,easyocr,2.2051207009999416,2,4,5,8,False,True,False,True,True,True,False,True,True,False,False,True
+.25 contrast,blue,easyocr,2.6551040129998,1,4,3,8,False,False,False,True,False,True,False,False,True,True,False,False
+.25 contrast,blue,easyocr,2.5013628369997605,4,4,6,8,True,True,True,True,False,True,True,True,True,True,False,True
+.25 contrast,blue,easyocr,2.537036970000372,4,4,6,8,True,True,True,True,True,True,False,True,True,True,False,True
+.25 contrast,blue,easyocr,2.451314593000461,2,4,6,8,False,True,False,True,True,True,True,True,False,False,True,True
+.25 contrast,blue,easyocr,2.350364102999265,0,4,0,8,False,False,False,False,False,False,False,False,False,False,False,False
+.25 contrast,green,tesseract,0.4900268370001868,2,4,4,8,True,False,False,True,False,True,True,True,True,False,False,False
+.25 contrast,green,tesseract,0.5725280850001582,1,4,2,8,False,True,False,False,False,False,False,False,True,False,False,True
+.25 contrast,green,tesseract,0.636372967999705,4,4,6,8,True,True,True,True,False,True,True,True,True,True,False,True
+.25 contrast,green,tesseract,0.46276047300034406,3,4,4,8,True,True,False,True,False,True,True,True,False,False,False,True
+.25 contrast,green,tesseract,0.4992849899999783,0,4,0,8,False,False,False,False,False,False,False,False,False,False,False,False
+.25 contrast,green,tesseract,0.5879401840002174,0,4,2,8,False,False,False,False,False,False,True,True,False,False,False,False
+.25 contrast,green,tesseract,0.5652211809992878,4,4,7,8,True,True,True,True,False,True,True,True,True,True,True,True
+.25 contrast,green,tesseract,0.4373291390002123,2,4,5,8,False,True,False,True,False,True,True,False,True,True,False,True
+.25 contrast,green,tesseract,0.37134739700013597,0,4,2,8,False,False,False,False,True,False,False,False,False,True,False,False
+.25 contrast,green,tesseract,0.4974861009995948,0,4,0,8,False,False,False,False,False,False,False,False,False,False,False,False
+.25 contrast,green,easyocr,2.3030328570002894,2,4,6,8,False,True,False,True,False,True,True,True,True,True,False,True
+.25 contrast,green,easyocr,2.2053786590004165,2,4,6,8,False,True,False,True,True,True,False,True,True,False,True,True
+.25 contrast,green,easyocr,2.276200531999166,2,4,7,8,False,True,False,True,True,True,True,True,True,True,False,True
+.25 contrast,green,easyocr,2.237379628000781,4,4,5,8,True,True,True,True,False,True,False,True,True,True,False,True
+.25 contrast,green,easyocr,2.1656678239996836,2,4,4,8,False,True,False,True,True,True,False,True,False,False,False,True
+.25 contrast,green,easyocr,2.4501717859993732,0,4,0,8,False,False,False,False,False,False,False,False,False,False,False,False
+.25 contrast,green,easyocr,2.406417111000337,2,4,4,8,False,True,False,True,False,True,True,True,False,False,False,True
+.25 contrast,green,easyocr,2.2966618179998477,4,4,6,8,True,True,True,True,False,True,True,True,True,True,False,True
+.25 contrast,green,easyocr,2.1208945890002724,2,4,7,8,False,True,False,True,True,True,True,True,False,True,True,True
+.25 contrast,green,easyocr,2.3484747419997802,0,4,0,8,False,False,False,False,False,False,False,False,False,False,False,False
+.25 contrast,red,tesseract,0.4732407510000485,1,4,5,8,False,False,False,True,False,True,True,True,True,True,False,False
+.25 contrast,red,tesseract,0.5196683049998683,4,4,6,8,True,True,True,True,False,True,True,True,True,True,False,True
+.25 contrast,red,tesseract,0.5172847730000285,2,4,6,8,False,True,False,True,False,True,True,True,True,True,False,True
+.25 contrast,red,tesseract,0.434589294000034,4,4,6,8,True,True,True,True,False,True,True,True,True,True,False,True
+.25 contrast,red,tesseract,0.47300745700067637,4,4,7,8,True,True,True,True,True,True,True,True,True,True,False,True
+.25 contrast,red,tesseract,0.6034551000002466,1,4,2,8,True,False,False,False,False,False,True,True,False,False,False,False
+.25 contrast,red,tesseract,0.6858346600001823,4,4,7,8,True,True,True,True,False,True,True,True,True,True,True,True
+.25 contrast,red,tesseract,0.41023520099952293,2,4,5,8,False,True,False,True,False,True,True,False,True,True,False,True
+.25 contrast,red,tesseract,0.4349152730001151,4,4,8,8,True,True,True,True,True,True,True,True,True,True,True,True
+.25 contrast,red,tesseract,0.5016932689995883,0,4,0,8,False,False,False,False,False,False,False,False,False,False,False,False
+.25 contrast,red,easyocr,2.310246433999964,2,4,5,8,False,True,False,True,False,True,True,True,True,True,False,False
+.25 contrast,red,easyocr,2.254729328999929,2,4,6,8,False,True,False,True,True,True,False,True,True,False,True,True
+.25 contrast,red,easyocr,2.2678265929998815,2,4,7,8,False,True,False,True,True,True,True,True,True,True,False,True
+.25 contrast,red,easyocr,2.249924139000541,4,4,6,8,True,True,True,True,False,True,True,True,True,True,False,True
+.25 contrast,red,easyocr,2.2682260580004368,4,4,6,8,True,True,True,True,True,True,False,True,True,True,False,True
+.25 contrast,red,easyocr,2.3331571049993727,0,4,0,8,False,False,False,False,False,False,False,False,False,False,False,False
+.25 contrast,red,easyocr,2.1660909479996917,4,4,7,8,True,True,True,True,True,True,True,True,True,True,False,True
+.25 contrast,red,easyocr,2.323037352999563,4,4,6,8,True,True,True,True,False,True,True,True,True,True,False,True
+.25 contrast,red,easyocr,2.296807326999442,2,4,7,8,False,True,False,True,True,True,True,True,False,True,True,True
+.25 contrast,red,easyocr,2.2240213129998665,0,4,0,8,False,False,False,False,False,False,False,False,False,False,False,False
+.25 contrast,red-green,tesseract,0.499009938999734,1,4,4,8,False,False,False,True,False,True,True,True,False,False,False,True
+.25 contrast,red-green,tesseract,0.7454471860000922,4,4,7,8,True,True,True,True,False,True,True,True,True,True,True,True
+.25 contrast,red-green,tesseract,0.6847630110005412,1,4,7,8,False,False,False,True,False,True,True,True,True,True,True,True
+.25 contrast,red-green,tesseract,0.39601630800007115,3,4,5,8,True,True,False,True,False,True,True,True,False,True,False,True
+.25 contrast,red-green,tesseract,0.505260449999696,1,4,2,8,False,False,False,True,False,True,False,True,False,False,False,False
+.25 contrast,red-green,tesseract,0.5439911390003545,0,4,2,8,False,False,False,False,False,False,True,True,False,False,False,False
+.25 contrast,red-green,tesseract,0.7089930499996626,4,4,7,8,True,True,True,True,False,True,True,True,True,True,True,True
+.25 contrast,red-green,tesseract,0.4521445970003697,3,4,6,8,True,True,False,True,False,True,True,True,True,True,False,True
+.25 contrast,red-green,tesseract,0.403445257000385,4,4,7,8,True,True,True,True,True,True,True,True,True,True,False,True
+.25 contrast,red-green,tesseract,0.5085322380000434,0,4,0,8,False,False,False,False,False,False,False,False,False,False,False,False
+.25 contrast,red-green,easyocr,2.588795171000129,2,4,4,8,False,True,False,True,False,True,True,True,False,True,False,False
+.25 contrast,red-green,easyocr,2.2745761590003895,2,4,6,8,False,True,False,True,True,True,True,True,False,False,True,True
+.25 contrast,red-green,easyocr,2.6064700490005634,2,4,6,8,False,True,False,True,True,True,True,True,False,False,True,True
+.25 contrast,red-green,easyocr,2.2129811579998204,4,4,6,8,True,True,True,True,False,True,True,True,True,True,False,True
+.25 contrast,red-green,easyocr,2.1259640680000302,2,4,4,8,False,True,False,True,True,True,False,True,False,False,False,True
+.25 contrast,red-green,easyocr,2.572275016000276,1,4,2,8,False,False,False,True,False,True,False,False,True,False,False,False
+.25 contrast,red-green,easyocr,2.498232109000128,2,4,4,8,False,True,False,True,False,True,True,True,False,False,False,True
+.25 contrast,red-green,easyocr,2.463316780000241,4,4,7,8,True,True,True,True,True,True,True,True,True,True,False,True
+.25 contrast,red-green,easyocr,2.4319727120000607,2,4,6,8,False,True,False,True,True,True,True,True,False,False,True,True
+.25 contrast,red-green,easyocr,2.3312793720006084,0,4,0,8,False,False,False,False,False,False,False,False,False,False,False,False
+.25 contrast,green-blue,tesseract,0.46276998200028174,2,4,4,8,True,False,False,True,False,True,True,True,True,False,False,False
+.25 contrast,green-blue,tesseract,0.6951833819994135,4,4,7,8,True,True,True,True,False,True,True,True,True,True,True,True
+.25 contrast,green-blue,tesseract,0.5664732739996907,4,4,6,8,True,True,True,True,False,True,True,True,True,True,False,True
+.25 contrast,green-blue,tesseract,0.43405085500035057,4,4,6,8,True,True,True,True,False,True,True,True,True,True,False,True
+.25 contrast,green-blue,tesseract,0.4749955460001729,4,4,6,8,True,True,True,True,False,True,True,True,True,True,False,True
+.25 contrast,green-blue,tesseract,0.5023188499999378,0,4,2,8,False,False,False,False,False,False,True,True,False,False,False,False
+.25 contrast,green-blue,tesseract,0.703809299000568,2,4,7,8,False,True,False,True,False,True,True,True,True,True,True,True
+.25 contrast,green-blue,tesseract,0.4232421490005436,2,4,5,8,False,True,False,True,False,True,True,False,True,True,False,True
+.25 contrast,green-blue,tesseract,0.4020074399995792,4,4,7,8,True,True,True,True,True,True,True,True,True,True,False,True
+.25 contrast,green-blue,tesseract,0.4769235720004872,0,4,0,8,False,False,False,False,False,False,False,False,False,False,False,False
+.25 contrast,green-blue,easyocr,2.2809869679995245,2,4,6,8,False,True,False,True,False,True,True,True,True,True,False,True
+.25 contrast,green-blue,easyocr,2.2044622109997363,2,4,6,8,False,True,False,True,True,True,False,True,True,False,True,True
+.25 contrast,green-blue,easyocr,2.2794158270007756,2,4,7,8,False,True,False,True,True,True,True,True,True,True,False,True
+.25 contrast,green-blue,easyocr,2.233731827000156,4,4,6,8,True,True,True,True,False,True,True,True,True,True,False,True
+.25 contrast,green-blue,easyocr,2.2767687539999315,4,4,6,8,True,True,True,True,True,True,False,True,True,True,False,True
+.25 contrast,green-blue,easyocr,2.41047976200025,0,4,0,8,False,False,False,False,False,False,False,False,False,False,False,False
+.25 contrast,green-blue,easyocr,2.4519595259998823,4,4,7,8,True,True,True,True,True,True,True,True,True,True,False,True
+.25 contrast,green-blue,easyocr,2.259955316999367,4,4,6,8,True,True,True,True,False,True,True,True,True,True,False,True
+.25 contrast,green-blue,easyocr,2.172664056999565,2,4,7,8,False,True,False,True,True,True,True,True,False,True,True,True
+.25 contrast,green-blue,easyocr,2.2627049109996733,0,4,0,8,False,False,False,False,False,False,False,False,False,False,False,False
+.25 contrast,red-blue,tesseract,0.5040174199993999,1,4,4,8,False,False,False,True,False,True,True,True,False,False,False,True
+.25 contrast,red-blue,tesseract,0.447521649999544,4,4,6,8,True,True,True,True,False,True,True,True,True,True,False,True
+.25 contrast,red-blue,tesseract,0.701225706000514,2,4,6,8,False,True,False,True,False,True,True,True,True,True,False,True
+.25 contrast,red-blue,tesseract,0.41993672700027673,3,4,4,8,True,True,False,True,False,True,True,True,False,False,False,True
+.25 contrast,red-blue,tesseract,0.4258908640003938,4,4,6,8,True,True,True,True,False,True,True,True,True,True,False,True
+.25 contrast,red-blue,tesseract,0.5472966059996907,0,4,3,8,False,False,False,False,False,False,True,True,True,False,False,False
+.25 contrast,red-blue,tesseract,0.7029306449994692,4,4,7,8,True,True,True,True,False,True,True,True,True,True,True,True
+.25 contrast,red-blue,tesseract,0.45161904100041284,2,4,5,8,False,True,False,True,False,True,True,False,True,True,False,True
+.25 contrast,red-blue,tesseract,0.4388720919996558,4,4,8,8,True,True,True,True,True,True,True,True,True,True,True,True
+.25 contrast,red-blue,tesseract,0.48171279599955596,0,4,0,8,False,False,False,False,False,False,False,False,False,False,False,False
+.25 contrast,red-blue,easyocr,2.5838593560001755,2,4,5,8,False,True,False,True,False,True,True,True,False,True,False,True
+.25 contrast,red-blue,easyocr,2.2674828170002,4,4,8,8,True,True,True,True,True,True,True,True,True,True,True,True
+.25 contrast,red-blue,easyocr,2.6237237109999114,4,4,7,8,True,True,True,True,True,True,True,True,True,True,False,True
+.25 contrast,red-blue,easyocr,2.2153425469996364,4,4,5,8,True,True,True,True,False,True,False,True,True,True,False,True
+.25 contrast,red-blue,easyocr,2.2606067289998464,4,4,6,8,True,True,True,True,True,True,False,True,True,True,False,True
+.25 contrast,red-blue,easyocr,2.648961899999449,1,4,2,8,False,False,False,True,False,True,False,False,True,False,False,False
+.25 contrast,red-blue,easyocr,2.3992305319998195,4,4,6,8,True,True,True,True,False,True,True,True,True,True,False,True
+.25 contrast,red-blue,easyocr,2.476150420000522,4,4,6,8,True,True,True,True,False,True,True,True,True,True,False,True
+.25 contrast,red-blue,easyocr,2.45654867400026,2,4,6,8,False,True,False,True,True,True,True,True,False,False,True,True
+.25 contrast,red-blue,easyocr,2.259974863000025,0,4,0,8,False,False,False,False,False,False,False,False,False,False,False,False
+.25 contrast,grayscale,tesseract,0.501808052999877,1,4,4,8,False,False,False,True,False,True,True,True,True,False,False,False
+.25 contrast,grayscale,tesseract,0.7270456690002902,2,4,7,8,True,False,False,True,False,True,True,True,True,True,True,True
+.25 contrast,grayscale,tesseract,0.6229845460002252,2,4,6,8,False,True,False,True,False,True,True,True,True,True,False,True
+.25 contrast,grayscale,tesseract,0.42534426000020176,3,4,5,8,True,True,False,True,False,True,True,True,False,True,False,True
+.25 contrast,grayscale,tesseract,0.5221142020000116,1,4,3,8,False,False,False,True,False,True,False,True,False,False,False,True
+.25 contrast,grayscale,tesseract,0.5111924590000854,0,4,2,8,False,False,False,False,False,False,True,True,False,False,False,False
+.25 contrast,grayscale,tesseract,0.7471860379991995,2,4,5,8,False,True,False,True,False,True,True,True,False,False,True,True
+.25 contrast,grayscale,tesseract,0.4370862310006487,2,4,5,8,False,True,False,True,False,True,True,False,True,True,False,True
+.25 contrast,grayscale,tesseract,0.4278155039992271,4,4,7,8,True,True,True,True,True,True,True,True,True,True,False,True
+.25 contrast,grayscale,tesseract,0.48635983700023644,0,4,0,8,False,False,False,False,False,False,False,False,False,False,False,False
+.25 contrast,grayscale,easyocr,2.564026052000372,4,4,6,8,True,True,True,True,False,True,True,True,True,True,False,True
+.25 contrast,grayscale,easyocr,2.2654013620003752,4,4,8,8,True,True,True,True,True,True,True,True,True,True,True,True
+.25 contrast,grayscale,easyocr,2.5937466479999784,2,4,8,8,False,True,False,True,True,True,True,True,True,True,True,True
+.25 contrast,grayscale,easyocr,2.2100329040004,3,4,5,8,True,True,True,False,False,False,True,True,True,True,False,True
+.25 contrast,grayscale,easyocr,2.16351020699949,2,4,4,8,False,True,False,True,True,True,False,True,False,False,False,True
+.25 contrast,grayscale,easyocr,2.6793022259998907,1,4,2,8,False,False,False,True,False,True,False,False,True,False,False,False
+.25 contrast,grayscale,easyocr,2.4580492079994656,2,4,4,8,False,True,False,True,False,True,True,True,False,False,False,True
+.25 contrast,grayscale,easyocr,2.4669629350000832,4,4,6,8,True,True,True,True,False,True,True,True,True,True,False,True
+.25 contrast,grayscale,easyocr,2.4094361710003795,4,4,8,8,True,True,True,True,True,True,True,True,True,True,True,True
+.25 contrast,grayscale,easyocr,2.3126072689992725,0,4,0,8,False,False,False,False,False,False,False,False,False,False,False,False
+.50 contrast,none,tesseract,0.5674329719995512,2,4,3,8,True,False,False,True,False,True,True,True,False,False,False,False
+.50 contrast,none,tesseract,0.7439224710005874,4,4,6,8,True,True,True,True,False,True,True,True,True,True,False,True
+.50 contrast,none,tesseract,0.5801318720004929,1,4,7,8,False,False,False,True,False,True,True,True,True,True,True,True
+.50 contrast,none,tesseract,0.5275609880000047,2,4,3,8,False,True,False,True,False,True,False,False,True,False,False,True
+.50 contrast,none,tesseract,0.48570806900079333,4,4,6,8,True,True,True,True,False,True,True,True,True,True,False,True
+.50 contrast,none,tesseract,0.5505117709999467,1,4,3,8,True,False,False,False,False,False,True,True,True,False,False,False
+.50 contrast,none,tesseract,0.4865312920001088,4,4,7,8,True,True,True,True,False,True,True,True,True,True,True,True
+.50 contrast,none,tesseract,0.49149760699947365,2,4,4,8,False,True,False,True,False,True,False,False,True,True,False,True
+.50 contrast,none,tesseract,0.43441410299965355,4,4,8,8,True,True,True,True,True,True,True,True,True,True,True,True
+.50 contrast,none,tesseract,0.4819930919993567,0,4,0,8,False,False,False,False,False,False,False,False,False,False,False,False
+.50 contrast,none,easyocr,2.4458829280001737,2,4,5,8,False,True,False,True,False,True,False,True,True,True,False,True
+.50 contrast,none,easyocr,2.255211782000515,2,4,3,8,False,True,False,True,False,True,False,True,True,False,False,False
+.50 contrast,none,easyocr,2.6061909879999803,4,4,6,8,True,True,True,True,True,True,True,True,True,True,False,False
+.50 contrast,none,easyocr,2.184523861999878,2,4,2,8,True,True,False,False,False,False,False,False,True,True,False,False
+.50 contrast,none,easyocr,2.244315720000486,1,4,4,8,False,False,False,True,True,True,False,True,True,False,False,False
+.50 contrast,none,easyocr,2.625544357999388,0,4,1,8,False,False,False,False,False,False,False,False,True,False,False,False
+.50 contrast,none,easyocr,2.492428036000092,4,4,6,8,True,True,True,True,True,True,False,True,True,True,False,True
+.50 contrast,none,easyocr,2.2921223530001953,4,4,5,8,True,True,True,True,False,True,False,True,True,True,False,True
+.50 contrast,none,easyocr,2.238118614999621,2,4,6,8,False,True,False,True,True,True,False,True,False,True,True,True
+.50 contrast,none,easyocr,2.1966976769999746,0,4,0,8,False,False,False,False,False,False,False,False,False,False,False,False
+.50 contrast,blue,tesseract,0.4330667659996834,2,4,5,8,True,False,False,True,False,True,True,True,True,True,False,False
+.50 contrast,blue,tesseract,0.5449834499995632,4,4,6,8,True,True,True,True,False,True,True,True,True,True,False,True
+.50 contrast,blue,tesseract,0.6696582950007723,1,4,6,8,False,False,False,True,False,True,True,True,True,True,False,True
+.50 contrast,blue,tesseract,0.44222594300026685,3,4,3,8,True,True,False,True,False,True,False,False,True,False,False,True
+.50 contrast,blue,tesseract,0.5057612260006863,1,4,2,8,False,False,False,True,False,True,False,True,False,False,False,False
+.50 contrast,blue,tesseract,0.6230777950004267,2,4,4,8,True,False,False,True,False,True,True,True,True,False,False,False
+.50 contrast,blue,tesseract,0.7545591090001835,0,4,2,8,False,False,False,False,False,False,False,True,True,False,False,False
+.50 contrast,blue,tesseract,0.4575391769994894,1,4,2,8,False,False,False,True,False,True,False,True,False,False,False,False
+.50 contrast,blue,tesseract,0.4234756239993658,4,4,8,8,True,True,True,True,True,True,True,True,True,True,True,True
+.50 contrast,blue,tesseract,0.5053436220005096,0,4,0,8,False,False,False,False,False,False,False,False,False,False,False,False
+.50 contrast,blue,easyocr,2.399908269999287,2,4,4,8,False,True,False,True,False,True,False,True,True,True,False,False
+.50 contrast,blue,easyocr,2.238697067999965,1,4,3,8,False,False,False,True,False,True,False,True,True,False,False,False
+.50 contrast,blue,easyocr,2.565427290000116,4,4,7,8,True,True,True,True,True,True,True,True,True,True,False,True
+.50 contrast,blue,easyocr,2.148249133000718,2,4,3,8,True,True,False,False,False,False,False,False,True,True,False,True
+.50 contrast,blue,easyocr,2.256959929999539,1,4,4,8,False,False,False,True,True,True,False,True,True,False,False,False
+.50 contrast,blue,easyocr,2.6354448040001444,1,4,2,8,False,False,False,True,False,True,False,False,True,False,False,False
+.50 contrast,blue,easyocr,2.2031544720002785,4,4,7,8,True,True,True,True,True,True,True,True,True,True,False,True
+.50 contrast,blue,easyocr,2.288228663999689,4,4,6,8,True,True,True,True,False,True,True,True,True,True,False,True
+.50 contrast,blue,easyocr,2.2282078669995826,2,4,6,8,False,True,False,True,True,True,False,True,False,True,True,True
+.50 contrast,blue,easyocr,2.222815002000061,0,4,0,8,False,False,False,False,False,False,False,False,False,False,False,False
+.50 contrast,green,tesseract,0.48149442199974146,0,4,2,8,False,False,False,False,False,False,False,True,True,False,False,False
+.50 contrast,green,tesseract,0.5523089990001608,2,4,4,8,True,False,False,True,False,True,False,True,True,True,False,False
+.50 contrast,green,tesseract,0.6027769729998909,1,4,7,8,False,False,False,True,True,True,True,True,True,True,False,True
+.50 contrast,green,tesseract,0.4551177480007027,2,4,4,8,True,True,False,False,False,False,True,False,True,True,False,True
+.50 contrast,green,tesseract,0.39737933300057193,1,4,1,8,False,False,False,True,False,True,False,False,False,False,False,False
+.50 contrast,green,tesseract,0.5170983670004716,0,4,2,8,False,False,False,False,False,False,True,True,False,False,False,False
+.50 contrast,green,tesseract,0.4735233769997649,4,4,7,8,True,True,True,True,False,True,True,True,True,True,True,True
+.50 contrast,green,tesseract,0.46677610099959566,2,4,4,8,False,True,False,True,False,True,False,True,True,False,False,True
+.50 contrast,green,tesseract,0.4048890109997956,1,4,3,8,False,True,False,False,False,False,False,True,False,True,False,True
+.50 contrast,green,tesseract,0.47915992200069013,0,4,0,8,False,False,False,False,False,False,False,False,False,False,False,False
+.50 contrast,green,easyocr,2.229181284000333,2,4,5,8,False,True,False,True,False,True,False,True,True,True,False,True
+.50 contrast,green,easyocr,2.2046498979998432,1,4,3,8,False,False,False,True,False,True,False,True,True,False,False,False
+.50 contrast,green,easyocr,2.285256964999462,2,4,7,8,False,True,False,True,True,True,True,True,True,True,False,True
+.50 contrast,green,easyocr,2.207457090999924,3,4,3,8,True,True,True,False,False,False,False,True,True,True,False,False
+.50 contrast,green,easyocr,2.2373330710006485,1,4,4,8,False,False,False,True,True,True,False,True,True,False,False,False
+.50 contrast,green,easyocr,2.532285058000525,1,4,2,8,False,False,False,True,False,True,False,False,True,False,False,False
+.50 contrast,green,easyocr,2.3869243740000456,4,4,7,8,True,True,True,True,True,True,True,True,True,True,False,True
+.50 contrast,green,easyocr,2.30108652600029,4,4,5,8,True,True,True,True,False,True,False,True,True,True,False,True
+.50 contrast,green,easyocr,2.1252979579994644,2,4,6,8,False,True,False,True,True,True,False,True,False,True,True,True
+.50 contrast,green,easyocr,2.1920946019999974,0,4,0,8,False,False,False,False,False,False,False,False,False,False,False,False
+.50 contrast,red,tesseract,0.4840790710004512,2,4,4,8,True,False,False,True,False,True,True,True,True,False,False,False
+.50 contrast,red,tesseract,0.5904315379993932,4,4,5,8,True,True,True,True,False,True,False,True,True,True,False,True
+.50 contrast,red,tesseract,0.5723345819997121,1,4,7,8,False,False,False,True,False,True,True,True,True,True,True,True
+.50 contrast,red,tesseract,0.44998793399918213,3,4,3,8,True,True,False,True,False,True,False,False,True,False,False,True
+.50 contrast,red,tesseract,0.4715957319995141,4,4,6,8,True,True,True,True,False,True,True,True,True,True,False,True
+.50 contrast,red,tesseract,0.4669226300002265,0,4,2,8,False,False,False,False,False,False,True,True,False,False,False,False
+.50 contrast,red,tesseract,0.6321417179997297,3,4,6,8,True,True,False,True,False,True,True,True,True,False,True,True
+.50 contrast,red,tesseract,0.4483299889998307,4,4,5,8,True,True,True,True,False,True,False,True,True,True,False,True
+.50 contrast,red,tesseract,0.39238718900014646,4,4,6,8,True,True,True,True,False,True,True,True,True,True,False,True
+.50 contrast,red,tesseract,0.4458493060001274,0,4,0,8,False,False,False,False,False,False,False,False,False,False,False,False
+.50 contrast,red,easyocr,2.3037528380000367,2,4,5,8,False,True,False,True,False,True,False,True,True,True,False,True
+.50 contrast,red,easyocr,2.217071783999927,2,4,4,8,False,True,False,True,False,True,False,True,True,False,False,True
+.50 contrast,red,easyocr,2.32373876299971,2,4,5,8,False,True,False,True,False,True,True,True,True,True,False,False
+.50 contrast,red,easyocr,2.1785912989998906,2,4,2,8,True,True,False,False,False,False,False,False,True,True,False,False
+.50 contrast,red,easyocr,2.2652142890001414,1,4,4,8,False,False,False,True,True,True,False,True,True,False,False,False
+.50 contrast,red,easyocr,2.3062159239998437,0,4,0,8,False,False,False,False,False,False,False,False,False,False,False,False
+.50 contrast,red,easyocr,2.1966037289994347,3,4,6,8,True,True,False,True,True,True,True,True,False,True,False,True
+.50 contrast,red,easyocr,2.2363160419999986,4,4,5,8,True,True,True,True,False,True,False,True,True,True,False,True
+.50 contrast,red,easyocr,2.129871047999586,2,4,6,8,False,True,False,True,True,True,False,True,False,True,True,True
+.50 contrast,red,easyocr,2.2185984890002146,0,4,0,8,False,False,False,False,False,False,False,False,False,False,False,False
+.50 contrast,red-green,tesseract,0.5005349020002541,2,4,4,8,True,False,False,True,False,True,True,True,True,False,False,False
+.50 contrast,red-green,tesseract,0.7820033729994975,4,4,6,8,True,True,True,True,False,True,True,True,True,True,False,True
+.50 contrast,red-green,tesseract,0.7322477919997255,1,4,7,8,False,False,False,True,False,True,True,True,True,True,True,True
+.50 contrast,red-green,tesseract,0.45969480099938664,3,4,3,8,True,True,False,True,False,True,False,False,True,False,False,True
+.50 contrast,red-green,tesseract,0.4464020290006374,1,4,2,8,False,False,False,True,False,True,False,False,True,False,False,False
+.50 contrast,red-green,tesseract,0.4951302489998852,0,4,2,8,False,False,False,False,False,False,True,True,False,False,False,False
+.50 contrast,red-green,tesseract,0.6904632089999723,4,4,7,8,True,True,True,True,False,True,True,True,True,True,True,True
+.50 contrast,red-green,tesseract,0.4624202420000074,1,4,3,8,False,False,False,True,False,True,False,True,True,False,False,False
+.50 contrast,red-green,tesseract,0.4034541029996035,4,4,6,8,True,True,True,True,True,True,False,True,True,True,False,True
+.50 contrast,red-green,tesseract,0.5033502530004625,0,4,0,8,False,False,False,False,False,False,False,False,False,False,False,False
+.50 contrast,red-green,easyocr,2.4958793489995514,2,4,4,8,False,True,False,True,False,True,False,True,True,True,False,False
+.50 contrast,red-green,easyocr,2.2098589240004003,2,4,3,8,False,True,False,True,False,True,False,True,True,False,False,False
+.50 contrast,red-green,easyocr,2.654661708000276,2,4,7,8,False,True,False,True,True,True,True,True,True,True,False,True
+.50 contrast,red-green,easyocr,2.2718149760003143,2,4,2,8,True,True,False,False,False,False,False,False,True,True,False,False
+.50 contrast,red-green,easyocr,2.270984994999708,1,4,4,8,False,False,False,True,True,True,False,True,True,False,False,False
+.50 contrast,red-green,easyocr,2.6744924380000157,1,4,2,8,False,False,False,True,False,True,False,False,True,False,False,False
+.50 contrast,red-green,easyocr,2.296716320000087,4,4,6,8,True,True,True,True,True,True,False,True,True,True,False,True
+.50 contrast,red-green,easyocr,2.265043343999423,4,4,5,8,True,True,True,True,False,True,False,True,True,True,False,True
+.50 contrast,red-green,easyocr,2.2947794379997504,2,4,6,8,False,True,False,True,True,True,False,True,False,True,True,True
+.50 contrast,red-green,easyocr,2.2201340079991496,0,4,0,8,False,False,False,False,False,False,False,False,False,False,False,False
+.50 contrast,green-blue,tesseract,0.4888575389995822,0,4,3,8,False,False,False,False,False,False,True,True,True,False,False,False
+.50 contrast,green-blue,tesseract,0.7509199170008287,4,4,5,8,True,True,True,True,False,True,False,True,True,True,False,True
+.50 contrast,green-blue,tesseract,0.5399238059999334,1,4,7,8,False,False,False,True,False,True,True,True,True,True,True,True
+.50 contrast,green-blue,tesseract,0.4591040140003315,3,4,3,8,True,True,False,True,False,True,False,False,True,False,False,True
+.50 contrast,green-blue,tesseract,0.4934433270000227,1,4,3,8,False,False,False,True,False,True,False,True,True,False,False,False
+.50 contrast,green-blue,tesseract,0.5066337920006845,0,4,3,8,False,False,False,False,False,False,True,True,True,False,False,False
+.50 contrast,green-blue,tesseract,0.6257585310004288,4,4,7,8,True,True,True,True,False,True,True,True,True,True,True,True
+.50 contrast,green-blue,tesseract,0.43207870700007334,2,4,4,8,False,True,False,True,False,True,False,False,True,True,False,True
+.50 contrast,green-blue,tesseract,0.4251771520002876,3,4,4,8,True,True,True,False,False,False,False,True,True,True,False,True
+.50 contrast,green-blue,tesseract,0.4943596470002376,0,4,0,8,False,False,False,False,False,False,False,False,False,False,False,False
+.50 contrast,green-blue,easyocr,2.326548694999474,2,4,6,8,False,True,False,True,False,True,True,True,True,True,False,True
+.50 contrast,green-blue,easyocr,2.2226067359997614,2,4,3,8,False,True,False,True,False,True,False,True,True,False,False,False
+.50 contrast,green-blue,easyocr,2.3161877969996567,2,4,6,8,False,True,False,True,True,True,True,True,True,True,False,False
+.50 contrast,green-blue,easyocr,2.158416928999941,2,4,2,8,True,True,False,False,False,False,False,False,True,True,False,False
+.50 contrast,green-blue,easyocr,2.2716577250002956,1,4,4,8,False,False,False,True,True,True,False,True,True,False,False,False
+.50 contrast,green-blue,easyocr,2.4150442710006246,0,4,0,8,False,False,False,False,False,False,False,False,False,False,False,False
+.50 contrast,green-blue,easyocr,2.2906559570001264,4,4,6,8,True,True,True,True,True,True,False,True,True,True,False,True
+.50 contrast,green-blue,easyocr,2.2877635130007548,4,4,5,8,True,True,True,True,False,True,False,True,True,True,False,True
+.50 contrast,green-blue,easyocr,2.155141115999868,2,4,6,8,False,True,False,True,True,True,False,True,False,True,True,True
+.50 contrast,green-blue,easyocr,2.2045731970001725,0,4,0,8,False,False,False,False,False,False,False,False,False,False,False,False
+.50 contrast,red-blue,tesseract,0.49231301700001495,1,4,5,8,False,False,False,True,False,True,True,True,True,True,False,False
+.50 contrast,red-blue,tesseract,0.5580735019993881,4,4,6,8,True,True,True,True,False,True,True,True,True,True,False,True
+.50 contrast,red-blue,tesseract,0.7166222709993235,1,4,7,8,False,False,False,True,False,True,True,True,True,True,True,True
+.50 contrast,red-blue,tesseract,0.485379992000162,3,4,3,8,True,True,False,True,False,True,False,False,True,False,False,True
+.50 contrast,red-blue,tesseract,0.5268640009999217,2,4,4,8,True,False,False,True,False,True,False,True,True,True,False,False
+.50 contrast,red-blue,tesseract,0.5250634389994957,0,4,2,8,False,False,False,False,False,False,True,True,False,False,False,False
+.50 contrast,red-blue,tesseract,0.6591262760002792,2,4,6,8,False,True,False,True,False,True,True,True,False,True,True,True
+.50 contrast,red-blue,tesseract,0.41845941099927586,4,4,5,8,True,True,True,True,False,True,False,True,True,True,False,True
+.50 contrast,red-blue,tesseract,0.4289954289997695,4,4,6,8,True,True,True,True,False,True,True,True,True,True,False,True
+.50 contrast,red-blue,tesseract,0.48608161300035135,0,4,0,8,False,False,False,False,False,False,False,False,False,False,False,False
+.50 contrast,red-blue,easyocr,2.4707451450003646,2,4,6,8,False,True,False,True,False,True,True,True,True,True,False,True
+.50 contrast,red-blue,easyocr,2.2896692590002203,1,4,3,8,False,False,False,True,False,True,False,True,True,False,False,False
+.50 contrast,red-blue,easyocr,2.540968920000523,2,4,7,8,False,True,False,True,True,True,True,True,True,True,False,True
+.50 contrast,red-blue,easyocr,2.1691541099999085,2,4,2,8,True,True,False,False,False,False,False,False,True,True,False,False
+.50 contrast,red-blue,easyocr,2.2903499800004283,1,4,4,8,False,False,False,True,True,True,False,True,True,False,False,False
+.50 contrast,red-blue,easyocr,2.6078304929997103,0,4,1,8,False,False,False,False,False,False,False,False,True,False,False,False
+.50 contrast,red-blue,easyocr,2.18679887899998,3,4,6,8,True,True,False,True,True,True,True,True,False,True,False,True
+.50 contrast,red-blue,easyocr,2.2919913879995875,4,4,5,8,True,True,True,True,False,True,False,True,True,True,False,True
+.50 contrast,red-blue,easyocr,2.2834039180006585,2,4,6,8,False,True,False,True,True,True,False,True,False,True,True,True
+.50 contrast,red-blue,easyocr,2.2201880699994945,0,4,0,8,False,False,False,False,False,False,False,False,False,False,False,False
+.50 contrast,grayscale,tesseract,0.4745717860005243,3,4,4,8,True,True,False,True,False,True,True,True,True,False,False,False
+.50 contrast,grayscale,tesseract,0.7830320539997047,4,4,7,8,True,True,True,True,False,True,True,True,True,True,True,True
+.50 contrast,grayscale,tesseract,0.7066506380006103,1,4,7,8,False,False,False,True,False,True,True,True,True,True,True,True
+.50 contrast,grayscale,tesseract,0.492764490000809,3,4,3,8,True,True,False,True,False,True,False,False,True,False,False,True
+.50 contrast,grayscale,tesseract,0.3775176470007864,1,4,1,8,False,False,False,True,False,True,False,False,False,False,False,False
+.50 contrast,grayscale,tesseract,0.5337105250000604,0,4,2,8,False,False,False,False,False,False,True,True,False,False,False,False
+.50 contrast,grayscale,tesseract,0.6249512889999096,4,4,6,8,True,True,True,True,False,True,True,True,True,True,False,True
+.50 contrast,grayscale,tesseract,0.4257575239998914,2,4,4,8,False,True,False,True,False,True,False,True,True,False,False,True
+.50 contrast,grayscale,tesseract,0.4748060299998542,4,4,6,8,True,True,True,True,True,True,False,True,True,True,False,True
+.50 contrast,grayscale,tesseract,0.49449502500010567,0,4,0,8,False,False,False,False,False,False,False,False,False,False,False,False
+.50 contrast,grayscale,easyocr,2.3232939199997418,2,4,5,8,False,True,False,True,False,True,False,True,True,True,False,True
+.50 contrast,grayscale,easyocr,2.2243506590002653,2,4,3,8,False,True,False,True,False,True,False,True,True,False,False,False
+.50 contrast,grayscale,easyocr,2.556889946999945,2,4,7,8,False,True,False,True,True,True,True,True,True,True,False,True
+.50 contrast,grayscale,easyocr,2.1828005190000113,2,4,2,8,True,True,False,False,False,False,False,False,True,True,False,False
+.50 contrast,grayscale,easyocr,2.2875832299996546,1,4,4,8,False,False,False,True,True,True,False,True,True,False,False,False
+.50 contrast,grayscale,easyocr,2.6049969770001553,1,4,2,8,False,False,False,True,False,True,False,False,True,False,False,False
+.50 contrast,grayscale,easyocr,2.3452553819997775,4,4,6,8,True,True,True,True,True,True,False,True,True,True,False,True
+.50 contrast,grayscale,easyocr,2.2979715900000883,4,4,5,8,True,True,True,True,False,True,False,True,True,True,False,True
+.50 contrast,grayscale,easyocr,2.2429989270003716,2,4,6,8,False,True,False,True,True,True,False,True,False,True,True,True
+.50 contrast,grayscale,easyocr,2.211147933000575,0,4,0,8,False,False,False,False,False,False,False,False,False,False,False,False
+.75 contrast,none,tesseract,0.5827556419999382,1,4,3,8,True,False,False,False,False,False,True,True,True,False,False,False
+.75 contrast,none,tesseract,0.6339477209994584,0,4,1,8,False,False,False,False,False,False,False,False,True,False,False,False
+.75 contrast,none,tesseract,0.6137989639992156,2,4,6,8,False,True,False,True,False,True,True,True,True,True,False,True
+.75 contrast,none,tesseract,0.572688995000135,0,4,0,8,False,False,False,False,False,False,False,False,False,False,False,False
+.75 contrast,none,tesseract,0.5806554509999842,1,4,2,8,False,False,False,True,False,True,False,True,False,False,False,False
+.75 contrast,none,tesseract,0.5854843320003056,1,4,3,8,False,False,False,True,False,True,False,True,True,False,False,False
+.75 contrast,none,tesseract,0.47156666699993366,3,4,6,8,True,True,False,True,False,True,True,True,True,False,True,True
+.75 contrast,none,tesseract,0.5144200220001949,4,4,5,8,True,True,True,True,False,True,False,True,True,True,False,True
+.75 contrast,none,tesseract,0.4649741469993387,4,4,6,8,True,True,True,True,False,True,True,True,True,True,False,True
+.75 contrast,none,tesseract,0.38407125800040376,0,4,0,8,False,False,False,False,False,False,False,False,False,False,False,False
+.75 contrast,none,easyocr,2.2017410809994544,0,4,2,8,False,False,False,False,False,False,False,False,True,True,False,False
+.75 contrast,none,easyocr,2.3342058729995188,1,4,1,8,False,False,False,True,False,True,False,False,False,False,False,False
+.75 contrast,none,easyocr,2.3675495459992817,1,4,5,8,False,False,False,True,False,True,True,True,True,True,False,False
+.75 contrast,none,easyocr,2.2314309930006857,0,4,0,8,False,False,False,False,False,False,False,False,False,False,False,False
+.75 contrast,none,easyocr,2.3428594910001266,0,4,0,8,False,False,False,False,False,False,False,False,False,False,False,False
+.75 contrast,none,easyocr,2.7644856929991874,0,4,0,8,False,False,False,False,False,False,False,False,False,False,False,False
+.75 contrast,none,easyocr,2.3059678010004063,2,4,3,8,True,False,False,True,False,True,False,True,False,True,False,False
+.75 contrast,none,easyocr,2.386706145000062,1,4,2,8,False,False,False,True,False,True,False,False,True,False,False,False
+.75 contrast,none,easyocr,2.233937904999948,2,4,4,8,False,True,False,True,False,True,False,True,False,True,False,True
+.75 contrast,none,easyocr,2.1775976090002587,0,4,0,8,False,False,False,False,False,False,False,False,False,False,False,False
+.75 contrast,blue,tesseract,0.4631029739994119,1,4,3,8,True,False,False,False,False,False,True,True,True,False,False,False
+.75 contrast,blue,tesseract,0.6322109330003514,0,4,1,8,False,False,False,False,False,False,False,False,True,False,False,False
+.75 contrast,blue,tesseract,0.4785748300000705,0,4,2,8,False,False,False,False,False,False,False,True,False,True,False,False
+.75 contrast,blue,tesseract,0.43658365800001775,0,4,1,8,False,False,False,False,False,False,False,False,True,False,False,False
+.75 contrast,blue,tesseract,0.3884332679999716,1,4,1,8,False,False,False,True,False,True,False,False,False,False,False,False
+.75 contrast,blue,tesseract,0.5158811559995229,0,4,2,8,False,False,False,False,False,False,True,True,False,False,False,False
+.75 contrast,blue,tesseract,0.6722321810002541,0,4,3,8,False,False,False,False,False,False,False,True,True,False,False,True
+.75 contrast,blue,tesseract,0.44257458100037184,1,4,1,8,False,False,False,True,False,True,False,False,False,False,False,False
+.75 contrast,blue,tesseract,0.4404191780004112,4,4,6,8,True,True,True,True,False,True,False,True,True,True,True,True
+.75 contrast,blue,tesseract,0.49250443799974164,0,4,0,8,False,False,False,False,False,False,False,False,False,False,False,False
+.75 contrast,blue,easyocr,2.208774235000419,1,4,2,8,False,True,False,False,False,False,False,False,True,True,False,False
+.75 contrast,blue,easyocr,2.3210767460004718,1,4,2,8,False,False,False,True,False,True,False,False,True,False,False,False
+.75 contrast,blue,easyocr,2.324411671999769,2,4,5,8,False,True,False,True,False,True,True,True,True,True,False,False
+.75 contrast,blue,easyocr,2.2154896009997174,0,4,0,8,False,False,False,False,False,False,False,False,False,False,False,False
+.75 contrast,blue,easyocr,2.337491532999593,0,4,0,8,False,False,False,False,False,False,False,False,False,False,False,False
+.75 contrast,blue,easyocr,2.7122788730002867,0,4,2,8,False,False,False,False,False,False,False,False,True,True,False,False
+.75 contrast,blue,easyocr,2.24054760800027,1,4,3,8,False,False,False,True,False,True,False,True,False,True,False,False
+.75 contrast,blue,easyocr,2.324098043000049,2,4,4,8,False,True,False,True,False,True,False,True,True,False,False,True
+.75 contrast,blue,easyocr,2.250816501999907,2,4,5,8,False,True,False,True,True,True,False,True,False,True,False,True
+.75 contrast,blue,easyocr,2.2020912770003633,0,4,0,8,False,False,False,False,False,False,False,False,False,False,False,False
+.75 contrast,green,tesseract,0.477078333999998,2,4,3,8,True,False,False,True,False,True,False,True,True,False,False,False
+.75 contrast,green,tesseract,0.5712564460000067,0,4,1,8,False,False,False,False,False,False,False,False,False,True,False,False
+.75 contrast,green,tesseract,0.7199931889999789,1,4,6,8,False,False,False,True,False,True,True,True,True,True,False,True
+.75 contrast,green,tesseract,0.42181582499961223,0,4,0,8,False,False,False,False,False,False,False,False,False,False,False,False
+.75 contrast,green,tesseract,0.3709153009995134,0,4,0,8,False,False,False,False,False,False,False,False,False,False,False,False
+.75 contrast,green,tesseract,0.510583090000182,0,4,2,8,False,False,False,False,False,False,True,True,False,False,False,False
+.75 contrast,green,tesseract,0.45250913000018045,3,4,6,8,True,True,False,True,False,True,True,True,True,False,True,True
+.75 contrast,green,tesseract,0.4886200450000615,1,4,2,8,False,False,False,True,False,True,False,True,False,False,False,False
+.75 contrast,green,tesseract,0.4659445469997081,2,4,4,8,True,False,False,True,False,True,False,True,True,True,False,False
+.75 contrast,green,tesseract,0.49628840500008664,0,4,0,8,False,False,False,False,False,False,False,False,False,False,False,False
+.75 contrast,green,easyocr,2.256499263000478,0,4,1,8,False,False,False,False,False,False,False,False,True,False,False,False
+.75 contrast,green,easyocr,2.3449015449996296,1,4,2,8,False,False,False,True,False,True,False,False,True,False,False,False
+.75 contrast,green,easyocr,2.37033941899972,2,4,5,8,False,True,False,True,False,True,True,True,True,True,False,False
+.75 contrast,green,easyocr,2.1569964559994332,0,4,0,8,False,False,False,False,False,False,False,False,False,False,False,False
+.75 contrast,green,easyocr,2.3381115960000898,0,4,0,8,False,False,False,False,False,False,False,False,False,False,False,False
+.75 contrast,green,easyocr,2.3074753820001206,0,4,1,8,False,False,False,False,False,False,False,False,True,False,False,False
+.75 contrast,green,easyocr,2.1995247120003114,2,4,3,8,True,False,False,True,False,True,False,True,False,True,False,False
+.75 contrast,green,easyocr,2.352270414000486,2,4,3,8,True,False,False,True,False,True,False,False,True,True,False,False
+.75 contrast,green,easyocr,2.243569629999911,2,4,5,8,False,True,False,True,True,True,False,True,False,True,False,True
+.75 contrast,green,easyocr,2.188234147000003,0,4,0,8,False,False,False,False,False,False,False,False,False,False,False,False
+.75 contrast,red,tesseract,0.46225355099977605,0,4,2,8,False,False,False,False,False,False,False,True,True,False,False,False
+.75 contrast,red,tesseract,0.74381553800049,2,4,1,8,True,False,False,True,False,True,False,False,False,False,False,False
+.75 contrast,red,tesseract,0.5936267070001122,1,4,5,8,False,False,False,True,False,True,True,True,True,True,False,False
+.75 contrast,red,tesseract,0.5021099160003359,0,4,0,8,False,False,False,False,False,False,False,False,False,False,False,False
+.75 contrast,red,tesseract,0.5653280369997447,1,4,2,8,False,False,False,True,False,True,False,True,False,False,False,False
+.75 contrast,red,tesseract,0.5339680460001546,1,4,2,8,False,False,False,True,False,True,False,True,False,False,False,False
+.75 contrast,red,tesseract,0.6990906940000059,3,4,5,8,True,True,False,True,False,True,True,True,True,False,False,True
+.75 contrast,red,tesseract,0.4444921140002407,4,4,5,8,True,True,True,True,False,True,False,True,True,True,False,True
+.75 contrast,red,tesseract,0.4425041879994751,4,4,5,8,True,True,True,True,False,True,False,True,True,True,False,True
+.75 contrast,red,tesseract,0.3551707050000914,0,4,0,8,False,False,False,False,False,False,False,False,False,False,False,False
+.75 contrast,red,easyocr,2.325985030999618,0,4,1,8,False,False,False,False,False,False,False,False,True,False,False,False
+.75 contrast,red,easyocr,2.319248205999429,0,4,0,8,False,False,False,False,False,False,False,False,False,False,False,False
+.75 contrast,red,easyocr,2.319984595000278,2,4,5,8,False,True,False,True,False,True,True,True,True,True,False,False
+.75 contrast,red,easyocr,2.1877912789996117,0,4,0,8,False,False,False,False,False,False,False,False,False,False,False,False
+.75 contrast,red,easyocr,2.25781670699962,0,4,0,8,False,False,False,False,False,False,False,False,False,False,False,False
+.75 contrast,red,easyocr,2.344652574000065,0,4,1,8,False,False,False,False,False,False,False,False,True,False,False,False
+.75 contrast,red,easyocr,2.198596514000201,1,4,4,8,False,False,False,True,False,True,False,True,False,True,False,True
+.75 contrast,red,easyocr,2.286400300999958,2,4,4,8,False,True,False,True,False,True,False,True,True,False,False,True
+.75 contrast,red,easyocr,2.253792923000219,2,4,4,8,False,True,False,True,False,True,False,True,False,True,False,True
+.75 contrast,red,easyocr,2.1458739709996735,0,4,0,8,False,False,False,False,False,False,False,False,False,False,False,False
+.75 contrast,red-green,tesseract,0.4779268450001837,1,4,3,8,False,False,False,True,False,True,False,True,True,False,False,False
+.75 contrast,red-green,tesseract,0.7269979169996077,0,4,1,8,False,False,False,False,False,False,False,False,True,False,False,False
+.75 contrast,red-green,tesseract,0.7557359960001122,2,4,5,8,True,False,False,True,False,True,True,True,True,True,False,False
+.75 contrast,red-green,tesseract,0.47022710500004905,0,4,0,8,False,False,False,False,False,False,False,False,False,False,False,False
+.75 contrast,red-green,tesseract,0.3848414120002417,0,4,0,8,False,False,False,False,False,False,False,False,False,False,False,False
+.75 contrast,red-green,tesseract,0.5426680809996469,1,4,3,8,False,False,False,True,False,True,True,True,False,False,False,False
+.75 contrast,red-green,tesseract,0.7801133469993147,4,4,7,8,True,True,True,True,False,True,True,True,True,True,True,True
+.75 contrast,red-green,tesseract,0.4928977700001269,1,4,2,8,False,False,False,True,False,True,False,True,False,False,False,False
+.75 contrast,red-green,tesseract,0.44702537000011944,4,4,5,8,True,True,True,True,False,True,False,True,True,True,False,True
+.75 contrast,red-green,tesseract,0.48492446199998085,0,4,0,8,False,False,False,False,False,False,False,False,False,False,False,False
+.75 contrast,red-green,easyocr,2.242320655000185,0,4,2,8,False,False,False,False,False,False,False,False,True,True,False,False
+.75 contrast,red-green,easyocr,2.3651154270000916,1,4,2,8,False,False,False,True,False,True,False,False,True,False,False,False
+.75 contrast,red-green,easyocr,2.3835753690000274,1,4,6,8,False,False,False,True,False,True,True,True,True,True,True,False
+.75 contrast,red-green,easyocr,2.185172339000019,0,4,0,8,False,False,False,False,False,False,False,False,False,False,False,False
+.75 contrast,red-green,easyocr,2.353958480000074,0,4,0,8,False,False,False,False,False,False,False,False,False,False,False,False
+.75 contrast,red-green,easyocr,3.937205618999542,1,4,2,8,False,False,False,True,False,True,False,False,True,False,False,False
+.75 contrast,red-green,easyocr,3.0854067720001694,2,4,3,8,True,False,False,True,False,True,False,True,False,True,False,False
+.75 contrast,red-green,easyocr,2.3656032319995575,3,4,4,8,True,True,False,True,False,True,False,False,True,True,False,True
+.75 contrast,red-green,easyocr,2.242877812000188,2,4,4,8,False,True,False,True,False,True,False,True,False,True,False,True
+.75 contrast,red-green,easyocr,2.270796768000764,0,4,0,8,False,False,False,False,False,False,False,False,False,False,False,False
+.75 contrast,green-blue,tesseract,0.49504300100034015,0,4,1,8,False,False,False,False,False,False,False,True,False,False,False,False
+.75 contrast,green-blue,tesseract,0.6242530219997207,1,4,3,8,False,False,False,True,False,True,False,True,True,False,False,False
+.75 contrast,green-blue,tesseract,0.5597908130002907,2,4,6,8,True,False,False,True,False,True,True,True,True,True,False,True
+.75 contrast,green-blue,tesseract,0.4623203769997417,0,4,0,8,False,False,False,False,False,False,False,False,False,False,False,False
+.75 contrast,green-blue,tesseract,0.5524467539999023,0,4,1,8,False,False,False,False,False,False,False,True,False,False,False,False
+.75 contrast,green-blue,tesseract,0.5329653620001409,0,4,2,8,False,False,False,False,False,False,True,True,False,False,False,False
+.75 contrast,green-blue,tesseract,0.7283936960002393,3,4,5,8,True,True,False,True,False,True,True,True,True,False,False,True
+.75 contrast,green-blue,tesseract,0.4800816209999539,3,4,4,8,True,True,False,True,False,True,False,True,False,True,False,True
+.75 contrast,green-blue,tesseract,0.4554159099998287,2,4,4,8,True,False,False,True,False,True,False,True,True,True,False,False
+.75 contrast,green-blue,tesseract,0.4849066140004652,0,4,0,8,False,False,False,False,False,False,False,False,False,False,False,False
+.75 contrast,green-blue,easyocr,2.3255617660006465,0,4,1,8,False,False,False,False,False,False,False,False,True,False,False,False
+.75 contrast,green-blue,easyocr,2.3539028929999404,1,4,1,8,False,False,False,True,False,True,False,False,False,False,False,False
+.75 contrast,green-blue,easyocr,2.3547614350000003,2,4,5,8,False,True,False,True,False,True,True,True,True,True,False,False
+.75 contrast,green-blue,easyocr,2.2471539520001897,0,4,0,8,False,False,False,False,False,False,False,False,False,False,False,False
+.75 contrast,green-blue,easyocr,2.376837275000071,0,4,0,8,False,False,False,False,False,False,False,False,False,False,False,False
+.75 contrast,green-blue,easyocr,2.366992511000717,0,4,0,8,False,False,False,False,False,False,False,False,False,False,False,False
+.75 contrast,green-blue,easyocr,2.233882407999772,2,4,4,8,True,False,False,True,False,True,False,True,False,True,False,True
+.75 contrast,green-blue,easyocr,2.43051240099976,1,4,2,8,False,False,False,True,False,True,False,False,True,False,False,False
+.75 contrast,green-blue,easyocr,2.300508410000475,2,4,4,8,False,True,False,True,False,True,False,True,False,True,False,True
+.75 contrast,green-blue,easyocr,2.1719555839999884,0,4,0,8,False,False,False,False,False,False,False,False,False,False,False,False
+.75 contrast,red-blue,tesseract,0.5092149219999555,1,4,3,8,True,False,False,False,False,False,True,True,True,False,False,False
+.75 contrast,red-blue,tesseract,0.524682539999958,2,4,2,8,False,True,False,True,False,True,False,False,True,False,False,False
+.75 contrast,red-blue,tesseract,0.6887091890002921,4,4,5,8,True,True,True,True,False,True,True,True,True,True,False,False
+.75 contrast,red-blue,tesseract,0.4431146050001189,0,4,0,8,False,False,False,False,False,False,False,False,False,False,False,False
+.75 contrast,red-blue,tesseract,0.5208950910000567,1,4,1,8,False,False,False,True,False,True,False,False,False,False,False,False
+.75 contrast,red-blue,tesseract,0.520365120999486,1,4,1,8,False,True,False,False,False,False,False,True,False,False,False,False
+.75 contrast,red-blue,tesseract,0.7549361510000381,1,4,3,8,False,False,False,True,False,True,False,True,False,True,False,False
+.75 contrast,red-blue,tesseract,0.4841588969993609,3,4,3,8,True,True,False,True,False,True,False,True,False,True,False,False
+.75 contrast,red-blue,tesseract,0.44074439900032303,3,4,4,8,True,True,True,False,False,False,False,True,True,True,False,True
+.75 contrast,red-blue,tesseract,0.4046934810003222,0,4,0,8,False,False,False,False,False,False,False,False,False,False,False,False
+.75 contrast,red-blue,easyocr,2.264834081999652,0,4,1,8,False,False,False,False,False,False,False,False,True,False,False,False
+.75 contrast,red-blue,easyocr,2.2885145000000193,1,4,1,8,False,False,False,True,False,True,False,False,False,False,False,False
+.75 contrast,red-blue,easyocr,2.375734733999707,1,4,5,8,False,False,False,True,False,True,True,True,True,True,False,False
+.75 contrast,red-blue,easyocr,2.2109563099993466,0,4,0,8,False,False,False,False,False,False,False,False,False,False,False,False
+.75 contrast,red-blue,easyocr,2.348797872999967,0,4,0,8,False,False,False,False,False,False,False,False,False,False,False,False
+.75 contrast,red-blue,easyocr,2.5584743220006203,1,4,3,8,False,False,False,True,False,True,False,False,True,True,False,False
+.75 contrast,red-blue,easyocr,2.209370435999517,1,4,4,8,False,False,False,True,False,True,False,True,False,True,False,True
+.75 contrast,red-blue,easyocr,2.3484853210002257,2,4,3,8,False,True,False,True,False,True,False,False,True,False,False,True
+.75 contrast,red-blue,easyocr,2.2722436120002385,2,4,4,8,False,True,False,True,False,True,False,True,False,True,False,True
+.75 contrast,red-blue,easyocr,2.1847583749995465,0,4,0,8,False,False,False,False,False,False,False,False,False,False,False,False
+.75 contrast,grayscale,tesseract,0.5248170370005028,0,4,2,8,False,False,False,False,False,False,True,True,False,False,False,False
+.75 contrast,grayscale,tesseract,0.5409173210000517,1,4,2,8,False,False,False,True,False,True,False,False,True,False,False,False
+.75 contrast,grayscale,tesseract,0.6911040690001755,2,4,6,8,True,False,False,True,False,True,True,True,True,True,False,True
+.75 contrast,grayscale,tesseract,0.4419388920005076,0,4,0,8,False,False,False,False,False,False,False,False,False,False,False,False
+.75 contrast,grayscale,tesseract,0.41493395699944813,0,4,0,8,False,False,False,False,False,False,False,False,False,False,False,False
+.75 contrast,grayscale,tesseract,0.5372454709995509,2,4,3,8,True,False,False,True,False,True,True,True,False,False,False,False
+.75 contrast,grayscale,tesseract,0.6571990940001342,3,4,5,8,True,True,False,True,False,True,True,True,True,False,False,True
+.75 contrast,grayscale,tesseract,0.4289609630004634,1,4,3,8,False,False,False,True,False,True,False,True,True,False,False,False
+.75 contrast,grayscale,tesseract,0.44463519800046925,4,4,5,8,True,True,True,True,False,True,False,True,True,True,False,True
+.75 contrast,grayscale,tesseract,0.4950765160001538,0,4,0,8,False,False,False,False,False,False,False,False,False,False,False,False
+.75 contrast,grayscale,easyocr,2.2735766340001646,0,4,1,8,False,False,False,False,False,False,False,False,True,False,False,False
+.75 contrast,grayscale,easyocr,2.36249200400016,1,4,2,8,False,False,False,True,False,True,False,False,True,False,False,False
+.75 contrast,grayscale,easyocr,2.4110695310000665,2,4,5,8,False,True,False,True,False,True,True,True,True,True,False,False
+.75 contrast,grayscale,easyocr,2.245304168000075,0,4,0,8,False,False,False,False,False,False,False,False,False,False,False,False
+.75 contrast,grayscale,easyocr,2.341409184999975,0,4,0,8,False,False,False,False,False,False,False,False,False,False,False,False
+.75 contrast,grayscale,easyocr,2.5329058509996685,0,4,0,8,False,False,False,False,False,False,False,False,False,False,False,False
+.75 contrast,grayscale,easyocr,2.2103341190004357,2,4,3,8,True,False,False,True,False,True,False,True,False,True,False,False
+.75 contrast,grayscale,easyocr,2.359711301000061,2,4,3,8,True,False,False,True,False,True,False,False,True,True,False,False
+.75 contrast,grayscale,easyocr,2.2529469789997165,2,4,4,8,False,True,False,True,False,True,False,True,False,True,False,True
+.75 contrast,grayscale,easyocr,2.2064598959996147,0,4,0,8,False,False,False,False,False,False,False,False,False,False,False,False
-50 brightness,none,tesseract,0.714950296999632,1,4,4,8,True,False,False,False,False,False,True,True,True,True,False,False
-50 brightness,none,tesseract,0.6730381529996521,4,4,5,8,True,True,True,True,False,True,False,True,True,True,False,True
-50 brightness,none,tesseract,0.5033910080001078,4,4,6,8,True,True,True,True,False,True,True,True,True,True,False,True
-50 brightness,none,tesseract,0.8099737799993818,2,4,1,8,True,True,False,False,False,False,True,False,False,False,False,False
-50 brightness,none,tesseract,0.5607836089993725,3,4,6,8,True,True,False,True,False,True,True,True,True,True,False,True
-50 brightness,none,tesseract,0.7385652949997166,0,4,2,8,False,False,False,False,False,False,True,True,False,False,False,False
-50 brightness,none,tesseract,0.5941075619994081,4,4,7,8,True,True,True,True,False,True,True,True,True,True,True,True
-50 brightness,none,tesseract,0.6261127840007248,2,4,5,8,False,True,False,True,False,True,True,True,False,True,False,True
-50 brightness,none,tesseract,0.4550786190002327,2,4,5,8,False,True,False,True,True,True,True,True,False,False,False,True
-50 brightness,none,tesseract,0.519908260000193,0,4,0,8,False,False,False,False,False,False,False,False,False,False,False,False
-50 brightness,none,easyocr,2.5957538470001964,2,4,6,8,False,True,False,True,False,True,True,True,True,True,False,True
-50 brightness,none,easyocr,2.4426814810003634,2,4,5,8,False,True,False,True,True,True,True,True,False,False,False,True
-50 brightness,none,easyocr,2.6364826019998873,2,4,5,8,False,True,False,True,True,True,True,True,False,False,False,True
-50 brightness,none,easyocr,2.40751538800032,2,4,5,8,True,False,False,True,False,True,False,True,True,True,False,True
-50 brightness,none,easyocr,2.278603003000171,2,4,7,8,False,True,False,True,True,True,True,True,True,True,False,True
-50 brightness,none,easyocr,2.64041659600025,1,4,3,8,False,False,False,True,False,True,False,False,True,True,False,False
-50 brightness,none,easyocr,2.501582194000548,2,4,5,8,False,True,False,True,True,True,True,True,False,False,False,True
-50 brightness,none,easyocr,2.539673708999544,3,4,7,8,True,True,False,True,True,True,True,True,True,True,False,True
-50 brightness,none,easyocr,2.486148372000571,2,4,5,8,False,True,False,True,True,True,True,True,False,False,False,True
-50 brightness,none,easyocr,2.379724592000457,0,4,0,8,False,False,False,False,False,False,False,False,False,False,False,False
-50 brightness,blue,tesseract,0.571594107999772,1,4,4,8,True,False,False,False,False,False,True,True,True,True,False,False
-50 brightness,blue,tesseract,0.6713044799998897,4,4,5,8,True,True,True,True,False,True,False,True,True,True,False,True
-50 brightness,blue,tesseract,0.7217098559995065,1,4,6,8,False,False,False,True,False,True,True,True,True,True,False,True
-50 brightness,blue,tesseract,0.5718331680000119,4,4,6,8,True,True,True,True,False,True,True,True,True,True,False,True
-50 brightness,blue,tesseract,0.45959022199986066,4,4,6,8,True,True,True,True,False,True,True,True,True,True,False,True
-50 brightness,blue,tesseract,0.6352764330003993,2,4,3,8,True,False,False,True,False,True,True,True,False,False,False,False
-50 brightness,blue,tesseract,0.7469259010003952,4,4,7,8,True,True,True,True,False,True,True,True,True,True,True,True
-50 brightness,blue,tesseract,0.5084527070002878,2,4,5,8,False,True,False,True,False,True,True,True,False,True,False,True
-50 brightness,blue,tesseract,0.4673138389998712,4,4,6,8,True,True,True,True,True,True,False,True,True,True,False,True
-50 brightness,blue,tesseract,0.522600108000006,0,4,0,8,False,False,False,False,False,False,False,False,False,False,False,False
-50 brightness,blue,easyocr,2.575726286000645,2,4,5,8,False,True,False,True,True,True,True,True,False,False,False,True
-50 brightness,blue,easyocr,2.404205888999968,2,4,6,8,False,True,False,True,True,True,True,True,True,False,False,True
-50 brightness,blue,easyocr,2.5900088979997236,4,4,7,8,True,True,True,True,True,True,True,True,True,True,False,True
-50 brightness,blue,easyocr,2.424042112999814,2,4,3,8,False,True,False,True,False,True,False,True,False,False,False,True
-50 brightness,blue,easyocr,2.339987129000292,2,4,5,8,True,False,False,True,True,True,True,True,True,False,False,False
-50 brightness,blue,easyocr,2.5890500900004554,1,4,1,8,False,False,False,True,False,True,False,False,False,False,False,False
-50 brightness,blue,easyocr,2.487861077999696,2,4,5,8,False,True,False,True,True,True,True,True,False,False,False,True
-50 brightness,blue,easyocr,2.453594633000648,3,4,6,8,True,True,False,True,True,True,True,True,True,False,False,True
-50 brightness,blue,easyocr,2.4599888120001197,2,4,5,8,False,True,False,True,True,True,True,True,False,False,False,True
-50 brightness,blue,easyocr,2.334675211999638,0,4,0,8,False,False,False,False,False,False,False,False,False,False,False,False
-50 brightness,green,tesseract,0.5081700729997465,1,4,3,8,False,False,False,True,False,True,True,True,False,False,False,False
-50 brightness,green,tesseract,0.6518368130000454,2,4,6,8,True,False,False,True,False,True,True,True,True,True,False,True
-50 brightness,green,tesseract,0.6373240800003259,2,4,5,8,False,True,False,True,False,True,True,True,False,False,True,True
-50 brightness,green,tesseract,0.4957872340000904,2,4,2,8,False,True,False,True,False,True,True,False,False,False,False,False
-50 brightness,green,tesseract,0.4390528120002273,4,4,6,8,True,True,True,True,False,True,True,True,True,True,False,True
-50 brightness,green,tesseract,0.5382204960005765,0,4,2,8,False,False,False,False,False,False,True,True,False,False,False,False
-50 brightness,green,tesseract,0.5176911829994424,4,4,7,8,True,True,True,True,False,True,True,True,True,True,True,True
-50 brightness,green,tesseract,0.46545688999958656,2,4,5,8,False,True,False,True,False,True,True,True,False,True,False,True
-50 brightness,green,tesseract,0.43599777599956724,4,4,7,8,True,True,True,True,True,True,True,True,True,True,False,True
-50 brightness,green,tesseract,0.529679557000236,0,4,0,8,False,False,False,False,False,False,False,False,False,False,False,False
-50 brightness,green,easyocr,2.46523824399992,2,4,5,8,False,True,False,True,False,True,True,True,True,False,False,True
-50 brightness,green,easyocr,2.4367630289998488,4,4,8,8,True,True,True,True,True,True,True,True,True,True,True,True
-50 brightness,green,easyocr,2.6454228209995563,2,4,8,8,False,True,False,True,True,True,True,True,True,True,True,True
-50 brightness,green,easyocr,2.299332734000018,3,4,4,8,True,True,False,True,False,True,False,True,False,True,False,True
-50 brightness,green,easyocr,2.3125450779998573,1,4,6,8,False,False,False,True,True,True,True,True,True,True,False,False
-50 brightness,green,easyocr,2.5790809040008753,1,4,2,8,False,False,False,True,False,True,False,False,True,False,False,False
-50 brightness,green,easyocr,2.4531383640005515,4,4,7,8,True,True,True,True,True,True,True,True,True,True,False,True
-50 brightness,green,easyocr,2.3408962439998504,4,4,7,8,True,True,True,True,True,True,True,True,True,True,False,True
-50 brightness,green,easyocr,2.463136674999987,2,4,5,8,False,True,False,True,True,True,True,True,False,False,False,True
-50 brightness,green,easyocr,2.3567606579999847,0,4,0,8,False,False,False,False,False,False,False,False,False,False,False,False
-50 brightness,red,tesseract,0.4929969869999695,1,4,5,8,False,False,False,True,False,True,True,True,True,False,False,True
-50 brightness,red,tesseract,0.4627834399998392,4,4,6,8,True,True,True,True,False,True,True,True,True,True,False,True
-50 brightness,red,tesseract,0.4847784909998154,4,4,6,8,True,True,True,True,False,True,True,True,True,True,False,True
-50 brightness,red,tesseract,0.523055356000441,3,4,6,8,True,True,False,True,False,True,True,True,False,True,True,True
-50 brightness,red,tesseract,0.5438599399994928,2,4,5,8,False,True,False,True,False,True,True,True,True,False,False,True
-50 brightness,red,tesseract,0.5861648310001328,1,4,2,8,True,False,False,False,False,False,True,True,False,False,False,False
-50 brightness,red,tesseract,0.702350440000373,2,4,7,8,False,True,False,True,False,True,True,True,True,True,True,True
-50 brightness,red,tesseract,0.49872151100043993,2,4,4,8,False,True,False,True,False,True,True,False,False,True,False,True
-50 brightness,red,tesseract,0.4121113700002752,4,4,7,8,True,True,True,True,True,True,True,True,True,True,False,True
-50 brightness,red,tesseract,0.4890562089995001,0,4,0,8,False,False,False,False,False,False,False,False,False,False,False,False
-50 brightness,red,easyocr,2.3660930369997004,2,4,6,8,False,True,False,True,False,True,True,True,True,True,False,True
-50 brightness,red,easyocr,2.231562192999263,2,4,6,8,True,False,False,True,True,True,True,True,True,True,False,False
-50 brightness,red,easyocr,2.5979183829995236,2,4,8,8,False,True,False,True,True,True,True,True,True,True,True,True
-50 brightness,red,easyocr,2.4961295769999197,2,4,3,8,False,True,False,True,False,True,False,True,False,False,False,True
-50 brightness,red,easyocr,2.3214126470002157,1,4,4,8,False,False,False,True,True,True,True,True,False,False,False,False
-50 brightness,red,easyocr,2.299510358999214,1,4,2,8,False,False,False,True,False,True,False,False,True,False,False,False
-50 brightness,red,easyocr,2.470190122000531,4,4,7,8,True,True,True,True,True,True,True,True,True,True,False,True
-50 brightness,red,easyocr,2.268894003999776,4,4,7,8,True,True,True,True,True,True,True,True,True,True,False,True
-50 brightness,red,easyocr,2.4421752600001128,4,4,7,8,True,True,True,True,True,True,True,True,True,True,False,True
-50 brightness,red,easyocr,2.240122232000431,0,4,0,8,False,False,False,False,False,False,False,False,False,False,False,False
-50 brightness,red-green,tesseract,0.5549767230004363,1,4,3,8,False,False,False,True,False,True,True,True,False,False,False,False
-50 brightness,red-green,tesseract,0.7216679990006014,2,4,5,8,False,True,False,True,False,True,True,True,False,True,False,True
-50 brightness,red-green,tesseract,0.6121495289999075,4,4,6,8,True,True,True,True,False,True,True,True,True,True,False,True
-50 brightness,red-green,tesseract,0.4874896560004345,3,4,4,8,True,True,False,True,False,True,True,True,False,False,False,True
-50 brightness,red-green,tesseract,0.46223739000015485,4,4,6,8,True,True,True,True,False,True,True,True,True,True,False,True
-50 brightness,red-green,tesseract,0.5129522899997028,1,4,2,8,True,False,False,False,False,False,True,True,False,False,False,False
-50 brightness,red-green,tesseract,0.7731158899996444,4,4,7,8,True,True,True,True,False,True,True,True,True,True,True,True
-50 brightness,red-green,tesseract,0.5174769730001572,4,4,6,8,True,True,True,True,False,True,True,True,True,True,False,True
-50 brightness,red-green,tesseract,0.4730226459996629,4,4,7,8,True,True,True,True,False,True,True,True,True,True,True,True
-50 brightness,red-green,tesseract,0.5495084260001022,0,4,0,8,False,False,False,False,False,False,False,False,False,False,False,False
-50 brightness,red-green,easyocr,2.561069899999893,2,4,4,8,False,True,False,True,False,True,True,True,False,False,False,True
-50 brightness,red-green,easyocr,2.492190343999937,2,4,6,8,False,True,False,True,True,True,True,True,False,False,True,True
-50 brightness,red-green,easyocr,2.5208730930007732,2,4,6,8,False,True,False,True,True,True,True,True,False,False,True,True
-50 brightness,red-green,easyocr,2.4144507790006173,2,4,5,8,True,False,False,True,False,True,False,True,True,True,False,True
-50 brightness,red-green,easyocr,2.331968211000458,1,4,5,8,False,False,False,True,True,True,True,True,True,False,False,False
-50 brightness,red-green,easyocr,2.6907458109999425,1,4,2,8,False,False,False,True,False,True,False,False,True,False,False,False
-50 brightness,red-green,easyocr,2.486015555999984,2,4,6,8,False,True,False,True,True,True,True,True,True,False,False,True
-50 brightness,red-green,easyocr,2.4670725280002443,2,4,5,8,False,True,False,True,True,True,True,True,False,False,False,True
-50 brightness,red-green,easyocr,2.687713328999962,2,4,5,8,False,True,False,True,True,True,True,True,False,False,False,True
-50 brightness,red-green,easyocr,2.288702500999534,0,4,0,8,False,False,False,False,False,False,False,False,False,False,False,False
-50 brightness,green-blue,tesseract,0.5170816869995178,1,4,4,8,False,False,False,True,False,True,True,True,True,False,False,False
-50 brightness,green-blue,tesseract,0.6907806769995659,4,4,6,8,True,True,True,True,False,True,True,True,True,True,False,True
-50 brightness,green-blue,tesseract,0.6739028199999666,1,4,6,8,False,False,False,True,False,True,True,True,True,True,True,False
-50 brightness,green-blue,tesseract,0.5248825110002144,2,4,3,8,False,True,False,True,False,True,True,True,False,False,False,False
-50 brightness,green-blue,tesseract,0.4454524829998263,4,4,6,8,True,True,True,True,False,True,True,True,True,True,False,True
-50 brightness,green-blue,tesseract,0.5275346449998324,0,4,2,8,False,False,False,False,False,False,True,True,False,False,False,False
-50 brightness,green-blue,tesseract,0.7355779749996145,2,4,5,8,False,True,False,True,False,True,True,True,False,False,True,True
-50 brightness,green-blue,tesseract,0.49156642700017983,0,4,2,8,False,False,False,False,False,False,True,False,False,True,False,False
-50 brightness,green-blue,tesseract,0.41493079399970156,4,4,8,8,True,True,True,True,True,True,True,True,True,True,True,True
-50 brightness,green-blue,tesseract,0.4856031429999348,0,4,0,8,False,False,False,False,False,False,False,False,False,False,False,False
-50 brightness,green-blue,easyocr,2.533825357999376,2,4,5,8,False,True,False,True,False,True,True,True,True,False,False,True
-50 brightness,green-blue,easyocr,2.209047100999669,4,4,7,8,True,True,True,True,True,True,True,True,True,True,False,True
-50 brightness,green-blue,easyocr,2.524387643999944,2,4,8,8,False,True,False,True,True,True,True,True,True,True,True,True
-50 brightness,green-blue,easyocr,2.3262086179993275,2,4,5,8,True,False,False,True,False,True,False,True,True,True,False,True
-50 brightness,green-blue,easyocr,2.248565595999935,2,4,5,8,True,False,False,True,True,True,True,True,True,False,False,False
-50 brightness,green-blue,easyocr,2.3611823379997077,0,4,1,8,False,False,False,False,False,False,False,False,True,False,False,False
-50 brightness,green-blue,easyocr,2.407766360000096,2,4,5,8,False,True,False,True,True,True,True,True,False,False,False,True
-50 brightness,green-blue,easyocr,2.347565426000074,4,4,7,8,True,True,True,True,True,True,True,True,True,True,False,True
-50 brightness,green-blue,easyocr,2.362974654000027,2,4,5,8,False,True,False,True,True,True,True,True,False,False,False,True
-50 brightness,green-blue,easyocr,2.2454089699995166,0,4,0,8,False,False,False,False,False,False,False,False,False,False,False,False
-50 brightness,red-blue,tesseract,0.5622017879995838,1,4,2,8,False,False,False,True,False,True,False,True,False,False,False,False
-50 brightness,red-blue,tesseract,0.4598878970000442,2,4,5,8,False,True,False,True,False,True,True,True,False,True,False,True
-50 brightness,red-blue,tesseract,0.6179919609994613,3,4,5,8,True,True,True,False,False,False,True,True,True,True,False,True
-50 brightness,red-blue,tesseract,0.5556371220000074,1,4,4,8,False,True,False,False,False,False,True,True,False,True,False,True
-50 brightness,red-blue,tesseract,0.49436503699962486,4,4,6,8,True,True,True,True,False,True,True,True,True,True,False,True
-50 brightness,red-blue,tesseract,0.5889883009995174,0,4,2,8,False,False,False,False,False,False,True,True,False,False,False,False
-50 brightness,red-blue,tesseract,0.6704082070000368,4,4,7,8,True,True,True,True,False,True,True,True,True,True,True,True
-50 brightness,red-blue,tesseract,0.5377560179995271,1,4,3,8,False,False,False,True,False,True,False,True,False,True,False,False
-50 brightness,red-blue,tesseract,0.46551779299988993,2,4,7,8,False,True,False,True,True,True,True,True,True,True,False,True
-50 brightness,red-blue,tesseract,0.48501905299963255,0,4,0,8,False,False,False,False,False,False,False,False,False,False,False,False
-50 brightness,red-blue,easyocr,2.527337825000359,2,4,5,8,False,True,False,True,True,True,True,True,False,False,False,True
-50 brightness,red-blue,easyocr,2.3858185179997236,2,4,6,8,False,True,False,True,True,True,True,True,False,False,True,True
-50 brightness,red-blue,easyocr,2.4919081320003897,2,4,6,8,False,True,False,True,True,True,True,True,False,False,True,True
-50 brightness,red-blue,easyocr,2.3835021269997014,2,4,3,8,False,True,False,True,False,True,False,True,False,False,False,True
-50 brightness,red-blue,easyocr,2.2546666799999002,3,4,6,8,True,True,False,True,True,True,True,True,True,False,False,True
-50 brightness,red-blue,easyocr,2.525038282999958,1,4,2,8,False,False,False,True,False,True,False,False,True,False,False,False
-50 brightness,red-blue,easyocr,2.3873814819999097,2,4,6,8,False,True,False,True,True,True,True,True,True,False,False,True
-50 brightness,red-blue,easyocr,2.4286631230006606,2,4,5,8,False,True,False,True,True,True,True,True,False,False,False,True
-50 brightness,red-blue,easyocr,2.3821010459996614,2,4,5,8,False,True,False,True,True,True,True,True,False,False,False,True
-50 brightness,red-blue,easyocr,2.202704287000415,0,4,0,8,False,False,False,False,False,False,False,False,False,False,False,False
-50 brightness,grayscale,tesseract,0.5558409470004335,1,4,3,8,False,False,False,True,False,True,True,True,False,False,False,False
-50 brightness,grayscale,tesseract,0.7539060160006557,1,4,4,8,False,False,False,True,False,True,True,True,False,True,False,False
-50 brightness,grayscale,tesseract,0.6156338920000053,4,4,6,8,True,True,True,True,False,True,True,True,True,True,False,True
-50 brightness,grayscale,tesseract,0.5479793629992855,3,4,4,8,True,True,False,True,False,True,True,True,False,False,False,True
-50 brightness,grayscale,tesseract,0.4549335309993694,4,4,6,8,True,True,True,True,False,True,True,True,True,True,False,True
-50 brightness,grayscale,tesseract,0.5170963950004079,0,4,2,8,False,False,False,False,False,False,True,True,False,False,False,False
-50 brightness,grayscale,tesseract,0.805743349000295,4,4,7,8,True,True,True,True,False,True,True,True,True,True,True,True
-50 brightness,grayscale,tesseract,0.6116003110000747,2,4,5,8,False,True,False,True,False,True,True,True,False,True,False,True
-50 brightness,grayscale,tesseract,0.4301483470007952,4,4,8,8,True,True,True,True,True,True,True,True,True,True,True,True
-50 brightness,grayscale,tesseract,0.4969292480000149,0,4,0,8,False,False,False,False,False,False,False,False,False,False,False,False
-50 brightness,grayscale,easyocr,2.5432620210003734,2,4,4,8,False,True,False,True,False,True,True,True,False,False,False,True
-50 brightness,grayscale,easyocr,2.4015526270004557,2,4,7,8,False,True,False,True,True,True,True,True,True,False,True,True
-50 brightness,grayscale,easyocr,2.551758061000328,2,4,6,8,False,True,False,True,True,True,True,True,False,False,True,True
-50 brightness,grayscale,easyocr,2.2470469589998174,4,4,5,8,True,True,True,True,False,True,False,True,True,True,False,True
-50 brightness,grayscale,easyocr,2.275702707000164,1,4,5,8,False,False,False,True,True,True,True,True,True,False,False,False
-50 brightness,grayscale,easyocr,2.5657784739996714,1,4,2,8,False,False,False,True,False,True,False,False,True,False,False,False
-50 brightness,grayscale,easyocr,2.4028508450001027,2,4,5,8,False,True,False,True,True,True,True,True,False,False,False,True
-50 brightness,grayscale,easyocr,2.3735762979995343,2,4,5,8,False,True,False,True,True,True,True,True,False,False,False,True
-50 brightness,grayscale,easyocr,2.4101932290004697,2,4,5,8,False,True,False,True,True,True,True,True,False,False,False,True
-50 brightness,grayscale,easyocr,2.232661549000113,0,4,0,8,False,False,False,False,False,False,False,False,False,False,False,False
+50 brightness,none,tesseract,0.6232901540006424,1,4,2,8,False,False,False,True,False,True,True,False,False,False,False,False
+50 brightness,none,tesseract,0.8157337780003218,4,4,5,8,True,True,True,True,False,True,False,True,True,True,False,True
+50 brightness,none,tesseract,0.5462066190002588,2,4,7,8,False,True,False,True,False,True,True,True,True,True,True,True
+50 brightness,none,tesseract,0.505008920000364,3,4,4,8,True,True,False,True,False,True,True,True,False,False,False,True
+50 brightness,none,tesseract,0.5002821919997587,4,4,7,8,True,True,True,True,True,True,True,True,True,True,False,True
+50 brightness,none,tesseract,0.7302960770002755,0,4,2,8,False,False,False,False,False,False,True,True,False,False,False,False
+50 brightness,none,tesseract,0.646874093000406,2,4,6,8,False,True,False,True,False,True,True,True,False,True,True,True
+50 brightness,none,tesseract,0.5163843950003866,2,4,5,8,False,True,False,True,False,True,True,False,True,True,False,True
+50 brightness,none,tesseract,0.43853031100024964,4,4,8,8,True,True,True,True,True,True,True,True,True,True,True,True
+50 brightness,none,tesseract,0.5174772130003475,0,4,0,8,False,False,False,False,False,False,False,False,False,False,False,False
+50 brightness,none,easyocr,2.5036921239998264,2,4,5,8,False,True,False,True,False,True,True,True,True,True,False,False
+50 brightness,none,easyocr,2.2745501079998576,4,4,6,8,True,True,True,True,True,True,False,True,True,True,False,True
+50 brightness,none,easyocr,2.4951771639998697,4,4,7,8,True,True,True,True,True,True,True,True,True,True,False,True
+50 brightness,none,easyocr,2.07818669199969,4,4,5,8,True,True,True,True,False,True,False,True,True,True,False,True
+50 brightness,none,easyocr,2.1709930960005295,2,4,5,8,False,True,False,True,True,True,False,True,True,False,False,True
+50 brightness,none,easyocr,2.57926519800003,1,4,2,8,False,False,False,True,False,True,False,False,True,False,False,False
+50 brightness,none,easyocr,2.41087301799962,2,4,4,8,False,True,False,True,False,True,True,True,False,False,False,True
+50 brightness,none,easyocr,2.431510512999921,2,4,5,8,False,True,False,True,False,True,True,True,True,False,False,True
+50 brightness,none,easyocr,2.338791727000171,4,4,7,8,True,True,True,True,True,True,True,True,True,True,False,True
+50 brightness,none,easyocr,2.398675806999563,0,4,0,8,False,False,False,False,False,False,False,False,False,False,False,False
+50 brightness,blue,tesseract,0.5256080629997086,1,4,3,8,False,False,False,True,False,True,True,True,False,False,False,False
+50 brightness,blue,tesseract,0.538245839999945,4,4,6,8,True,True,True,True,False,True,True,True,True,True,False,True
+50 brightness,blue,tesseract,0.7385521099995458,1,4,7,8,False,False,False,True,False,True,True,True,True,True,True,True
+50 brightness,blue,tesseract,0.4244067689996882,3,4,4,8,True,True,False,True,False,True,True,True,False,False,False,True
+50 brightness,blue,tesseract,0.5010366090000389,2,4,5,8,True,False,False,True,True,True,False,True,True,True,False,False
+50 brightness,blue,tesseract,0.6495796119997976,2,4,3,8,True,False,False,True,False,True,True,True,False,False,False,False
+50 brightness,blue,tesseract,0.6985259370003405,2,4,5,8,False,True,False,True,False,True,False,True,False,True,True,True
+50 brightness,blue,tesseract,0.44981655399988085,2,4,5,8,False,True,False,True,False,True,True,True,False,True,False,True
+50 brightness,blue,tesseract,0.5051331289996597,4,4,7,8,True,True,True,True,True,True,True,True,True,True,False,True
+50 brightness,blue,tesseract,0.48009952300071745,0,4,0,8,False,False,False,False,False,False,False,False,False,False,False,False
+50 brightness,blue,easyocr,2.485308399999667,2,4,3,8,False,True,False,True,False,True,False,True,False,False,False,True
+50 brightness,blue,easyocr,2.3185961819999648,2,4,7,8,False,True,False,True,True,True,True,True,True,True,False,True
+50 brightness,blue,easyocr,2.627088102000016,2,4,5,8,False,True,False,True,True,True,True,True,False,False,False,True
+50 brightness,blue,easyocr,2.1925520830000096,4,4,5,8,True,True,True,True,False,True,False,True,True,True,False,True
+50 brightness,blue,easyocr,2.1342319639998095,4,4,6,8,True,True,True,True,True,True,False,True,True,True,False,True
+50 brightness,blue,easyocr,2.654489900000044,1,4,3,8,False,False,False,True,False,True,False,False,True,True,False,False
+50 brightness,blue,easyocr,2.400243891000173,4,4,6,8,True,True,True,True,False,True,True,True,True,True,False,True
+50 brightness,blue,easyocr,2.486030578000282,2,4,5,8,False,True,False,True,True,True,True,True,False,False,False,True
+50 brightness,blue,easyocr,2.3645987090003473,2,4,4,8,False,True,False,True,True,True,False,True,False,False,False,True
+50 brightness,blue,easyocr,2.3161995679993197,0,4,1,8,False,False,False,False,False,False,False,False,True,False,False,False
+50 brightness,green,tesseract,0.47126732200013066,2,4,4,8,True,False,False,True,False,True,True,True,True,False,False,False
+50 brightness,green,tesseract,0.6272679760004394,0,4,1,8,False,False,False,False,False,False,False,False,True,False,False,False
+50 brightness,green,tesseract,0.6688672860000224,4,4,6,8,True,True,True,True,False,True,True,True,True,True,False,True
+50 brightness,green,tesseract,0.45161565100079315,3,4,4,8,True,True,False,True,False,True,True,True,False,False,False,True
+50 brightness,green,tesseract,0.4363022759998785,1,4,1,8,False,False,False,True,False,True,False,False,False,False,False,False
+50 brightness,green,tesseract,0.5671373509994737,1,4,3,8,True,False,False,False,False,False,True,True,True,False,False,False
+50 brightness,green,tesseract,0.5506967800001803,4,4,7,8,True,True,True,True,False,True,True,True,True,True,True,True
+50 brightness,green,tesseract,0.430326590999357,2,4,5,8,False,True,False,True,False,True,True,False,True,True,False,True
+50 brightness,green,tesseract,0.33855338700050197,0,4,2,8,False,False,False,False,True,False,False,False,False,True,False,False
+50 brightness,green,tesseract,0.5079491389997202,0,4,0,8,False,False,False,False,False,False,False,False,False,False,False,False
+50 brightness,green,easyocr,2.2057045769997785,2,4,6,8,False,True,False,True,False,True,True,True,True,True,False,True
+50 brightness,green,easyocr,2.1723600340001212,2,4,6,8,False,True,False,True,True,True,False,True,True,False,True,True
+50 brightness,green,easyocr,2.185846016999676,2,4,7,8,False,True,False,True,True,True,True,True,True,True,False,True
+50 brightness,green,easyocr,2.152699107999979,4,4,5,8,True,True,True,True,False,True,False,True,True,True,False,True
+50 brightness,green,easyocr,2.0801611309998407,2,4,4,8,False,True,False,True,True,True,False,True,False,False,False,True
+50 brightness,green,easyocr,2.3825641389994416,0,4,1,8,False,False,False,False,False,False,False,False,True,False,False,False
+50 brightness,green,easyocr,2.4182531350006684,2,4,4,8,False,True,False,True,False,True,True,True,False,False,False,True
+50 brightness,green,easyocr,2.1676888150004743,4,4,7,8,True,True,True,True,True,True,True,True,True,True,False,True
+50 brightness,green,easyocr,2.1239704989993697,2,4,6,8,False,True,False,True,True,True,True,True,False,True,False,True
+50 brightness,green,easyocr,2.2623117550001552,1,4,2,8,False,False,False,True,False,True,False,False,True,False,False,False
+50 brightness,red,tesseract,0.5051151699999537,1,4,5,8,False,False,False,True,False,True,True,True,True,True,False,False
+50 brightness,red,tesseract,0.5360050099998261,4,4,6,8,True,True,True,True,False,True,True,True,True,True,False,True
+50 brightness,red,tesseract,0.5565154740006619,2,4,7,8,False,True,False,True,False,True,True,True,True,True,True,True
+50 brightness,red,tesseract,0.4597864090001167,4,4,6,8,True,True,True,True,False,True,True,True,True,True,False,True
+50 brightness,red,tesseract,0.4868728789997476,4,4,7,8,True,True,True,True,True,True,True,True,True,True,False,True
+50 brightness,red,tesseract,0.5848215879996133,1,4,2,8,True,False,False,False,False,False,True,True,False,False,False,False
+50 brightness,red,tesseract,0.6612054939996597,4,4,7,8,True,True,True,True,False,True,True,True,True,True,True,True
+50 brightness,red,tesseract,0.39953474899994035,2,4,5,8,False,True,False,True,False,True,True,False,True,True,False,True
+50 brightness,red,tesseract,0.4144756279993089,4,4,8,8,True,True,True,True,True,True,True,True,True,True,True,True
+50 brightness,red,tesseract,0.4938735910000105,0,4,0,8,False,False,False,False,False,False,False,False,False,False,False,False
+50 brightness,red,easyocr,2.243744246999995,2,4,6,8,False,True,False,True,True,True,True,True,True,True,False,False
+50 brightness,red,easyocr,2.169488915000329,2,4,5,8,False,True,False,True,True,True,False,True,True,False,False,True
+50 brightness,red,easyocr,2.175205833000291,2,4,7,8,False,True,False,True,True,True,True,True,True,True,False,True
+50 brightness,red,easyocr,2.12410060899947,2,4,3,8,True,True,False,False,False,False,False,True,False,True,False,True
+50 brightness,red,easyocr,2.202148343999397,2,4,5,8,True,False,False,True,True,True,False,True,True,True,False,False
+50 brightness,red,easyocr,2.2858963190001305,0,4,0,8,False,False,False,False,False,False,False,False,False,False,False,False
+50 brightness,red,easyocr,2.1220835539998006,4,4,6,8,True,True,True,True,False,True,True,True,True,True,False,True
+50 brightness,red,easyocr,2.2044898209996973,4,4,6,8,True,True,True,True,False,True,True,True,True,True,False,True
+50 brightness,red,easyocr,2.1165805790005834,2,4,6,8,False,True,False,True,True,True,True,True,False,True,False,True
+50 brightness,red,easyocr,2.1520244580005965,0,4,0,8,False,False,False,False,False,False,False,False,False,False,False,False
+50 brightness,red-green,tesseract,0.5288392809998186,1,4,3,8,False,False,False,True,False,True,True,True,False,False,False,False
+50 brightness,red-green,tesseract,0.7029239909998068,4,4,7,8,True,True,True,True,False,True,True,True,True,True,True,True
+50 brightness,red-green,tesseract,0.6358816080000906,2,4,6,8,False,True,False,True,False,True,True,True,True,True,False,True
+50 brightness,red-green,tesseract,0.43104675600079645,4,4,6,8,True,True,True,True,False,True,True,True,True,True,False,True
+50 brightness,red-green,tesseract,0.48821962399961194,1,4,2,8,False,False,False,True,False,True,False,True,False,False,False,False
+50 brightness,red-green,tesseract,0.5367867240001942,0,4,2,8,False,False,False,False,False,False,True,True,False,False,False,False
+50 brightness,red-green,tesseract,0.7333810410000297,2,4,5,8,False,True,False,True,False,True,True,True,False,False,True,True
+50 brightness,red-green,tesseract,0.4424107369995909,2,4,5,8,False,True,False,True,False,True,True,False,True,True,False,True
+50 brightness,red-green,tesseract,0.4029229320003651,4,4,7,8,True,True,True,True,True,True,True,True,True,True,False,True
+50 brightness,red-green,tesseract,0.4875123600004372,0,4,0,8,False,False,False,False,False,False,False,False,False,False,False,False
+50 brightness,red-green,easyocr,2.5796716269996978,2,4,6,8,False,True,False,True,False,True,True,True,True,True,False,True
+50 brightness,red-green,easyocr,2.154710480999711,2,4,8,8,False,True,False,True,True,True,True,True,True,True,True,True
+50 brightness,red-green,easyocr,2.5803284370003894,4,4,7,8,True,True,True,True,True,True,True,True,True,True,False,True
+50 brightness,red-green,easyocr,2.1275031130007847,4,4,6,8,True,True,True,True,False,True,True,True,True,True,False,True
+50 brightness,red-green,easyocr,2.1489682460005497,2,4,5,8,False,True,False,True,True,True,False,True,True,False,False,True
+50 brightness,red-green,easyocr,2.565143134000209,1,4,2,8,False,False,False,True,False,True,False,False,True,False,False,False
+50 brightness,red-green,easyocr,2.3888822509998136,2,4,5,8,False,True,False,True,False,True,True,True,True,False,False,True
+50 brightness,red-green,easyocr,2.3791776739999477,4,4,6,8,True,True,True,True,False,True,True,True,True,True,False,True
+50 brightness,red-green,easyocr,2.4461713189994043,2,4,6,8,False,True,False,True,True,True,True,True,False,False,True,True
+50 brightness,red-green,easyocr,2.283796050000092,1,4,2,8,False,False,False,True,False,True,False,False,True,False,False,False
+50 brightness,green-blue,tesseract,0.5106454630004009,2,4,4,8,True,False,False,True,False,True,True,True,True,False,False,False
+50 brightness,green-blue,tesseract,0.7004084370000783,4,4,7,8,True,True,True,True,False,True,True,True,True,True,True,True
+50 brightness,green-blue,tesseract,0.6473787329996412,4,4,6,8,True,True,True,True,False,True,True,True,True,True,False,True
+50 brightness,green-blue,tesseract,0.44123897699955705,4,4,6,8,True,True,True,True,False,True,True,True,True,True,False,True
+50 brightness,green-blue,tesseract,0.4659093099999154,4,4,6,8,True,True,True,True,False,True,True,True,True,True,False,True
+50 brightness,green-blue,tesseract,0.5083062980002069,0,4,2,8,False,False,False,False,False,False,True,True,False,False,False,False
+50 brightness,green-blue,tesseract,0.6958717150000666,2,4,7,8,False,True,False,True,False,True,True,True,True,True,True,True
+50 brightness,green-blue,tesseract,0.45617167799991876,2,4,5,8,False,True,False,True,False,True,True,False,True,True,False,True
+50 brightness,green-blue,tesseract,0.4216786379993209,4,4,8,8,True,True,True,True,True,True,True,True,True,True,True,True
+50 brightness,green-blue,tesseract,0.48317035600030067,0,4,0,8,False,False,False,False,False,False,False,False,False,False,False,False
+50 brightness,green-blue,easyocr,2.2748935299996447,2,4,6,8,False,True,False,True,False,True,True,True,True,True,False,True
+50 brightness,green-blue,easyocr,2.1312990759997774,2,4,5,8,False,True,False,True,True,True,False,True,True,False,False,True
+50 brightness,green-blue,easyocr,2.2435317729996314,2,4,8,8,False,True,False,True,True,True,True,True,True,True,True,True
+50 brightness,green-blue,easyocr,2.077983701999983,3,4,4,8,True,True,True,False,False,False,False,True,True,True,False,True
+50 brightness,green-blue,easyocr,2.265752051000163,4,4,6,8,True,True,True,True,True,True,False,True,True,True,False,True
+50 brightness,green-blue,easyocr,2.263275944999805,0,4,0,8,False,False,False,False,False,False,False,False,False,False,False,False
+50 brightness,green-blue,easyocr,2.5528353760000755,4,4,6,8,True,True,True,True,False,True,True,True,True,True,False,True
+50 brightness,green-blue,easyocr,2.253193540999746,4,4,7,8,True,True,True,True,True,True,True,True,True,True,False,True
+50 brightness,green-blue,easyocr,2.115100323999286,2,4,6,8,False,True,False,True,True,True,True,True,False,True,False,True
+50 brightness,green-blue,easyocr,2.1858223280005404,0,4,0,8,False,False,False,False,False,False,False,False,False,False,False,False
+50 brightness,red-blue,tesseract,0.5476042299997061,1,4,3,8,False,False,False,True,False,True,True,True,False,False,False,False
+50 brightness,red-blue,tesseract,0.4788697840003806,4,4,6,8,True,True,True,True,False,True,True,True,True,True,False,True
+50 brightness,red-blue,tesseract,0.6774810540000544,4,4,6,8,True,True,True,True,False,True,True,True,True,True,False,True
+50 brightness,red-blue,tesseract,0.4811411760001647,3,4,4,8,True,True,False,True,False,True,True,True,False,False,False,True
+50 brightness,red-blue,tesseract,0.45886683400021866,4,4,6,8,True,True,True,True,False,True,True,True,True,True,False,True
+50 brightness,red-blue,tesseract,0.5737568590002411,0,4,3,8,False,False,False,False,False,False,True,True,True,False,False,False
+50 brightness,red-blue,tesseract,0.665009254999859,4,4,6,8,True,True,True,True,False,True,True,True,True,True,False,True
+50 brightness,red-blue,tesseract,0.4651077609996719,2,4,4,8,False,True,False,True,False,True,True,False,False,True,False,True
+50 brightness,red-blue,tesseract,0.42879830399942875,3,4,6,8,True,True,True,False,True,False,True,True,True,True,False,True
+50 brightness,red-blue,tesseract,0.47856789599973126,0,4,0,8,False,False,False,False,False,False,False,False,False,False,False,False
+50 brightness,red-blue,easyocr,2.544293347000348,2,4,6,8,False,True,False,True,False,True,True,True,True,True,False,True
+50 brightness,red-blue,easyocr,2.171519583999725,2,4,7,8,False,True,False,True,True,True,True,True,True,True,False,True
+50 brightness,red-blue,easyocr,2.5678510910001933,4,4,7,8,True,True,True,True,True,True,True,True,True,True,False,True
+50 brightness,red-blue,easyocr,2.1450559449995126,4,4,6,8,True,True,True,True,False,True,True,True,True,True,False,True
+50 brightness,red-blue,easyocr,2.2215433510000366,4,4,6,8,True,True,True,True,True,True,False,True,True,True,False,True
+50 brightness,red-blue,easyocr,2.569470454000111,0,4,1,8,False,False,False,False,False,False,False,False,True,False,False,False
+50 brightness,red-blue,easyocr,2.392050410000593,4,4,6,8,True,True,True,True,False,True,True,True,True,True,False,True
+50 brightness,red-blue,easyocr,2.362275755000155,4,4,6,8,True,True,True,True,False,True,True,True,True,True,False,True
+50 brightness,red-blue,easyocr,2.439494699999159,2,4,4,8,False,True,False,True,True,True,False,True,False,False,False,True
+50 brightness,red-blue,easyocr,2.1560903950003194,0,4,0,8,False,False,False,False,False,False,False,False,False,False,False,False
+50 brightness,grayscale,tesseract,0.5145609100000001,1,4,4,8,False,False,False,True,False,True,True,True,True,False,False,False
+50 brightness,grayscale,tesseract,0.7200292560000889,4,4,7,8,True,True,True,True,False,True,True,True,True,True,True,True
+50 brightness,grayscale,tesseract,0.6492068450006627,2,4,6,8,False,True,False,True,False,True,True,True,True,True,False,True
+50 brightness,grayscale,tesseract,0.43979720800052746,3,4,5,8,True,True,False,True,False,True,True,True,False,True,False,True
+50 brightness,grayscale,tesseract,0.5009935819998645,1,4,4,8,False,False,False,True,True,True,False,True,False,False,False,True
+50 brightness,grayscale,tesseract,0.5251016349993733,0,4,2,8,False,False,False,False,False,False,True,True,False,False,False,False
+50 brightness,grayscale,tesseract,0.7778251290001208,2,4,5,8,False,True,False,True,False,True,True,True,False,False,True,True
+50 brightness,grayscale,tesseract,0.4430354989999614,2,4,5,8,False,True,False,True,False,True,True,False,True,True,False,True
+50 brightness,grayscale,tesseract,0.4291947080000682,4,4,7,8,True,True,True,True,True,True,True,True,True,True,False,True
+50 brightness,grayscale,tesseract,0.4986243020002803,0,4,0,8,False,False,False,False,False,False,False,False,False,False,False,False
+50 brightness,grayscale,easyocr,2.563698310000291,2,4,5,8,False,True,False,True,False,True,True,True,True,True,False,False
+50 brightness,grayscale,easyocr,2.206576436999967,2,4,7,8,False,True,False,True,True,True,True,True,True,True,False,True
+50 brightness,grayscale,easyocr,2.5267046070002834,2,4,7,8,False,True,False,True,True,True,True,True,True,True,False,True
+50 brightness,grayscale,easyocr,2.1103069569999207,3,4,5,8,True,True,True,False,False,False,True,True,True,True,False,True
+50 brightness,grayscale,easyocr,2.140964834999977,2,4,5,8,False,True,False,True,True,True,False,True,True,False,False,True
+50 brightness,grayscale,easyocr,2.6009290929996496,0,4,1,8,False,False,False,False,False,False,False,False,True,False,False,False
+50 brightness,grayscale,easyocr,2.38179994300026,2,4,5,8,False,True,False,True,False,True,True,True,True,False,False,True
+50 brightness,grayscale,easyocr,2.4394513980005286,4,4,6,8,True,True,True,True,False,True,True,True,True,True,False,True
+50 brightness,grayscale,easyocr,2.408772513999793,4,4,8,8,True,True,True,True,True,True,True,True,True,True,True,True
+50 brightness,grayscale,easyocr,2.321575825999389,0,4,0,8,False,False,False,False,False,False,False,False,False,False,False,False
+100 brightness,none,tesseract,0.6001179710001452,2,4,4,8,True,False,False,True,False,True,True,True,True,False,False,False
+100 brightness,none,tesseract,0.8236410889994659,4,4,4,8,True,True,True,True,False,True,False,True,True,True,False,False
+100 brightness,none,tesseract,0.5320792470001834,2,4,6,8,True,False,False,True,False,True,True,True,True,True,False,True
+100 brightness,none,tesseract,0.5240266870005144,0,4,1,8,False,False,False,False,False,False,False,False,True,False,False,False
+100 brightness,none,tesseract,0.5470375969998713,4,4,6,8,True,True,True,True,False,True,True,True,True,True,False,True
+100 brightness,none,tesseract,0.5899220949995652,0,4,3,8,False,False,False,False,False,False,True,True,True,False,False,False
+100 brightness,none,tesseract,0.4810248439998759,4,4,6,8,True,True,True,True,False,True,True,True,True,True,False,True
+100 brightness,none,tesseract,0.5297981570001866,4,4,5,8,True,True,True,True,False,True,False,True,True,True,False,True
+100 brightness,none,tesseract,0.46956536099969526,4,4,5,8,True,True,True,True,False,True,False,True,True,True,False,True
+100 brightness,none,tesseract,0.42683803199997783,0,4,0,8,False,False,False,False,False,False,False,False,False,False,False,False
+100 brightness,none,easyocr,2.1900410119997105,1,4,3,8,True,False,False,False,False,False,False,True,True,True,False,False
+100 brightness,none,easyocr,2.2910112529998514,2,4,2,8,False,True,False,True,False,True,False,False,True,False,False,False
+100 brightness,none,easyocr,2.2239937370004554,2,4,5,8,False,True,False,True,False,True,False,True,True,True,False,True
+100 brightness,none,easyocr,2.2004264020006303,1,4,0,8,True,False,False,False,False,False,False,False,False,False,False,False
+100 brightness,none,easyocr,2.281474869999329,0,4,0,8,False,False,False,False,False,False,False,False,False,False,False,False
+100 brightness,none,easyocr,2.717430697999589,0,4,0,8,False,False,False,False,False,False,False,False,False,False,False,False
+100 brightness,none,easyocr,2.120748478999303,2,4,4,8,True,False,False,True,False,True,False,True,True,True,False,False
+100 brightness,none,easyocr,2.25735070599967,2,4,5,8,False,True,False,True,False,True,False,True,True,True,False,True
+100 brightness,none,easyocr,2.148249682999449,2,4,4,8,False,True,False,True,False,True,False,True,False,True,False,True
+100 brightness,none,easyocr,2.195087946000058,0,4,0,8,False,False,False,False,False,False,False,False,False,False,False,False
+100 brightness,blue,tesseract,0.4696240310004214,2,4,4,8,True,False,False,True,False,True,True,True,True,False,False,False
+100 brightness,blue,tesseract,0.5567162050001571,4,4,4,8,True,True,True,True,False,True,False,True,True,True,False,False
+100 brightness,blue,tesseract,0.47276914000030956,1,4,5,8,False,False,False,True,False,True,False,True,True,True,False,True
+100 brightness,blue,tesseract,0.5055739829995218,0,4,1,8,False,False,False,False,False,False,False,False,True,False,False,False
+100 brightness,blue,tesseract,0.49162699099997553,0,4,2,8,False,False,False,False,False,False,False,False,True,True,False,False
+100 brightness,blue,tesseract,0.4869469550003487,0,4,2,8,False,False,False,False,False,False,True,True,False,False,False,False
+100 brightness,blue,tesseract,0.8140845589996388,0,4,2,8,False,False,False,False,False,False,False,True,True,False,False,False
+100 brightness,blue,tesseract,0.4338447449999876,1,4,2,8,False,False,False,True,False,True,False,True,False,False,False,False
+100 brightness,blue,tesseract,0.39333383800021693,4,4,6,8,True,True,True,True,True,True,False,True,True,True,False,True
+100 brightness,blue,tesseract,0.4994396299998698,0,4,0,8,False,False,False,False,False,False,False,False,False,False,False,False
+100 brightness,blue,easyocr,2.1467386409995015,1,4,4,8,False,True,False,False,False,False,False,True,True,True,False,True
+100 brightness,blue,easyocr,2.2360036979998767,2,4,2,8,False,True,False,True,False,True,False,False,True,False,False,False
+100 brightness,blue,easyocr,2.313785471999836,2,4,6,8,False,True,False,True,False,True,True,True,True,True,False,True
+100 brightness,blue,easyocr,2.146409373000097,1,4,0,8,True,False,False,False,False,False,False,False,False,False,False,False
+100 brightness,blue,easyocr,2.306162402999689,0,4,0,8,False,False,False,False,False,False,False,False,False,False,False,False
+100 brightness,blue,easyocr,2.6551400899998043,1,4,2,8,False,False,False,True,False,True,False,False,True,False,False,False
+100 brightness,blue,easyocr,2.1648509000006015,2,4,3,8,True,False,False,True,False,True,False,True,False,True,False,False
+100 brightness,blue,easyocr,2.319422745999873,3,4,5,8,True,True,False,True,False,True,True,True,True,False,False,True
+100 brightness,blue,easyocr,2.0924004150001565,2,4,5,8,False,True,False,True,False,True,False,True,False,True,True,True
+100 brightness,blue,easyocr,2.1725503320003554,0,4,0,8,False,False,False,False,False,False,False,False,False,False,False,False
+100 brightness,green,tesseract,0.4620415259996662,1,4,1,8,True,False,False,False,False,False,False,True,False,False,False,False
+100 brightness,green,tesseract,0.6525772420000067,1,4,2,8,False,False,False,True,False,True,False,False,True,False,False,False
+100 brightness,green,tesseract,0.701361831000213,1,4,6,8,False,False,False,True,False,True,True,True,True,True,False,True
+100 brightness,green,tesseract,0.5254400920002809,0,4,0,8,False,False,False,False,False,False,False,False,False,False,False,False
+100 brightness,green,tesseract,0.3505206139998336,0,4,0,8,False,False,False,False,False,False,False,False,False,False,False,False
+100 brightness,green,tesseract,0.5233381870002631,0,4,2,8,False,False,False,False,False,False,True,True,False,False,False,False
+100 brightness,green,tesseract,0.47257993099992746,4,4,6,8,True,True,True,True,False,True,True,True,True,True,False,True
+100 brightness,green,tesseract,0.4329549450003469,1,4,3,8,False,False,False,True,False,True,False,True,True,False,False,False
+100 brightness,green,tesseract,0.4003287619998446,1,4,1,8,False,False,False,True,False,True,False,False,False,False,False,False
+100 brightness,green,tesseract,0.4992120070000965,0,4,0,8,False,False,False,False,False,False,False,False,False,False,False,False
+100 brightness,green,easyocr,2.277133323000271,1,4,2,8,True,False,False,False,False,False,False,True,True,False,False,False
+100 brightness,green,easyocr,2.2044930549991477,2,4,2,8,False,True,False,True,False,True,False,False,True,False,False,False
+100 brightness,green,easyocr,2.2882731619993137,2,4,6,8,False,True,False,True,False,True,True,True,True,True,False,True
+100 brightness,green,easyocr,2.099829927999963,0,4,0,8,False,False,False,False,False,False,False,False,False,False,False,False
+100 brightness,green,easyocr,2.3492582579992813,0,4,0,8,False,False,False,False,False,False,False,False,False,False,False,False
+100 brightness,green,easyocr,2.257202416999462,0,4,0,8,False,False,False,False,False,False,False,False,False,False,False,False
+100 brightness,green,easyocr,2.1675269699999262,4,4,5,8,True,True,True,True,False,True,False,True,True,True,False,True
+100 brightness,green,easyocr,2.2412098530003277,4,4,5,8,True,True,True,True,False,True,False,True,True,True,False,True
+100 brightness,green,easyocr,2.1999298000000636,2,4,4,8,False,True,False,True,False,True,False,True,False,True,False,True
+100 brightness,green,easyocr,2.1005442690002383,0,4,0,8,False,False,False,False,False,False,False,False,False,False,False,False
+100 brightness,red,tesseract,0.5327641550002227,1,4,3,8,True,False,False,False,False,False,True,True,True,False,False,False
+100 brightness,red,tesseract,0.6112569790002453,2,4,2,8,True,False,False,True,False,True,False,False,True,False,False,False
+100 brightness,red,tesseract,0.5471092750003663,2,4,6,8,True,False,False,True,False,True,True,True,True,True,False,True
+100 brightness,red,tesseract,0.48490597599993635,0,4,1,8,False,False,False,False,False,False,False,False,True,False,False,False
+100 brightness,red,tesseract,0.520944674999555,4,4,6,8,True,True,True,True,False,True,True,True,True,True,False,True
+100 brightness,red,tesseract,0.5222902679997787,0,4,2,8,False,False,False,False,False,False,True,True,False,False,False,False
+100 brightness,red,tesseract,0.7400195549998898,3,4,5,8,True,True,False,True,False,True,True,True,True,False,False,True
+100 brightness,red,tesseract,0.44086737299949164,4,4,5,8,True,True,True,True,False,True,False,True,True,True,False,True
+100 brightness,red,tesseract,0.430126129999735,4,4,5,8,True,True,True,True,False,True,False,True,True,True,False,True
+100 brightness,red,tesseract,0.40055965699957596,0,4,0,8,False,False,False,False,False,False,False,False,False,False,False,False
+100 brightness,red,easyocr,2.266342719000022,0,4,2,8,False,False,False,False,False,False,False,True,True,False,False,False
+100 brightness,red,easyocr,2.2857726359998196,0,4,0,8,False,False,False,False,False,False,False,False,False,False,False,False
+100 brightness,red,easyocr,2.3144097320000583,2,4,6,8,False,True,False,True,False,True,True,True,True,True,False,True
+100 brightness,red,easyocr,2.1517264280000745,1,4,0,8,True,False,False,False,False,False,False,False,False,False,False,False
+100 brightness,red,easyocr,2.2648257319997356,0,4,0,8,False,False,False,False,False,False,False,False,False,False,False,False
+100 brightness,red,easyocr,2.2868816309992326,0,4,0,8,False,False,False,False,False,False,False,False,False,False,False,False
+100 brightness,red,easyocr,2.1229393399999026,1,4,3,8,False,False,False,True,False,True,False,True,False,True,False,False
+100 brightness,red,easyocr,2.261740785999791,4,4,5,8,True,True,True,True,False,True,False,True,True,True,False,True
+100 brightness,red,easyocr,2.2173676780003007,2,4,4,8,False,True,False,True,False,True,False,True,False,True,False,True
+100 brightness,red,easyocr,2.0955992690005587,0,4,0,8,False,False,False,False,False,False,False,False,False,False,False,False
+100 brightness,red-green,tesseract,0.5186073220002072,1,4,3,8,True,False,False,False,False,False,True,True,True,False,False,False
+100 brightness,red-green,tesseract,0.738057452999783,4,4,4,8,True,True,True,True,False,True,False,True,True,True,False,False
+100 brightness,red-green,tesseract,0.6943981660006102,2,4,7,8,False,True,False,True,True,True,True,True,True,True,False,True
+100 brightness,red-green,tesseract,0.5196951940006329,0,4,1,8,False,False,False,False,False,False,False,False,True,False,False,False
+100 brightness,red-green,tesseract,0.4122693099998287,1,4,1,8,False,False,False,True,False,True,False,False,False,False,False,False
+100 brightness,red-green,tesseract,0.5024325619997398,0,4,3,8,False,False,False,False,False,False,True,True,False,True,False,False
+100 brightness,red-green,tesseract,0.6115279200002988,3,4,6,8,True,True,False,True,False,True,True,True,True,False,True,True
+100 brightness,red-green,tesseract,0.47215912899991963,1,4,3,8,False,False,False,True,False,True,False,True,False,False,False,True
+100 brightness,red-green,tesseract,0.44675902200015116,4,4,5,8,True,True,True,True,False,True,False,True,True,True,False,True
+100 brightness,red-green,tesseract,0.505381973999647,0,4,0,8,False,False,False,False,False,False,False,False,False,False,False,False
+100 brightness,red-green,easyocr,2.2313796139997066,1,4,3,8,True,False,False,False,False,False,False,True,True,True,False,False
+100 brightness,red-green,easyocr,2.2083128670001315,2,4,2,8,False,True,False,True,False,True,False,False,True,False,False,False
+100 brightness,red-green,easyocr,2.276745127999675,2,4,6,8,False,True,False,True,False,True,True,True,True,True,False,True
+100 brightness,red-green,easyocr,2.1535383279997404,1,4,0,8,True,False,False,False,False,False,False,False,False,False,False,False
+100 brightness,red-green,easyocr,2.3285413860003246,0,4,0,8,False,False,False,False,False,False,False,False,False,False,False,False
+100 brightness,red-green,easyocr,2.5973312500000247,2,4,1,8,True,False,False,True,False,True,False,False,False,False,False,False
+100 brightness,red-green,easyocr,2.1703210420000687,2,4,4,8,True,False,False,True,False,True,False,True,True,True,False,False
+100 brightness,red-green,easyocr,2.2899385649998294,4,4,5,8,True,True,True,True,False,True,False,True,True,True,False,True
+100 brightness,red-green,easyocr,2.196599425000386,2,4,4,8,False,True,False,True,False,True,False,True,False,True,False,True
+100 brightness,red-green,easyocr,2.1325166209999225,0,4,0,8,False,False,False,False,False,False,False,False,False,False,False,False
+100 brightness,green-blue,tesseract,0.5176889699996536,1,4,4,8,False,False,False,True,False,True,True,True,True,False,False,False
+100 brightness,green-blue,tesseract,0.6573009940002521,0,4,1,8,False,False,False,False,False,False,False,False,True,False,False,False
+100 brightness,green-blue,tesseract,0.5347281100002874,2,4,6,8,True,False,False,True,False,True,True,True,True,True,False,True
+100 brightness,green-blue,tesseract,0.5123824700003752,1,4,1,8,True,False,False,False,False,False,False,False,True,False,False,False
+100 brightness,green-blue,tesseract,0.5336720449995482,1,4,2,8,False,False,False,True,False,True,False,True,False,False,False,False
+100 brightness,green-blue,tesseract,0.47096529099962936,0,4,2,8,False,False,False,False,False,False,True,True,False,False,False,False
+100 brightness,green-blue,tesseract,0.757635355000275,4,4,7,8,True,True,True,True,False,True,True,True,True,True,True,True
+100 brightness,green-blue,tesseract,0.49135089599985804,4,4,5,8,True,True,True,True,False,True,False,True,True,True,False,True
+100 brightness,green-blue,tesseract,0.4195783280001706,4,4,6,8,True,True,True,True,False,True,False,True,True,True,True,True
+100 brightness,green-blue,tesseract,0.49085191100039083,0,4,0,8,False,False,False,False,False,False,False,False,False,False,False,False
+100 brightness,green-blue,easyocr,2.276599305999298,1,4,2,8,True,False,False,False,False,False,False,True,True,False,False,False
+100 brightness,green-blue,easyocr,2.201153277999765,2,4,2,8,False,True,False,True,False,True,False,False,True,False,False,False
+100 brightness,green-blue,easyocr,2.273214660999656,2,4,6,8,False,True,False,True,False,True,True,True,True,True,False,True
+100 brightness,green-blue,easyocr,2.149168816999918,1,4,0,8,True,False,False,False,False,False,False,False,False,False,False,False
+100 brightness,green-blue,easyocr,2.341618948999894,0,4,0,8,False,False,False,False,False,False,False,False,False,False,False,False
+100 brightness,green-blue,easyocr,2.2840025429995876,0,4,0,8,False,False,False,False,False,False,False,False,False,False,False,False
+100 brightness,green-blue,easyocr,2.2060690520002026,2,4,4,8,True,False,False,True,False,True,False,True,False,True,False,True
+100 brightness,green-blue,easyocr,2.291147574000206,4,4,5,8,True,True,True,True,False,True,False,True,True,True,False,True
+100 brightness,green-blue,easyocr,2.2213201049999043,2,4,4,8,False,True,False,True,False,True,False,True,False,True,False,True
+100 brightness,green-blue,easyocr,2.148206804000438,0,4,0,8,False,False,False,False,False,False,False,False,False,False,False,False
+100 brightness,red-blue,tesseract,0.4910794480001641,1,4,3,8,True,False,False,False,False,False,True,True,True,False,False,False
+100 brightness,red-blue,tesseract,0.6155600470001446,4,4,4,8,True,True,True,True,False,True,False,True,True,True,False,False
+100 brightness,red-blue,tesseract,0.6484483599997475,2,4,6,8,True,False,False,True,False,True,True,True,True,True,False,True
+100 brightness,red-blue,tesseract,0.49809697899945604,0,4,1,8,False,False,False,False,False,False,False,False,True,False,False,False
+100 brightness,red-blue,tesseract,0.5309971690003294,1,4,3,8,False,False,False,True,False,True,False,True,True,False,False,False
+100 brightness,red-blue,tesseract,0.5215151120000883,0,4,2,8,False,False,False,False,False,False,True,True,False,False,False,False
+100 brightness,red-blue,tesseract,0.6900965479999286,2,4,6,8,False,True,False,True,False,True,True,True,False,True,True,True
+100 brightness,red-blue,tesseract,0.4442181900003561,4,4,5,8,True,True,True,True,False,True,False,True,True,True,False,True
+100 brightness,red-blue,tesseract,0.3965460510007688,4,4,6,8,True,True,True,True,False,True,True,True,True,True,False,True
+100 brightness,red-blue,tesseract,0.47643071099992085,0,4,0,8,False,False,False,False,False,False,False,False,False,False,False,False
+100 brightness,red-blue,easyocr,2.2029806580003424,1,4,2,8,True,False,False,False,False,False,False,True,True,False,False,False
+100 brightness,red-blue,easyocr,2.2634139900001173,2,4,2,8,False,True,False,True,False,True,False,False,True,False,False,False
+100 brightness,red-blue,easyocr,2.2625704219999534,2,4,6,8,False,True,False,True,False,True,True,True,True,True,False,True
+100 brightness,red-blue,easyocr,2.2993491340002947,1,4,0,8,True,False,False,False,False,False,False,False,False,False,False,False
+100 brightness,red-blue,easyocr,2.289551973000016,0,4,0,8,False,False,False,False,False,False,False,False,False,False,False,False
+100 brightness,red-blue,easyocr,2.601697950000016,1,4,0,8,True,False,False,False,False,False,False,False,False,False,False,False
+100 brightness,red-blue,easyocr,2.152959555999587,1,4,3,8,False,False,False,True,False,True,False,True,False,True,False,False
+100 brightness,red-blue,easyocr,2.2928530640001554,2,4,4,8,False,True,False,True,False,True,False,True,True,False,False,True
+100 brightness,red-blue,easyocr,2.1511422890007452,2,4,4,8,False,True,False,True,False,True,False,True,False,True,False,True
+100 brightness,red-blue,easyocr,2.1531757899992954,0,4,0,8,False,False,False,False,False,False,False,False,False,False,False,False
+100 brightness,grayscale,tesseract,0.5800049469999067,2,4,3,8,True,False,False,True,False,True,False,True,True,False,False,False
+100 brightness,grayscale,tesseract,0.6571705469996232,2,4,4,8,True,False,False,True,False,True,False,True,True,True,False,False
+100 brightness,grayscale,tesseract,0.6559864809996725,1,4,6,8,False,False,False,True,False,True,True,True,True,True,False,True
+100 brightness,grayscale,tesseract,0.508811489999971,0,4,0,8,False,False,False,False,False,False,False,False,False,False,False,False
+100 brightness,grayscale,tesseract,0.4158792810003433,0,4,0,8,False,False,False,False,False,False,False,False,False,False,False,False
+100 brightness,grayscale,tesseract,0.5054525830000784,0,4,2,8,False,False,False,False,False,False,True,True,False,False,False,False
+100 brightness,grayscale,tesseract,0.6870143980004286,3,4,6,8,True,True,False,True,False,True,True,True,True,False,True,True
+100 brightness,grayscale,tesseract,0.46120050199988327,2,4,4,8,True,False,False,True,False,True,False,True,True,True,False,False
+100 brightness,grayscale,tesseract,0.44625137000002724,4,4,5,8,True,True,True,True,False,True,False,True,True,True,False,True
+100 brightness,grayscale,tesseract,0.5107437950000531,0,4,0,8,False,False,False,False,False,False,False,False,False,False,False,False
+100 brightness,grayscale,easyocr,2.1968202869993547,0,4,2,8,False,False,False,False,False,False,False,True,True,False,False,False
+100 brightness,grayscale,easyocr,2.2491286950007634,2,4,2,8,False,True,False,True,False,True,False,False,True,False,False,False
+100 brightness,grayscale,easyocr,2.284944271000313,2,4,6,8,False,True,False,True,False,True,True,True,True,True,False,True
+100 brightness,grayscale,easyocr,2.1445476089993463,1,4,0,8,True,False,False,False,False,False,False,False,False,False,False,False
+100 brightness,grayscale,easyocr,2.2954346679998707,0,4,0,8,False,False,False,False,False,False,False,False,False,False,False,False
+100 brightness,grayscale,easyocr,2.4963334470003247,2,4,1,8,True,False,False,True,False,True,False,False,False,False,False,False
+100 brightness,grayscale,easyocr,2.131150145999527,2,4,4,8,True,False,False,True,False,True,False,True,True,True,False,False
+100 brightness,grayscale,easyocr,2.30662942500021,4,4,5,8,True,True,True,True,False,True,False,True,True,True,False,True
+100 brightness,grayscale,easyocr,2.1456064149997474,2,4,4,8,False,True,False,True,False,True,False,True,False,True,False,True
+100 brightness,grayscale,easyocr,2.167056983999828,0,4,0,8,False,False,False,False,False,False,False,False,False,False,False,False
simple laplacian,none,tesseract,0.7510046730003523,1,4,1,8,True,False,False,False,False,False,False,True,False,False,False,False
simple laplacian,none,tesseract,1.0413118429996757,0,4,3,8,False,False,False,False,False,False,True,False,False,True,False,True
simple laplacian,none,tesseract,1.0956875620004212,0,4,0,8,False,False,False,False,False,False,False,False,False,False,False,False
simple laplacian,none,tesseract,0.7469829660003597,0,4,0,8,False,False,False,False,False,False,False,False,False,False,False,False
simple laplacian,none,tesseract,1.1577519949996713,1,4,3,8,True,False,False,False,False,False,False,True,True,True,False,False
simple laplacian,none,tesseract,1.0141687060004188,0,4,0,8,False,False,False,False,False,False,False,False,False,False,False,False
simple laplacian,none,tesseract,0.8667775079993589,1,4,3,8,True,False,False,False,False,False,False,True,True,True,False,False
simple laplacian,none,tesseract,1.0193773320006585,0,4,0,8,False,False,False,False,False,False,False,False,False,False,False,False
simple laplacian,none,tesseract,0.9108804389998113,1,4,2,8,False,False,False,True,False,True,True,False,False,False,False,False
simple laplacian,none,tesseract,0.7558827349994317,0,4,0,8,False,False,False,False,False,False,False,False,False,False,False,False
simple laplacian,none,easyocr,2.506201401999533,1,4,1,8,True,False,False,False,False,False,False,False,False,True,False,False
simple laplacian,none,easyocr,2.51472952200038,2,4,1,8,False,True,False,True,False,True,False,False,False,False,False,False
simple laplacian,none,easyocr,2.62741082499997,1,4,1,8,False,False,False,True,False,True,False,False,False,False,False,False
simple laplacian,none,easyocr,2.482568829000229,0,4,0,8,False,False,False,False,False,False,False,False,False,False,False,False
simple laplacian,none,easyocr,2.294649235000179,0,4,0,8,False,False,False,False,False,False,False,False,False,False,False,False
simple laplacian,none,easyocr,2.5458648800004084,0,4,0,8,False,False,False,False,False,False,False,False,False,False,False,False
simple laplacian,none,easyocr,2.4968300569998974,1,4,1,8,False,True,False,False,False,False,False,False,False,False,False,True
simple laplacian,none,easyocr,2.456005025000195,1,4,1,8,False,False,False,True,False,True,False,False,False,False,False,False
simple laplacian,none,easyocr,2.4795521819996793,1,4,2,8,False,False,False,True,False,True,False,False,False,True,False,False
simple laplacian,none,easyocr,2.360642439000003,0,4,0,8,False,False,False,False,False,False,False,False,False,False,False,False
simple laplacian,blue,tesseract,0.5411825350001891,0,4,1,8,False,False,False,False,False,False,False,True,False,False,False,False
simple laplacian,blue,tesseract,0.6981648709997899,1,4,3,8,False,True,False,False,False,False,True,False,False,True,False,True
simple laplacian,blue,tesseract,1.0756969919993935,0,4,2,8,False,False,False,False,False,False,False,False,True,True,False,False
simple laplacian,blue,tesseract,0.5090295410000181,0,4,0,8,False,False,False,False,False,False,False,False,False,False,False,False
simple laplacian,blue,tesseract,0.9567855719997169,0,4,2,8,False,False,False,False,False,False,True,False,True,False,False,False
simple laplacian,blue,tesseract,0.9110821479998776,0,4,0,8,False,False,False,False,False,False,False,False,False,False,False,False
simple laplacian,blue,tesseract,1.078659841999979,1,4,2,8,False,True,False,False,False,False,False,True,False,False,False,True
simple laplacian,blue,tesseract,0.6053674530003263,0,4,0,8,False,False,False,False,False,False,False,False,False,False,False,False
simple laplacian,blue,tesseract,0.8125615440003457,0,4,1,8,False,False,False,False,False,False,True,False,False,False,False,False
simple laplacian,blue,tesseract,0.6301035790002061,0,4,0,8,False,False,False,False,False,False,False,False,False,False,False,False
simple laplacian,blue,easyocr,2.5338351029995465,0,4,0,8,False,False,False,False,False,False,False,False,False,False,False,False
simple laplacian,blue,easyocr,2.5388431830006084,1,4,2,8,False,True,False,False,False,False,False,True,False,True,False,False
simple laplacian,blue,easyocr,2.6464785889993436,1,4,3,8,False,False,False,True,False,True,False,False,True,True,False,False
simple laplacian,blue,easyocr,2.3915947329996925,0,4,1,8,False,False,False,False,False,False,False,False,False,True,False,False
simple laplacian,blue,easyocr,2.31643307000013,0,4,0,8,False,False,False,False,False,False,False,False,False,False,False,False
simple laplacian,blue,easyocr,2.4605736840003374,0,4,0,8,False,False,False,False,False,False,False,False,False,False,False,False
simple laplacian,blue,easyocr,2.4681962949998706,1,4,1,8,False,True,False,False,False,False,False,False,False,False,False,True
simple laplacian,blue,easyocr,2.5150107999998,1,4,2,8,False,False,False,True,False,True,False,False,True,False,False,False
simple laplacian,blue,easyocr,2.475158630999431,1,4,1,8,False,False,False,True,False,True,False,False,False,False,False,False
simple laplacian,blue,easyocr,2.3464444949995595,0,4,0,8,False,False,False,False,False,False,False,False,False,False,False,False
simple laplacian,green,tesseract,0.6186139890005506,0,4,1,8,False,False,False,False,False,False,False,True,False,False,False,False
simple laplacian,green,tesseract,0.8793706910000765,0,4,0,8,False,False,False,False,False,False,False,False,False,False,False,False
simple laplacian,green,tesseract,0.7086324260008041,0,4,0,8,False,False,False,False,False,False,False,False,False,False,False,False
simple laplacian,green,tesseract,0.6260092699994857,0,4,0,8,False,False,False,False,False,False,False,False,False,False,False,False
simple laplacian,green,tesseract,0.9365350520001812,0,4,0,8,False,False,False,False,False,False,False,False,False,False,False,False
simple laplacian,green,tesseract,0.7232936210002663,0,4,0,8,False,False,False,False,False,False,False,False,False,False,False,False
simple laplacian,green,tesseract,0.6965993659996457,0,4,3,8,False,False,False,False,False,False,False,True,False,True,True,False
simple laplacian,green,tesseract,0.6220297259997096,0,4,0,8,False,False,False,False,False,False,False,False,False,False,False,False
simple laplacian,green,tesseract,0.8479984409996177,1,4,2,8,False,False,False,True,False,True,True,False,False,False,False,False
simple laplacian,green,tesseract,0.6320238230000541,0,4,0,8,False,False,False,False,False,False,False,False,False,False,False,False
simple laplacian,green,easyocr,2.305807227000514,0,4,1,8,False,False,False,False,False,False,False,True,False,False,False,False
simple laplacian,green,easyocr,2.454589259000386,2,4,2,8,True,True,False,False,False,False,False,False,True,True,False,False
simple laplacian,green,easyocr,2.8665128129996447,1,4,3,8,False,False,False,True,False,True,False,False,True,True,False,False
simple laplacian,green,easyocr,2.202224530999956,0,4,0,8,False,False,False,False,False,False,False,False,False,False,False,False
simple laplacian,green,easyocr,2.2658733459993528,0,4,1,8,False,False,False,False,False,False,False,False,True,False,False,False
simple laplacian,green,easyocr,2.270176655000796,0,4,0,8,False,False,False,False,False,False,False,False,False,False,False,False
simple laplacian,green,easyocr,2.507619195999723,2,4,2,8,False,True,False,True,False,True,False,False,False,False,False,True
simple laplacian,green,easyocr,2.213342336000096,1,4,1,8,False,False,False,True,False,True,False,False,False,False,False,False
simple laplacian,green,easyocr,2.468272261000493,1,4,1,8,False,False,False,True,False,True,False,False,False,False,False,False
simple laplacian,green,easyocr,2.288343459999851,0,4,0,8,False,False,False,False,False,False,False,False,False,False,False,False
simple laplacian,red,tesseract,0.5114685290000125,0,4,1,8,False,False,False,False,False,False,False,True,False,False,False,False
simple laplacian,red,tesseract,0.4257809509999788,0,4,0,8,False,False,False,False,False,False,False,False,False,False,False,False
simple laplacian,red,tesseract,0.7092924129992753,1,4,0,8,False,False,False,True,False,False,False,False,False,False,False,False
simple laplacian,red,tesseract,0.57780170299975,0,4,1,8,False,False,False,False,False,False,True,False,False,False,False,False
simple laplacian,red,tesseract,0.711239053999634,0,4,1,8,False,False,False,False,False,False,False,True,False,False,False,False
simple laplacian,red,tesseract,0.754622064000614,0,4,0,8,False,False,False,False,False,False,False,False,False,False,False,False
simple laplacian,red,tesseract,0.7074160490001304,0,4,2,8,False,False,False,False,False,False,False,True,True,False,False,False
simple laplacian,red,tesseract,0.5770674389996202,1,4,2,8,False,False,False,True,False,True,False,True,False,False,False,False
simple laplacian,red,tesseract,0.5629093220004506,1,4,2,8,False,False,False,True,False,True,True,False,False,False,False,False
simple laplacian,red,tesseract,0.589160229999834,0,4,0,8,False,False,False,False,False,False,False,False,False,False,False,False
simple laplacian,red,easyocr,2.3265690480002377,0,4,0,8,False,False,False,False,False,False,False,False,False,False,False,False
simple laplacian,red,easyocr,2.2739055609999923,0,4,0,8,False,False,False,False,False,False,False,False,False,False,False,False
simple laplacian,red,easyocr,2.676524898000025,1,4,1,8,False,False,False,True,False,True,False,False,False,False,False,False
simple laplacian,red,easyocr,2.353402941999775,0,4,1,8,False,False,False,False,False,False,False,False,False,True,False,False
simple laplacian,red,easyocr,2.298395673000414,1,4,0,8,False,True,False,False,False,False,False,False,False,False,False,False
simple laplacian,red,easyocr,2.295493775999603,0,4,0,8,False,False,False,False,False,False,False,False,False,False,False,False
simple laplacian,red,easyocr,2.4712906919994566,2,4,2,8,False,True,False,True,False,True,False,False,False,False,False,True
simple laplacian,red,easyocr,2.2606266779994257,0,4,1,8,False,False,False,False,False,False,False,False,True,False,False,False
simple laplacian,red,easyocr,2.4027329249993272,1,4,2,8,False,False,False,True,False,True,False,True,False,False,False,False
simple laplacian,red,easyocr,2.1616763780002657,0,4,0,8,False,False,False,False,False,False,False,False,False,False,False,False
simple laplacian,red-green,tesseract,0.5402789109994046,1,4,1,8,True,False,False,False,False,False,False,True,False,False,False,False
simple laplacian,red-green,tesseract,0.5829384130001927,1,4,1,8,False,True,False,False,False,False,False,False,False,False,False,True
simple laplacian,red-green,tesseract,1.1438855879996481,0,4,2,8,False,False,False,False,False,False,False,False,True,True,False,False
simple laplacian,red-green,tesseract,0.5677949459995943,0,4,0,8,False,False,False,False,False,False,False,False,False,False,False,False
simple laplacian,red-green,tesseract,1.0048122550006156,0,4,1,8,False,False,False,False,False,False,False,False,True,False,False,False
simple laplacian,red-green,tesseract,0.7965718920004292,0,4,0,8,False,False,False,False,False,False,False,False,False,False,False,False
simple laplacian,red-green,tesseract,0.7216489809998166,1,4,3,8,False,True,False,False,False,False,False,True,True,False,False,True
simple laplacian,red-green,tesseract,0.7438900849992933,0,4,0,8,False,False,False,False,False,False,False,False,False,False,False,False
simple laplacian,red-green,tesseract,0.8093261940002776,1,4,2,8,False,False,False,True,False,True,True,False,False,False,False,False
simple laplacian,red-green,tesseract,0.6836416999994981,0,4,0,8,False,False,False,False,False,False,False,False,False,False,False,False
simple laplacian,red-green,easyocr,2.521986738999658,0,4,0,8,False,False,False,False,False,False,False,False,False,False,False,False
simple laplacian,red-green,easyocr,2.501744404999954,2,4,2,8,False,True,False,True,False,True,False,False,False,True,False,False
simple laplacian,red-green,easyocr,2.7543623419996948,1,4,3,8,False,False,False,True,False,True,False,False,True,True,False,False
simple laplacian,red-green,easyocr,2.368936942999426,0,4,0,8,False,False,False,False,False,False,False,False,False,False,False,False
simple laplacian,red-green,easyocr,2.219857066000259,0,4,1,8,False,False,False,False,False,False,False,False,True,False,False,False
simple laplacian,red-green,easyocr,2.4633398870000747,0,4,0,8,False,False,False,False,False,False,False,False,False,False,False,False
simple laplacian,red-green,easyocr,2.466954513000019,2,4,2,8,False,True,False,True,False,True,False,False,False,False,False,True
simple laplacian,red-green,easyocr,2.437572328999522,1,4,1,8,False,False,False,True,False,True,False,False,False,False,False,False
simple laplacian,red-green,easyocr,2.4486321679996763,1,4,1,8,False,False,False,True,False,True,False,False,False,False,False,False
simple laplacian,red-green,easyocr,2.343621345000429,0,4,0,8,False,False,False,False,False,False,False,False,False,False,False,False
simple laplacian,green-blue,tesseract,0.6293661169993356,0,4,1,8,False,False,False,False,False,False,False,True,False,False,False,False
simple laplacian,green-blue,tesseract,0.5080382970008941,1,4,2,8,False,False,False,True,False,True,False,False,False,False,False,True
simple laplacian,green-blue,tesseract,0.6448900570003389,0,4,0,8,False,False,False,False,False,False,False,False,False,False,False,False
simple laplacian,green-blue,tesseract,0.6391376700003093,0,4,0,8,False,False,False,False,False,False,False,False,False,False,False,False
simple laplacian,green-blue,tesseract,1.1208724539992545,0,4,2,8,False,False,False,False,False,False,False,False,True,True,False,False
simple laplacian,green-blue,tesseract,0.798398721999547,0,4,0,8,False,False,False,False,False,False,False,False,False,False,False,False
simple laplacian,green-blue,tesseract,0.7136789750002208,0,4,2,8,False,False,False,False,False,False,False,True,True,False,False,False
simple laplacian,green-blue,tesseract,0.5992057140001634,0,4,0,8,False,False,False,False,False,False,False,False,False,False,False,False
simple laplacian,green-blue,tesseract,0.7486551199999667,1,4,2,8,False,False,False,True,False,True,True,False,False,False,False,False
simple laplacian,green-blue,tesseract,0.6070686779994503,0,4,0,8,False,False,False,False,False,False,False,False,False,False,False,False
simple laplacian,green-blue,easyocr,2.2325308469999072,0,4,2,8,False,False,False,False,False,False,False,True,False,True,False,False
simple laplacian,green-blue,easyocr,2.34684712499984,2,4,2,8,False,True,False,True,False,True,False,False,True,False,False,False
simple laplacian,green-blue,easyocr,2.67678717400031,1,4,2,8,False,False,False,True,False,True,False,False,True,False,False,False
simple laplacian,green-blue,easyocr,2.42895236700042,0,4,0,8,False,False,False,False,False,False,False,False,False,False,False,False
simple laplacian,green-blue,easyocr,2.2229209449997143,0,4,1,8,False,False,False,False,False,False,False,False,True,False,False,False
simple laplacian,green-blue,easyocr,2.3566645749997406,0,4,1,8,False,False,False,False,False,False,False,False,True,False,False,False
simple laplacian,green-blue,easyocr,2.433279683999899,2,4,2,8,False,True,False,True,False,True,False,False,False,False,False,True
simple laplacian,green-blue,easyocr,2.2440238569997746,1,4,2,8,False,False,False,True,False,True,False,False,True,False,False,False
simple laplacian,green-blue,easyocr,2.4126750420000462,1,4,2,8,False,False,False,True,False,True,False,False,False,True,False,False
simple laplacian,green-blue,easyocr,2.3145081069997104,0,4,0,8,False,False,False,False,False,False,False,False,False,False,False,False
simple laplacian,red-blue,tesseract,0.5540563609993114,0,4,1,8,False,False,False,False,False,False,False,True,False,False,False,False
simple laplacian,red-blue,tesseract,0.4838473790005082,0,4,0,8,False,False,False,False,False,False,False,False,False,False,False,False
simple laplacian,red-blue,tesseract,0.7176173730003939,0,4,1,8,False,False,False,False,False,False,False,False,True,False,False,False
simple laplacian,red-blue,tesseract,0.640078098000231,0,4,0,8,False,False,False,False,False,False,False,False,False,False,False,False
simple laplacian,red-blue,tesseract,1.017313772000307,0,4,2,8,False,False,False,False,False,False,True,False,True,False,False,False
simple laplacian,red-blue,tesseract,0.8145019220000904,0,4,0,8,False,False,False,False,False,False,False,False,False,False,False,False
simple laplacian,red-blue,tesseract,0.7887840169996707,0,4,2,8,False,False,False,False,False,False,False,True,True,False,False,False
simple laplacian,red-blue,tesseract,0.5985395690004225,0,4,0,8,False,False,False,False,False,False,False,False,False,False,False,False
simple laplacian,red-blue,tesseract,0.7329985670003225,0,4,1,8,False,False,False,False,False,False,True,False,False,False,False,False
simple laplacian,red-blue,tesseract,0.6053807750004125,0,4,0,8,False,False,False,False,False,False,False,False,False,False,False,False
simple laplacian,red-blue,easyocr,2.5010280959995725,1,4,2,8,True,False,False,False,False,False,False,False,True,True,False,False
simple laplacian,red-blue,easyocr,2.700680496000132,2,4,3,8,False,True,False,True,False,True,False,False,True,True,False,False
simple laplacian,red-blue,easyocr,2.8071573269999135,1,4,1,8,False,False,False,True,False,True,False,False,False,False,False,False
simple laplacian,red-blue,easyocr,2.4306212139999843,0,4,1,8,False,False,False,False,False,False,False,False,False,True,False,False
simple laplacian,red-blue,easyocr,2.286267465000492,1,4,0,8,False,True,False,False,False,False,False,False,False,False,False,False
simple laplacian,red-blue,easyocr,2.395781170000191,0,4,0,8,False,False,False,False,False,False,False,False,False,False,False,False
simple laplacian,red-blue,easyocr,2.5073893580001823,2,4,2,8,False,True,False,True,False,True,False,False,False,False,False,True
simple laplacian,red-blue,easyocr,2.3644674150000355,1,4,1,8,False,False,False,True,False,True,False,False,False,False,False,False
simple laplacian,red-blue,easyocr,2.5006639910006925,1,4,1,8,False,False,False,True,False,True,False,False,False,False,False,False
simple laplacian,red-blue,easyocr,2.284877705999861,0,4,0,8,False,False,False,False,False,False,False,False,False,False,False,False
simple laplacian,grayscale,tesseract,0.6359260979997998,0,4,1,8,False,False,False,False,False,False,False,True,False,False,False,False
simple laplacian,grayscale,tesseract,0.6251882550004666,0,4,2,8,False,False,False,False,False,False,True,False,False,False,False,True
simple laplacian,grayscale,tesseract,0.7676502169997548,0,4,2,8,False,False,False,False,False,False,False,False,True,True,False,False
simple laplacian,grayscale,tesseract,0.5592992410001898,0,4,0,8,False,False,False,False,False,False,False,False,False,False,False,False
simple laplacian,grayscale,tesseract,0.9590598059994591,0,4,1,8,False,False,False,False,False,False,False,False,True,False,False,False
simple laplacian,grayscale,tesseract,0.7447391410005366,0,4,0,8,False,False,False,False,False,False,False,False,False,False,False,False
simple laplacian,grayscale,tesseract,0.6820533860000069,0,4,1,8,False,False,False,False,False,False,False,True,False,False,False,False
simple laplacian,grayscale,tesseract,0.5623304099999586,0,4,0,8,False,False,False,False,False,False,False,False,False,False,False,False
simple laplacian,grayscale,tesseract,0.7694087170002604,1,4,2,8,False,False,False,True,False,True,True,False,False,False,False,False
simple laplacian,grayscale,tesseract,0.6658994309991613,0,4,0,8,False,False,False,False,False,False,False,False,False,False,False,False
simple laplacian,grayscale,easyocr,2.441522344999612,1,4,0,8,True,False,False,False,False,False,False,False,False,False,False,False
simple laplacian,grayscale,easyocr,2.5181853949998185,2,4,3,8,False,True,False,True,False,True,False,False,True,True,False,False
simple laplacian,grayscale,easyocr,2.789236272999915,1,4,1,8,False,False,False,True,False,True,False,False,False,False,False,False
simple laplacian,grayscale,easyocr,2.3021126539997567,0,4,0,8,False,False,False,False,False,False,False,False,False,False,False,False
simple laplacian,grayscale,easyocr,2.2613038669996968,0,4,0,8,False,False,False,False,False,False,False,False,False,False,False,False
simple laplacian,grayscale,easyocr,2.3858646850003424,0,4,0,8,False,False,False,False,False,False,False,False,False,False,False,False
simple laplacian,grayscale,easyocr,2.5182631739999124,2,4,2,8,False,True,False,True,False,True,False,False,False,False,False,True
simple laplacian,grayscale,easyocr,2.3003187869999238,1,4,2,8,False,False,False,True,False,True,False,False,False,True,False,False
simple laplacian,grayscale,easyocr,2.5137427549998392,1,4,1,8,False,False,False,True,False,True,False,False,False,False,False,False
simple laplacian,grayscale,easyocr,2.323950149999291,0,4,0,8,False,False,False,False,False,False,False,False,False,False,False,False
precise laplacian,none,tesseract,0.9318468800001938,0,4,0,8,False,False,False,False,False,False,False,False,False,False,False,False
precise laplacian,none,tesseract,2.0719016220000412,0,4,0,8,False,False,False,False,False,False,False,False,False,False,False,False
precise laplacian,none,tesseract,2.041575785000532,0,4,0,8,False,False,False,False,False,False,False,False,False,False,False,False
precise laplacian,none,tesseract,0.8611057039997831,0,4,0,8,False,False,False,False,False,False,False,False,False,False,False,False
precise laplacian,none,tesseract,1.5985709830001724,0,4,0,8,False,False,False,False,False,False,False,False,False,False,False,False
precise laplacian,none,tesseract,1.255328286999429,0,4,0,8,False,False,False,False,False,False,False,False,False,False,False,False
precise laplacian,none,tesseract,1.6367126380000627,0,4,0,8,False,False,False,False,False,False,False,False,False,False,False,False
precise laplacian,none,tesseract,1.2743142939998506,0,4,0,8,False,False,False,False,False,False,False,False,False,False,False,False
precise laplacian,none,tesseract,1.2037592279993987,1,4,1,8,False,False,False,True,False,True,False,False,False,False,False,False
precise laplacian,none,tesseract,0.7457017480001014,0,4,0,8,False,False,False,False,False,False,False,False,False,False,False,False
precise laplacian,none,easyocr,2.3687514759994883,0,4,0,8,False,False,False,False,False,False,False,False,False,False,False,False
precise laplacian,none,easyocr,2.531173772999864,0,4,0,8,False,False,False,False,False,False,False,False,False,False,False,False
precise laplacian,none,easyocr,2.7061737029998767,0,4,0,8,False,False,False,False,False,False,False,False,False,False,False,False
precise laplacian,none,easyocr,2.2827271409996683,0,4,0,8,False,False,False,False,False,False,False,False,False,False,False,False
precise laplacian,none,easyocr,2.375710098000127,0,4,1,8,False,False,False,False,False,False,False,False,True,False,False,False
precise laplacian,none,easyocr,1.9163718499994502,0,4,0,8,False,False,False,False,False,False,False,False,False,False,False,False
precise laplacian,none,easyocr,2.4873067080006876,0,4,0,8,False,False,False,False,False,False,False,False,False,False,False,False
precise laplacian,none,easyocr,2.494203436999669,0,4,1,8,False,False,False,False,False,False,False,False,False,True,False,False
precise laplacian,none,easyocr,2.566277588999583,1,4,1,8,False,False,False,True,False,True,False,False,False,False,False,False
precise laplacian,none,easyocr,2.1120926829999007,0,4,0,8,False,False,False,False,False,False,False,False,False,False,False,False
precise laplacian,blue,tesseract,0.5740918829997099,0,4,0,8,False,False,False,False,False,False,False,False,False,False,False,False
precise laplacian,blue,tesseract,0.9953337759998249,0,4,0,8,False,False,False,False,False,False,False,False,False,False,False,False
precise laplacian,blue,tesseract,1.6578063409997412,0,4,0,8,False,False,False,False,False,False,False,False,False,False,False,False
precise laplacian,blue,tesseract,0.6187645559994053,0,4,0,8,False,False,False,False,False,False,False,False,False,False,False,False
precise laplacian,blue,tesseract,1.4431916710000223,0,4,0,8,False,False,False,False,False,False,False,False,False,False,False,False
precise laplacian,blue,tesseract,1.2003995529994427,0,4,0,8,False,False,False,False,False,False,False,False,False,False,False,False
precise laplacian,blue,tesseract,1.3849152239999967,0,4,0,8,False,False,False,False,False,False,False,False,False,False,False,False
precise laplacian,blue,tesseract,1.0270315109992225,0,4,0,8,False,False,False,False,False,False,False,False,False,False,False,False
precise laplacian,blue,tesseract,1.218379380999977,0,4,0,8,False,False,False,False,False,False,False,False,False,False,False,False
precise laplacian,blue,tesseract,0.671779751000031,0,4,0,8,False,False,False,False,False,False,False,False,False,False,False,False
precise laplacian,blue,easyocr,2.2958603520000906,0,4,0,8,False,False,False,False,False,False,False,False,False,False,False,False
precise laplacian,blue,easyocr,2.5067195430001448,0,4,0,8,False,False,False,False,False,False,False,False,False,False,False,False
precise laplacian,blue,easyocr,2.642193503999806,0,4,0,8,False,False,False,False,False,False,False,False,False,False,False,False
precise laplacian,blue,easyocr,2.224962826999217,0,4,0,8,False,False,False,False,False,False,False,False,False,False,False,False
precise laplacian,blue,easyocr,2.3701389549996748,0,4,0,8,False,False,False,False,False,False,False,False,False,False,False,False
precise laplacian,blue,easyocr,1.897083606999331,0,4,0,8,False,False,False,False,False,False,False,False,False,False,False,False
precise laplacian,blue,easyocr,2.365536883000459,0,4,0,8,False,False,False,False,False,False,False,False,False,False,False,False
precise laplacian,blue,easyocr,2.20720749100019,0,4,0,8,False,False,False,False,False,False,False,False,False,False,False,False
precise laplacian,blue,easyocr,2.5714975829996547,1,4,1,8,False,False,False,True,False,True,False,False,False,False,False,False
precise laplacian,blue,easyocr,2.0489914800000406,0,4,0,8,False,False,False,False,False,False,False,False,False,False,False,False
precise laplacian,green,tesseract,1.0360785650000253,0,4,0,8,False,False,False,False,False,False,False,False,False,False,False,False
precise laplacian,green,tesseract,1.8647736569992048,0,4,0,8,False,False,False,False,False,False,False,False,False,False,False,False
precise laplacian,green,tesseract,1.8222454599999764,0,4,0,8,False,False,False,False,False,False,False,False,False,False,False,False
precise laplacian,green,tesseract,0.5659530780003479,0,4,0,8,False,False,False,False,False,False,False,False,False,False,False,False
precise laplacian,green,tesseract,1.5827427719996194,0,4,0,8,False,False,False,False,False,False,False,False,False,False,False,False
precise laplacian,green,tesseract,0.8741390850000244,0,4,0,8,False,False,False,False,False,False,False,False,False,False,False,False
precise laplacian,green,tesseract,0.7962915669995709,0,4,1,8,False,False,False,False,False,False,False,False,True,False,False,False
precise laplacian,green,tesseract,0.6730566529995485,0,4,0,8,False,False,False,False,False,False,False,False,False,False,False,False
precise laplacian,green,tesseract,1.0108104809996803,0,4,1,8,False,False,False,False,False,False,False,False,True,False,False,False
precise laplacian,green,tesseract,0.6210475469997618,0,4,0,8,False,False,False,False,False,False,False,False,False,False,False,False
precise laplacian,green,easyocr,2.237474841000221,0,4,0,8,False,False,False,False,False,False,False,False,False,False,False,False
precise laplacian,green,easyocr,2.5397769820001486,0,4,0,8,False,False,False,False,False,False,False,False,False,False,False,False
precise laplacian,green,easyocr,2.5422069839996766,0,4,0,8,False,False,False,False,False,False,False,False,False,False,False,False
precise laplacian,green,easyocr,2.1815047289992435,0,4,0,8,False,False,False,False,False,False,False,False,False,False,False,False
precise laplacian,green,easyocr,2.3280690799992954,0,4,1,8,False,False,False,False,False,False,False,False,True,False,False,False
precise laplacian,green,easyocr,1.9487759019993973,0,4,0,8,False,False,False,False,False,False,False,False,False,False,False,False
precise laplacian,green,easyocr,2.4687932280003224,0,4,0,8,False,False,False,False,False,False,False,False,False,False,False,False
precise laplacian,green,easyocr,2.1877684259998205,0,4,0,8,False,False,False,False,False,False,False,False,False,False,False,False
precise laplacian,green,easyocr,2.4657807329995194,1,4,2,8,False,False,False,True,False,True,False,False,False,True,False,False
precise laplacian,green,easyocr,2.1322213670000565,0,4,0,8,False,False,False,False,False,False,False,False,False,False,False,False
precise laplacian,red,tesseract,0.5295113939992007,0,4,0,8,False,False,False,False,False,False,False,False,False,False,False,False
precise laplacian,red,tesseract,0.8302269850000812,0,4,0,8,False,False,False,False,False,False,False,False,False,False,False,False
precise laplacian,red,tesseract,0.8937928200002716,0,4,0,8,False,False,False,False,False,False,False,False,False,False,False,False
precise laplacian,red,tesseract,0.6281906029998936,0,4,1,8,False,False,False,False,False,False,False,False,True,False,False,False
precise laplacian,red,tesseract,1.8367083639996054,0,4,0,8,False,False,False,False,False,False,False,False,False,False,False,False
precise laplacian,red,tesseract,0.9025833370005785,0,4,0,8,False,False,False,False,False,False,False,False,False,False,False,False
precise laplacian,red,tesseract,1.449869246000162,0,4,0,8,False,False,False,False,False,False,False,False,False,False,False,False
precise laplacian,red,tesseract,0.5229209509998327,0,4,0,8,False,False,False,False,False,False,False,False,False,False,False,False
precise laplacian,red,tesseract,0.682678159999341,0,4,1,8,False,False,False,False,False,False,False,False,True,False,False,False
precise laplacian,red,tesseract,0.47679035700002714,0,4,0,8,False,False,False,False,False,False,False,False,False,False,False,False
precise laplacian,red,easyocr,2.3045863219995226,0,4,0,8,False,False,False,False,False,False,False,False,False,False,False,False
precise laplacian,red,easyocr,2.413757546999477,0,4,0,8,False,False,False,False,False,False,False,False,False,False,False,False
precise laplacian,red,easyocr,2.455156552000517,0,4,1,8,False,False,False,False,False,False,False,False,True,False,False,False
precise laplacian,red,easyocr,2.2018527259997427,0,4,0,8,False,False,False,False,False,False,False,False,False,False,False,False
precise laplacian,red,easyocr,2.3715099490000284,0,4,0,8,False,False,False,False,False,False,False,False,False,False,False,False
precise laplacian,red,easyocr,1.9431361239994658,0,4,0,8,False,False,False,False,False,False,False,False,False,False,False,False
precise laplacian,red,easyocr,2.343978345999858,0,4,0,8,False,False,False,False,False,False,False,False,False,False,False,False
precise laplacian,red,easyocr,2.180707588000587,0,4,0,8,False,False,False,False,False,False,False,False,False,False,False,False
precise laplacian,red,easyocr,2.46117219900043,1,4,2,8,False,False,False,True,False,True,False,False,False,True,False,False
precise laplacian,red,easyocr,2.036993964999965,0,4,0,8,False,False,False,False,False,False,False,False,False,False,False,False
precise laplacian,red-green,tesseract,0.599340986000243,0,4,0,8,False,False,False,False,False,False,False,False,False,False,False,False
precise laplacian,red-green,tesseract,1.1659331119999479,0,4,0,8,False,False,False,False,False,False,False,False,False,False,False,False
precise laplacian,red-green,tesseract,2.1723431290001827,0,4,0,8,False,False,False,False,False,False,False,False,False,False,False,False
precise laplacian,red-green,tesseract,0.5859059349995732,0,4,0,8,False,False,False,False,False,False,False,False,False,False,False,False
precise laplacian,red-green,tesseract,1.4625723340004697,0,4,0,8,False,False,False,False,False,False,False,False,False,False,False,False
precise laplacian,red-green,tesseract,1.0401436289994308,0,4,0,8,False,False,False,False,False,False,False,False,False,False,False,False
precise laplacian,red-green,tesseract,1.3775050899994312,0,4,1,8,False,False,False,False,False,False,False,False,True,False,False,False
precise laplacian,red-green,tesseract,0.9698778969996056,0,4,0,8,False,False,False,False,False,False,False,False,False,False,False,False
precise laplacian,red-green,tesseract,1.1030815049998637,0,4,0,8,False,False,False,False,False,False,False,False,False,False,False,False
precise laplacian,red-green,tesseract,0.6682925230006731,0,4,0,8,False,False,False,False,False,False,False,False,False,False,False,False
precise laplacian,red-green,easyocr,2.33596770999975,0,4,0,8,False,False,False,False,False,False,False,False,False,False,False,False
precise laplacian,red-green,easyocr,2.595477179000227,0,4,0,8,False,False,False,False,False,False,False,False,False,False,False,False
precise laplacian,red-green,easyocr,2.8215554790003807,1,4,1,8,False,False,False,True,False,True,False,False,False,False,False,False
precise laplacian,red-green,easyocr,2.332677856999908,0,4,0,8,False,False,False,False,False,False,False,False,False,False,False,False
precise laplacian,red-green,easyocr,2.373957230999622,0,4,0,8,False,False,False,False,False,False,False,False,False,False,False,False
precise laplacian,red-green,easyocr,1.9576867169998877,0,4,0,8,False,False,False,False,False,False,False,False,False,False,False,False
precise laplacian,red-green,easyocr,2.432034890000068,0,4,0,8,False,False,False,False,False,False,False,False,False,False,False,False
precise laplacian,red-green,easyocr,2.2631266030002735,0,4,1,8,False,False,False,False,False,False,False,False,True,False,False,False
precise laplacian,red-green,easyocr,2.557466034000754,1,4,1,8,False,False,False,True,False,True,False,False,False,False,False,False
precise laplacian,red-green,easyocr,2.103890864999812,0,4,0,8,False,False,False,False,False,False,False,False,False,False,False,False
precise laplacian,green-blue,tesseract,0.6350414369999271,0,4,0,8,False,False,False,False,False,False,False,False,False,False,False,False
precise laplacian,green-blue,tesseract,1.098328966999361,0,4,1,8,False,False,False,False,False,False,False,False,False,True,False,False
precise laplacian,green-blue,tesseract,0.8060654930004603,0,4,0,8,False,False,False,False,False,False,False,False,False,False,False,False
precise laplacian,green-blue,tesseract,0.5312076299996988,0,4,0,8,False,False,False,False,False,False,False,False,False,False,False,False
precise laplacian,green-blue,tesseract,1.8420254120001118,0,4,0,8,False,False,False,False,False,False,False,False,False,False,False,False
precise laplacian,green-blue,tesseract,0.9685792740001489,0,4,0,8,False,False,False,False,False,False,False,False,False,False,False,False
precise laplacian,green-blue,tesseract,0.7456893130001845,0,4,0,8,False,False,False,False,False,False,False,False,False,False,False,False
precise laplacian,green-blue,tesseract,0.5120092500001192,0,4,1,8,False,False,False,False,False,False,False,False,False,True,False,False
precise laplacian,green-blue,tesseract,0.9103972270004306,0,4,1,8,False,False,False,False,False,False,False,False,True,False,False,False
precise laplacian,green-blue,tesseract,0.43599810599971534,0,4,0,8,False,False,False,False,False,False,False,False,False,False,False,False
precise laplacian,green-blue,easyocr,2.3215212719997,0,4,0,8,False,False,False,False,False,False,False,False,False,False,False,False
precise laplacian,green-blue,easyocr,2.344126304999918,0,4,0,8,False,False,False,False,False,False,False,False,False,False,False,False
precise laplacian,green-blue,easyocr,2.4862258070006646,0,4,0,8,False,False,False,False,False,False,False,False,False,False,False,False
precise laplacian,green-blue,easyocr,2.3016194510000787,0,4,0,8,False,False,False,False,False,False,False,False,False,False,False,False
precise laplacian,green-blue,easyocr,2.373457857000176,0,4,1,8,False,False,False,False,False,False,False,False,True,False,False,False
precise laplacian,green-blue,easyocr,1.9474079829997208,0,4,0,8,False,False,False,False,False,False,False,False,False,False,False,False
precise laplacian,green-blue,easyocr,2.4390660409999327,0,4,1,8,False,False,False,False,False,False,False,False,True,False,False,False
precise laplacian,green-blue,easyocr,2.151211709000563,0,4,0,8,False,False,False,False,False,False,False,False,False,False,False,False
precise laplacian,green-blue,easyocr,2.4579698569996253,1,4,2,8,False,False,False,True,False,True,False,False,False,True,False,False
precise laplacian,green-blue,easyocr,2.0271654030002537,0,4,0,8,False,False,False,False,False,False,False,False,False,False,False,False
precise laplacian,red-blue,tesseract,0.49240843299958215,0,4,0,8,False,False,False,False,False,False,False,False,False,False,False,False
precise laplacian,red-blue,tesseract,0.7763352499996472,0,4,0,8,False,False,False,False,False,False,False,False,False,False,False,False
precise laplacian,red-blue,tesseract,1.8874958950000291,0,4,0,8,False,False,False,False,False,False,False,False,False,False,False,False
precise laplacian,red-blue,tesseract,0.6210770240004422,0,4,0,8,False,False,False,False,False,False,False,False,False,False,False,False
precise laplacian,red-blue,tesseract,1.6236844009999913,0,4,1,8,False,False,False,False,False,False,False,False,True,False,False,False
precise laplacian,red-blue,tesseract,1.014209646999916,0,4,0,8,False,False,False,False,False,False,False,False,False,False,False,False
precise laplacian,red-blue,tesseract,1.4355495890004022,0,4,0,8,False,False,False,False,False,False,False,False,False,False,False,False
precise laplacian,red-blue,tesseract,0.5717920839997532,0,4,0,8,False,False,False,False,False,False,False,False,False,False,False,False
precise laplacian,red-blue,tesseract,0.6414730759997838,0,4,0,8,False,False,False,False,False,False,False,False,False,False,False,False
precise laplacian,red-blue,tesseract,0.4639588130003176,0,4,0,8,False,False,False,False,False,False,False,False,False,False,False,False
precise laplacian,red-blue,easyocr,2.3226317359994937,0,4,0,8,False,False,False,False,False,False,False,False,False,False,False,False
precise laplacian,red-blue,easyocr,2.5372882060000848,0,4,0,8,False,False,False,False,False,False,False,False,False,False,False,False
precise laplacian,red-blue,easyocr,2.6241553950003436,0,4,0,8,False,False,False,False,False,False,False,False,False,False,False,False
precise laplacian,red-blue,easyocr,2.3919204989997525,0,4,0,8,False,False,False,False,False,False,False,False,False,False,False,False
precise laplacian,red-blue,easyocr,2.3251778579997335,0,4,0,8,False,False,False,False,False,False,False,False,False,False,False,False
precise laplacian,red-blue,easyocr,1.9604967820005186,0,4,0,8,False,False,False,False,False,False,False,False,False,False,False,False
precise laplacian,red-blue,easyocr,2.3491646530001162,0,4,0,8,False,False,False,False,False,False,False,False,False,False,False,False
precise laplacian,red-blue,easyocr,2.238819270000022,0,4,0,8,False,False,False,False,False,False,False,False,False,False,False,False
precise laplacian,red-blue,easyocr,2.4709859499998856,1,4,1,8,False,False,False,True,False,True,False,False,False,False,False,False
precise laplacian,red-blue,easyocr,2.1091398939997816,0,4,0,8,False,False,False,False,False,False,False,False,False,False,False,False
precise laplacian,grayscale,tesseract,0.6174748000003092,0,4,0,8,False,False,False,False,False,False,False,False,False,False,False,False
precise laplacian,grayscale,tesseract,1.596542455999952,0,4,0,8,False,False,False,False,False,False,False,False,False,False,False,False
precise laplacian,grayscale,tesseract,2.10764248400028,0,4,0,8,False,False,False,False,False,False,False,False,False,False,False,False
precise laplacian,grayscale,tesseract,0.5771151710005142,0,4,0,8,False,False,False,False,False,False,False,False,False,False,False,False
precise laplacian,grayscale,tesseract,1.6071004850000463,0,4,0,8,False,False,False,False,False,False,False,False,False,False,False,False
precise laplacian,grayscale,tesseract,1.0822107979993234,0,4,0,8,False,False,False,False,False,False,False,False,False,False,False,False
precise laplacian,grayscale,tesseract,0.8333873270003096,0,4,0,8,False,False,False,False,False,False,False,False,False,False,False,False
precise laplacian,grayscale,tesseract,0.6935612360002779,0,4,0,8,False,False,False,False,False,False,False,False,False,False,False,False
precise laplacian,grayscale,tesseract,0.8618041219997394,0,4,0,8,False,False,False,False,False,False,False,False,False,False,False,False
precise laplacian,grayscale,tesseract,0.6551512200003344,0,4,0,8,False,False,False,False,False,False,False,False,False,False,False,False
precise laplacian,grayscale,easyocr,2.333142441999371,0,4,0,8,False,False,False,False,False,False,False,False,False,False,False,False
precise laplacian,grayscale,easyocr,2.5860586940007124,0,4,0,8,False,False,False,False,False,False,False,False,False,False,False,False
precise laplacian,grayscale,easyocr,2.6753386629998204,0,4,0,8,False,False,False,False,False,False,False,False,False,False,False,False
precise laplacian,grayscale,easyocr,2.2459825149999233,0,4,0,8,False,False,False,False,False,False,False,False,False,False,False,False
precise laplacian,grayscale,easyocr,2.3995377850005752,0,4,1,8,False,False,False,False,False,False,False,False,True,False,False,False
precise laplacian,grayscale,easyocr,1.9603927320004004,0,4,0,8,False,False,False,False,False,False,False,False,False,False,False,False
precise laplacian,grayscale,easyocr,2.4386039689998142,0,4,0,8,False,False,False,False,False,False,False,False,False,False,False,False
precise laplacian,grayscale,easyocr,2.2013598450002974,0,4,0,8,False,False,False,False,False,False,False,False,False,False,False,False
precise laplacian,grayscale,easyocr,2.518049461999908,1,4,1,8,False,False,False,True,False,True,False,False,False,False,False,False
precise laplacian,grayscale,easyocr,2.0999993819996234,0,4,0,8,False,False,False,False,False,False,False,False,False,False,False,False
+50% saturation,none,tesseract,0.7262358150001091,0,4,1,8,False,False,False,False,False,False,False,True,False,False,False,False
+50% saturation,none,tesseract,0.9660261160006485,1,4,4,8,False,False,False,True,False,True,True,True,False,True,False,False
+50% saturation,none,tesseract,0.44830427299984876,4,4,6,8,True,True,True,True,False,True,True,True,True,True,False,True
+50% saturation,none,tesseract,0.811378018999676,1,4,3,8,False,True,False,False,False,False,True,False,False,False,True,True
+50% saturation,none,tesseract,0.5133350470005098,2,4,4,8,False,True,False,True,False,True,True,True,False,False,False,True
+50% saturation,none,tesseract,0.5841392780002934,0,4,2,8,False,False,False,False,False,False,True,True,False,False,False,False
+50% saturation,none,tesseract,0.60506547300065,4,4,7,8,True,True,True,True,False,True,True,True,True,True,True,True
+50% saturation,none,tesseract,0.6053204420004477,4,4,6,8,True,True,True,True,False,True,True,True,True,True,False,True
+50% saturation,none,tesseract,0.7020364990003145,2,4,5,8,False,True,False,True,True,True,True,True,False,False,False,True
+50% saturation,none,tesseract,0.6976720089996888,1,4,1,8,False,False,False,True,False,True,False,False,False,False,False,False
+50% saturation,none,easyocr,2.5221094779999476,4,4,6,8,True,True,True,True,False,True,True,True,True,True,False,True
+50% saturation,none,easyocr,2.310455200999968,4,4,7,8,True,True,True,True,True,True,True,True,True,True,False,True
+50% saturation,none,easyocr,2.5393029910001133,4,4,7,8,True,True,True,True,True,True,True,True,True,True,False,True
+50% saturation,none,easyocr,2.2993720309996206,1,4,2,8,False,False,False,True,False,True,False,True,False,False,False,False
+50% saturation,none,easyocr,2.2077980270005355,2,4,6,8,False,True,False,True,True,True,True,True,True,False,False,True
+50% saturation,none,easyocr,2.6386107190000985,1,4,2,8,False,False,False,True,False,True,False,False,True,False,False,False
+50% saturation,none,easyocr,2.3508388809996177,2,4,5,8,False,True,False,True,True,True,True,True,False,False,False,True
+50% saturation,none,easyocr,2.4103499880002346,4,4,6,8,True,True,True,True,False,True,True,True,True,True,False,True
+50% saturation,none,easyocr,2.4328575689996796,2,4,6,8,False,True,False,True,True,True,True,True,False,False,True,True
+50% saturation,none,easyocr,2.3881322669994915,0,4,0,8,False,False,False,False,False,False,False,False,False,False,False,False
+50% saturation,blue,tesseract,0.6111480700001266,2,4,3,8,True,False,False,True,False,True,False,True,True,False,False,False
+50% saturation,blue,tesseract,0.7628379449997738,2,4,5,8,True,False,False,True,False,True,True,True,True,True,False,False
+50% saturation,blue,tesseract,0.7260355689995777,2,4,4,8,True,False,False,True,False,True,False,True,True,True,False,False
+50% saturation,blue,tesseract,0.6155436660001214,3,4,6,8,True,True,False,True,False,True,True,True,True,False,True,True
+50% saturation,blue,tesseract,0.4757384209997326,1,4,1,8,False,False,False,True,False,True,False,False,False,False,False,False
+50% saturation,blue,tesseract,0.7220909309999115,1,4,2,8,True,False,False,False,False,False,True,True,False,False,False,False
+50% saturation,blue,tesseract,0.6100646869999764,2,4,5,8,False,True,False,True,False,True,False,True,False,True,True,True
+50% saturation,blue,tesseract,0.5013732979996348,2,4,4,8,True,False,False,True,False,True,True,True,True,False,False,False
+50% saturation,blue,tesseract,0.636074338999606,4,4,7,8,True,True,True,True,True,True,True,True,True,True,False,True
+50% saturation,blue,tesseract,0.6550169590000223,1,4,1,8,False,False,False,True,False,True,False,False,False,False,False,False
+50% saturation,blue,easyocr,2.540977952000503,2,4,4,8,False,True,False,True,False,True,True,True,False,False,False,True
+50% saturation,blue,easyocr,2.3881556940004884,2,4,6,8,False,True,False,True,True,True,True,True,True,False,False,True
+50% saturation,blue,easyocr,2.5294699740006763,4,4,8,8,True,True,True,True,True,True,True,True,True,True,True,True
+50% saturation,blue,easyocr,2.416409878000195,2,4,3,8,False,True,False,True,False,True,False,True,False,False,False,True
+50% saturation,blue,easyocr,2.249368859000242,2,4,5,8,False,True,False,True,True,True,True,True,False,False,False,True
+50% saturation,blue,easyocr,2.5516652090000207,1,4,2,8,False,False,False,True,False,True,False,False,True,False,False,False
+50% saturation,blue,easyocr,2.4110645050004678,2,4,5,8,False,True,False,True,False,True,True,True,True,False,False,True
+50% saturation,blue,easyocr,2.436305067999456,4,4,7,8,True,True,True,True,True,True,True,True,True,True,False,True
+50% saturation,blue,easyocr,2.4326597769995715,2,4,6,8,False,True,False,True,True,True,True,True,False,False,True,True
+50% saturation,blue,easyocr,2.299789239999882,0,4,0,8,False,False,False,False,False,False,False,False,False,False,False,False
+50% saturation,green,tesseract,0.4910075500001767,1,4,2,8,True,False,False,False,False,False,False,True,True,False,False,False
+50% saturation,green,tesseract,0.6246945399998367,1,4,2,8,False,False,False,True,False,True,False,False,True,False,False,False
+50% saturation,green,tesseract,0.6041168140000082,4,4,6,8,True,True,True,True,False,True,True,True,True,True,False,True
+50% saturation,green,tesseract,0.47460484500061284,3,4,3,8,True,True,False,True,False,True,True,True,False,False,False,False
+50% saturation,green,tesseract,0.37819895499978884,1,4,2,8,False,False,False,True,False,True,True,False,False,False,False,False
+50% saturation,green,tesseract,0.5593010630000208,1,4,2,8,False,False,False,True,False,True,False,True,False,False,False,False
+50% saturation,green,tesseract,0.5908894930007591,4,4,7,8,True,True,True,True,False,True,True,True,True,True,True,True
+50% saturation,green,tesseract,0.46348845699958474,2,4,5,8,False,True,False,True,False,True,True,True,False,True,False,True
+50% saturation,green,tesseract,0.4213032320003549,1,4,3,8,False,False,False,True,True,True,False,True,False,False,False,False
+50% saturation,green,tesseract,0.612160271999528,1,4,1,8,False,False,False,True,False,True,False,False,False,False,False,False
+50% saturation,green,easyocr,2.314300441999876,2,4,6,8,False,True,False,True,False,True,True,True,True,True,False,True
+50% saturation,green,easyocr,2.38517127599971,2,4,5,8,False,True,False,True,True,True,True,True,False,False,False,True
+50% saturation,green,easyocr,2.5553131759997996,2,4,6,8,False,True,False,True,True,True,True,True,False,False,True,True
+50% saturation,green,easyocr,2.108562227999755,2,4,2,8,True,True,False,False,False,False,False,True,False,True,False,False
+50% saturation,green,easyocr,2.266557699000259,1,4,6,8,False,False,False,True,True,True,True,True,True,True,False,False
+50% saturation,green,easyocr,2.360366580000118,0,4,1,8,False,False,False,False,False,False,False,False,True,False,False,False
+50% saturation,green,easyocr,2.380588722000539,2,4,6,8,False,True,False,True,True,True,True,True,True,False,False,True
+50% saturation,green,easyocr,2.2049888890005604,4,4,7,8,True,True,True,True,True,True,True,True,True,True,False,True
+50% saturation,green,easyocr,2.353427727000053,2,4,5,8,False,True,False,True,True,True,True,True,False,False,False,True
+50% saturation,green,easyocr,2.308205278999594,0,4,0,8,False,False,False,False,False,False,False,False,False,False,False,False
+50% saturation,red,tesseract,0.5140547910004898,1,4,5,8,False,False,False,True,False,True,True,True,True,False,False,True
+50% saturation,red,tesseract,0.5056779559999995,4,4,6,8,True,True,True,True,False,True,True,True,True,True,False,True
+50% saturation,red,tesseract,0.49401100799968845,4,4,6,8,True,True,True,True,False,True,True,True,True,True,False,True
+50% saturation,red,tesseract,0.6152221640004427,4,4,7,8,True,True,True,True,False,True,True,True,True,True,True,True
+50% saturation,red,tesseract,0.5238545749998593,4,4,6,8,True,True,True,True,False,True,True,True,True,True,False,True
+50% saturation,red,tesseract,0.49663594699995883,1,4,2,8,True,False,False,False,False,False,True,True,False,False,False,False
+50% saturation,red,tesseract,0.6126314270004514,4,4,7,8,True,True,True,True,False,True,True,True,True,True,True,True
+50% saturation,red,tesseract,0.4799955050002609,2,4,4,8,False,True,False,True,False,True,True,False,False,True,False,True
+50% saturation,red,tesseract,0.41986218100009864,4,4,7,8,True,True,True,True,True,True,True,True,True,True,False,True
+50% saturation,red,tesseract,0.46853231099976256,0,4,0,8,False,False,False,False,False,False,False,False,False,False,False,False
+50% saturation,red,easyocr,2.1987821319999057,2,4,6,8,False,True,False,True,False,True,True,True,True,True,False,True
+50% saturation,red,easyocr,2.1484136720000606,4,4,7,8,True,True,True,True,True,True,True,True,True,True,False,True
+50% saturation,red,easyocr,2.4885977080002704,2,4,8,8,False,True,False,True,True,True,True,True,True,True,True,True
+50% saturation,red,easyocr,2.4195619450001686,2,4,3,8,False,True,False,True,False,True,False,True,False,False,False,True
+50% saturation,red,easyocr,2.2260915959996055,2,4,6,8,False,True,False,True,True,True,True,True,True,False,False,True
+50% saturation,red,easyocr,2.2452392499999405,0,4,0,8,False,False,False,False,False,False,False,False,False,False,False,False
+50% saturation,red,easyocr,2.3584321030002684,4,4,6,8,True,True,True,True,False,True,True,True,True,True,False,True
+50% saturation,red,easyocr,2.1813409350006623,2,4,7,8,False,True,False,True,True,True,True,True,True,True,False,True
+50% saturation,red,easyocr,2.376424484999916,4,4,8,8,True,True,True,True,True,True,True,True,True,True,True,True
+50% saturation,red,easyocr,2.1815407439999035,0,4,0,8,False,False,False,False,False,False,False,False,False,False,False,False
+50% saturation,red-green,tesseract,0.5420684769997024,0,4,3,8,False,False,False,False,False,False,False,True,True,True,False,False
+50% saturation,red-green,tesseract,0.7551493800001481,4,4,6,8,True,True,True,True,False,True,True,True,True,True,False,True
+50% saturation,red-green,tesseract,0.7618126699999266,2,4,6,8,False,True,False,True,False,True,True,True,True,True,False,True
+50% saturation,red-green,tesseract,0.47717680300047505,3,4,6,8,True,True,False,True,False,True,True,True,False,True,True,True
+50% saturation,red-green,tesseract,0.42919611599972995,1,4,2,8,False,False,False,True,True,True,False,False,False,False,False,False
+50% saturation,red-green,tesseract,0.6527429360003225,0,4,3,8,False,False,False,False,False,False,True,True,True,False,False,False
+50% saturation,red-green,tesseract,0.7609448849998444,4,4,7,8,True,True,True,True,False,True,True,True,True,True,True,True
+50% saturation,red-green,tesseract,0.48219232499923237,4,4,6,8,True,True,True,True,False,True,True,True,True,True,False,True
+50% saturation,red-green,tesseract,0.3880168109999431,1,4,4,8,False,True,False,False,True,False,True,True,False,False,False,True
+50% saturation,red-green,tesseract,0.6212821620001705,1,4,1,8,False,False,False,True,False,True,False,False,False,False,False,False
+50% saturation,red-green,easyocr,2.528667083000073,2,4,4,8,False,True,False,True,False,True,True,True,False,False,False,True
+50% saturation,red-green,easyocr,2.5891693880003004,2,4,6,8,False,True,False,True,True,True,True,True,True,False,False,True
+50% saturation,red-green,easyocr,2.566142172000582,2,4,6,8,False,True,False,True,True,True,True,True,False,False,True,True
+50% saturation,red-green,easyocr,2.344910630000413,1,4,3,8,False,False,False,True,False,True,False,True,False,False,False,True
+50% saturation,red-green,easyocr,2.279253200000312,2,4,4,8,True,False,False,True,True,True,False,True,True,False,False,False
+50% saturation,red-green,easyocr,2.5702342519998638,1,4,2,8,False,False,False,True,False,True,False,False,True,False,False,False
+50% saturation,red-green,easyocr,2.3450758470007713,2,4,4,8,False,True,False,True,False,True,True,True,False,False,False,True
+50% saturation,red-green,easyocr,2.4561532750003607,2,4,5,8,False,True,False,True,True,True,True,True,False,False,False,True
+50% saturation,red-green,easyocr,2.360075623000739,2,4,6,8,False,True,False,True,True,True,True,True,False,False,True,True
+50% saturation,red-green,easyocr,2.3241083760003676,0,4,0,8,False,False,False,False,False,False,False,False,False,False,False,False
+50% saturation,green-blue,tesseract,0.5051828269997714,1,4,3,8,False,False,False,True,False,True,True,True,False,False,False,False
+50% saturation,green-blue,tesseract,0.7245827749993623,4,4,6,8,True,True,True,True,False,True,True,True,True,True,False,True
+50% saturation,green-blue,tesseract,0.6398739050000586,4,4,7,8,True,True,True,True,False,True,True,True,True,True,True,True
+50% saturation,green-blue,tesseract,0.4443702500002473,2,4,3,8,False,True,False,True,False,True,True,False,False,False,False,True
+50% saturation,green-blue,tesseract,0.47122282600048493,4,4,6,8,True,True,True,True,False,True,True,True,True,True,False,True
+50% saturation,green-blue,tesseract,0.5927747999994608,0,4,2,8,False,False,False,False,False,False,True,True,False,False,False,False
+50% saturation,green-blue,tesseract,0.8843820479996793,4,4,7,8,True,True,True,True,False,True,True,True,True,True,True,True
+50% saturation,green-blue,tesseract,0.5522277919999397,2,4,4,8,False,True,False,True,False,True,True,False,False,True,False,True
+50% saturation,green-blue,tesseract,0.39432777099955274,3,4,6,8,True,True,True,False,False,False,True,True,True,True,True,True
+50% saturation,green-blue,tesseract,0.4948944779998783,0,4,0,8,False,False,False,False,False,False,False,False,False,False,False,False
+50% saturation,green-blue,easyocr,2.4660692699999345,2,4,6,8,False,True,False,True,False,True,True,True,True,True,False,True
+50% saturation,green-blue,easyocr,2.2602757260001454,4,4,7,8,True,True,True,True,True,True,True,True,True,True,False,True
+50% saturation,green-blue,easyocr,2.513272141000016,2,4,8,8,False,True,False,True,True,True,True,True,True,True,True,True
+50% saturation,green-blue,easyocr,2.324816935999479,1,4,2,8,False,False,False,True,False,True,False,True,False,False,False,False
+50% saturation,green-blue,easyocr,2.2588356510004814,3,4,6,8,True,True,False,True,True,True,True,True,True,False,False,True
+50% saturation,green-blue,easyocr,2.393505408999772,0,4,0,8,False,False,False,False,False,False,False,False,False,False,False,False
+50% saturation,green-blue,easyocr,2.3729363689999445,2,4,5,8,False,True,False,True,True,True,True,True,False,False,False,True
+50% saturation,green-blue,easyocr,2.288507648999257,4,4,6,8,True,True,True,True,True,True,False,True,True,True,False,True
+50% saturation,green-blue,easyocr,2.39442630800022,2,4,6,8,False,True,False,True,True,True,True,True,False,False,True,True
+50% saturation,green-blue,easyocr,2.1834924380000302,0,4,0,8,False,False,False,False,False,False,False,False,False,False,False,False
+50% saturation,red-blue,tesseract,0.6350829839993821,0,4,2,8,False,False,False,False,False,False,True,True,False,False,False,False
+50% saturation,red-blue,tesseract,0.5379458220004381,2,4,5,8,False,True,False,True,False,True,True,True,False,True,False,True
+50% saturation,red-blue,tesseract,0.7351232780001737,4,4,6,8,True,True,True,True,False,True,True,True,True,True,False,True
+50% saturation,red-blue,tesseract,0.5790769340001134,3,4,4,8,True,True,False,True,False,True,False,True,False,True,False,True
+50% saturation,red-blue,tesseract,0.4584433620002528,4,4,5,8,True,True,True,True,False,True,False,True,True,True,False,True
+50% saturation,red-blue,tesseract,0.5755639010003506,0,4,2,8,False,False,False,False,False,False,True,True,False,False,False,False
+50% saturation,red-blue,tesseract,0.7183262359994842,2,4,4,8,False,True,False,True,False,True,True,True,False,False,False,True
+50% saturation,red-blue,tesseract,0.5713961370001925,1,4,4,8,False,False,False,True,False,True,True,False,True,True,False,False
+50% saturation,red-blue,tesseract,0.6089667249998456,1,4,6,8,False,False,False,True,True,True,True,True,False,False,True,True
+50% saturation,red-blue,tesseract,0.4960743009996804,0,4,0,8,False,False,False,False,False,False,False,False,False,False,False,False
+50% saturation,red-blue,easyocr,2.5319997169999624,2,4,4,8,False,True,False,True,False,True,True,True,False,False,False,True
+50% saturation,red-blue,easyocr,2.436269202999938,2,4,6,8,False,True,False,True,True,True,True,True,True,False,False,True
+50% saturation,red-blue,easyocr,2.580814232999728,2,4,6,8,False,True,False,True,True,True,True,True,False,False,True,True
+50% saturation,red-blue,easyocr,2.3313707970000905,2,4,4,8,False,True,False,True,False,True,False,True,True,False,False,True
+50% saturation,red-blue,easyocr,2.291973729000347,2,4,6,8,False,True,False,True,True,True,True,True,True,False,False,True
+50% saturation,red-blue,easyocr,2.5588049289999617,1,4,2,8,False,False,False,True,False,True,False,False,True,False,False,False
+50% saturation,red-blue,easyocr,2.40744892299972,2,4,4,8,False,True,False,True,False,True,True,True,False,False,False,True
+50% saturation,red-blue,easyocr,2.4974735910000163,2,4,5,8,False,True,False,True,True,True,True,True,False,False,False,True
+50% saturation,red-blue,easyocr,2.374954742999762,2,4,6,8,False,True,False,True,True,True,True,True,False,False,True,True
+50% saturation,red-blue,easyocr,2.2713272289993256,0,4,0,8,False,False,False,False,False,False,False,False,False,False,False,False
+50% saturation,grayscale,tesseract,0.5163154329993631,1,4,5,8,False,False,False,True,False,True,True,True,True,True,False,False
+50% saturation,grayscale,tesseract,0.6661248170003091,1,4,4,8,False,False,False,True,False,True,True,True,False,False,False,True
+50% saturation,grayscale,tesseract,0.6652012790000299,4,4,6,8,True,True,True,True,False,True,True,True,True,True,False,True
+50% saturation,grayscale,tesseract,0.5441582180001205,3,4,4,8,True,True,False,True,False,True,True,True,False,False,False,True
+50% saturation,grayscale,tesseract,0.5134678570002507,1,4,1,8,False,False,False,True,False,True,False,False,False,False,False,False
+50% saturation,grayscale,tesseract,0.5669778669998777,0,4,2,8,False,False,False,False,False,False,True,True,False,False,False,False
+50% saturation,grayscale,tesseract,0.755437873000119,4,4,7,8,True,True,True,True,False,True,True,True,True,True,True,True
+50% saturation,grayscale,tesseract,0.48542541100050585,4,4,6,8,True,True,True,True,False,True,True,True,True,True,False,True
+50% saturation,grayscale,tesseract,0.41378493100000924,4,4,7,8,True,True,True,True,True,True,True,True,True,True,False,True
+50% saturation,grayscale,tesseract,0.629677936999542,1,4,1,8,False,False,False,True,False,True,False,False,False,False,False,False
+50% saturation,grayscale,easyocr,2.5166131389996735,2,4,4,8,False,True,False,True,False,True,True,True,False,False,False,True
+50% saturation,grayscale,easyocr,2.403519254999992,2,4,7,8,False,True,False,True,True,True,True,True,False,True,True,True
+50% saturation,grayscale,easyocr,2.579060295999625,2,4,6,8,False,True,False,True,True,True,True,True,False,False,True,True
+50% saturation,grayscale,easyocr,2.3001916209996125,2,4,3,8,False,True,False,True,False,True,False,True,False,False,False,True
+50% saturation,grayscale,easyocr,2.2717440999995233,2,4,4,8,True,False,False,True,True,True,False,True,True,False,False,False
+50% saturation,grayscale,easyocr,2.55698103099985,0,4,0,8,False,False,False,False,False,False,False,False,False,False,False,False
+50% saturation,grayscale,easyocr,2.3358438080003907,2,4,4,8,False,True,False,True,False,True,True,True,False,False,False,True
+50% saturation,grayscale,easyocr,2.3737996350000685,2,4,4,8,False,True,False,True,False,True,True,True,False,False,False,True
+50% saturation,grayscale,easyocr,2.413149555000018,2,4,6,8,False,True,False,True,True,True,True,True,False,False,True,True
+50% saturation,grayscale,easyocr,2.304625665000458,0,4,0,8,False,False,False,False,False,False,False,False,False,False,False,False
sharpen,none,tesseract,0.7107748050002556,0,4,1,8,False,False,False,False,False,False,False,True,False,False,False,False
sharpen,none,tesseract,0.7513760559995717,2,4,6,8,True,False,False,True,False,True,True,True,True,True,True,False
sharpen,none,tesseract,0.5230983130004461,4,4,6,8,True,True,True,True,False,True,True,True,True,True,False,True
sharpen,none,tesseract,0.8255465770007504,1,4,2,8,False,True,False,False,False,False,True,False,False,False,False,True
sharpen,none,tesseract,0.5989687289993526,2,4,5,8,False,True,False,True,False,True,True,True,True,False,False,True
sharpen,none,tesseract,0.7394755450004595,0,4,2,8,False,False,False,False,False,False,True,True,False,False,False,False
sharpen,none,tesseract,0.5661221039999873,4,4,7,8,True,True,True,True,False,True,True,True,True,True,True,True
sharpen,none,tesseract,0.5902462490003018,2,4,5,8,False,True,False,True,False,True,True,True,False,True,False,True
sharpen,none,tesseract,0.708913104000203,1,4,2,8,False,True,False,False,False,False,False,True,False,False,False,True
sharpen,none,tesseract,0.6426032720000876,1,4,1,8,False,False,False,True,False,True,False,False,False,False,False,False
sharpen,none,easyocr,2.550467476000449,3,4,6,8,True,True,False,True,False,True,True,True,True,True,False,True
sharpen,none,easyocr,2.330420557999787,2,4,4,8,False,True,False,True,True,True,False,False,False,True,False,True
sharpen,none,easyocr,2.722594271000162,4,4,7,8,True,True,True,True,True,True,True,True,True,True,False,True
sharpen,none,easyocr,2.3331738839997342,2,4,4,8,True,False,False,True,False,True,False,True,True,True,False,False
sharpen,none,easyocr,2.2405219279999073,3,4,6,8,True,True,False,True,True,True,True,True,True,False,False,True
sharpen,none,easyocr,2.541546520000338,1,4,2,8,False,False,False,True,False,True,False,False,True,False,False,False
sharpen,none,easyocr,2.344148727999709,2,4,5,8,False,True,False,True,True,True,True,True,False,False,False,True
sharpen,none,easyocr,2.3713879629995063,3,4,5,8,True,True,False,True,False,True,True,True,True,False,False,True
sharpen,none,easyocr,2.4204343139999764,2,4,6,8,False,True,False,True,True,True,True,True,False,False,True,True
sharpen,none,easyocr,2.2650064829995245,0,4,0,8,False,False,False,False,False,False,False,False,False,False,False,False
sharpen,blue,tesseract,0.5979824949999966,1,4,2,8,True,False,False,False,False,False,False,True,True,False,False,False
sharpen,blue,tesseract,0.735369131999505,1,4,5,8,False,False,False,True,False,True,True,True,False,True,True,False
sharpen,blue,tesseract,0.8145974470007786,4,4,6,8,True,True,True,True,False,True,True,True,True,True,False,True
sharpen,blue,tesseract,0.6471754310005053,2,4,3,8,False,True,False,True,False,True,True,False,False,True,False,False
sharpen,blue,tesseract,0.46394752400010475,4,4,6,8,True,True,True,True,False,True,True,True,True,True,False,True
sharpen,blue,tesseract,0.7113038579991553,2,4,3,8,True,False,False,True,False,True,True,True,False,False,False,False
sharpen,blue,tesseract,0.6150767910003196,4,4,7,8,True,True,True,True,False,True,True,True,True,True,True,True
sharpen,blue,tesseract,0.5439416580002217,4,4,6,8,True,True,True,True,False,True,True,True,True,True,False,True
sharpen,blue,tesseract,0.6562849029996869,3,4,5,8,True,True,True,False,False,False,False,True,True,True,True,True
sharpen,blue,tesseract,0.5771854419999727,0,4,0,8,False,False,False,False,False,False,False,False,False,False,False,False
sharpen,blue,easyocr,2.566649626999606,2,4,4,8,False,True,False,True,False,True,True,True,False,False,False,True
sharpen,blue,easyocr,2.3538891550006156,2,4,6,8,False,True,False,True,True,True,True,True,True,False,False,True
sharpen,blue,easyocr,2.543785661000584,2,4,5,8,False,True,False,True,True,True,True,True,False,False,False,True
sharpen,blue,easyocr,2.3750899159995242,2,4,3,8,False,True,False,True,False,True,False,True,False,False,False,True
sharpen,blue,easyocr,2.28532911900038,2,4,5,8,True,False,False,True,True,True,True,True,True,False,False,False
sharpen,blue,easyocr,2.4491037039997536,2,4,3,8,True,False,False,True,False,True,False,True,True,False,False,False
sharpen,blue,easyocr,2.3897430139995777,2,4,5,8,False,True,False,True,True,True,True,True,False,False,False,True
sharpen,blue,easyocr,2.4268645410002136,2,4,5,8,False,True,False,True,True,True,True,True,False,False,False,True
sharpen,blue,easyocr,2.4549296630002573,2,4,6,8,False,True,False,True,True,True,True,True,False,False,True,True
sharpen,blue,easyocr,2.2518170929997723,0,4,0,8,False,False,False,False,False,False,False,False,False,False,False,False
sharpen,green,tesseract,0.5024463739991916,1,4,3,8,False,False,False,True,False,True,True,True,False,False,False,False
sharpen,green,tesseract,0.6912448670000231,4,4,6,8,True,True,True,True,False,True,True,True,True,True,False,True
sharpen,green,tesseract,0.6679728039998736,4,4,6,8,True,True,True,True,False,True,True,True,True,True,False,True
sharpen,green,tesseract,0.4942182139993747,3,4,4,8,True,True,False,True,False,True,True,True,False,False,False,True
sharpen,green,tesseract,0.4670136190006815,4,4,6,8,True,True,True,True,False,True,True,True,True,True,False,True
sharpen,green,tesseract,0.563844202000837,0,4,1,8,False,False,False,False,False,False,False,True,False,False,False,False
sharpen,green,tesseract,0.5376816899997721,4,4,7,8,True,True,True,True,False,True,True,True,True,True,True,True
sharpen,green,tesseract,0.4815510369999174,2,4,4,8,False,True,False,True,False,True,True,False,False,True,False,True
sharpen,green,tesseract,0.3978733780004404,1,4,4,8,False,True,False,False,True,False,True,True,False,False,False,True
sharpen,green,tesseract,0.6102071499999511,1,4,1,8,False,False,False,True,False,True,False,False,False,False,False,False
sharpen,green,easyocr,2.4128971379996074,3,4,5,8,True,True,False,True,False,True,True,True,True,False,False,True
sharpen,green,easyocr,2.3701335119994837,4,4,6,8,True,True,True,True,True,True,False,True,True,True,False,True
sharpen,green,easyocr,2.5232086630003323,4,4,7,8,True,True,True,True,True,True,True,True,True,True,False,True
sharpen,green,easyocr,2.2016623879999315,3,4,4,8,True,True,True,False,False,False,False,True,True,True,False,True
sharpen,green,easyocr,2.2141251850007393,2,4,5,8,True,False,False,True,True,True,False,True,True,True,False,False
sharpen,green,easyocr,2.568561722000595,1,4,2,8,False,False,False,True,False,True,False,False,True,False,False,False
sharpen,green,easyocr,2.3824666650007202,4,4,7,8,True,True,True,True,True,True,True,True,True,True,False,True
sharpen,green,easyocr,2.2507319710002776,4,4,7,8,True,True,True,True,True,True,True,True,True,True,False,True
sharpen,green,easyocr,2.423974477000229,2,4,6,8,False,True,False,True,True,True,True,True,False,False,True,True
sharpen,green,easyocr,2.187188044999857,0,4,0,8,False,False,False,False,False,False,False,False,False,False,False,False
sharpen,red,tesseract,0.5003526830005285,2,4,2,8,True,False,False,True,False,True,False,True,False,False,False,False
sharpen,red,tesseract,0.5745577530005903,4,4,7,8,True,True,True,True,False,True,True,True,True,True,True,True
sharpen,red,tesseract,0.4889897570001267,4,4,6,8,True,True,True,True,False,True,True,True,True,True,False,True
sharpen,red,tesseract,0.605295409000064,2,4,4,8,False,True,False,True,False,True,True,True,False,False,True,False
sharpen,red,tesseract,0.551864731999558,4,4,6,8,True,True,True,True,False,True,True,True,True,True,False,True
sharpen,red,tesseract,0.5727768779997859,0,4,2,8,False,False,False,False,False,False,True,True,False,False,False,False
sharpen,red,tesseract,0.6679344849999325,2,4,7,8,False,True,False,True,False,True,True,True,True,True,True,True
sharpen,red,tesseract,0.5113241320004818,2,4,5,8,False,True,False,True,False,True,True,False,True,True,False,True
sharpen,red,tesseract,0.42605316099979973,4,4,7,8,True,True,True,True,True,True,True,True,True,True,False,True
sharpen,red,tesseract,0.4926237250001577,0,4,0,8,False,False,False,False,False,False,False,False,False,False,False,False
sharpen,red,easyocr,2.258410097999331,2,4,6,8,False,True,False,True,False,True,True,True,True,True,False,True
sharpen,red,easyocr,2.1241891310000938,4,4,6,8,True,True,True,True,True,True,False,True,True,True,False,True
sharpen,red,easyocr,2.547249954000108,3,4,7,8,True,True,False,True,True,True,True,True,True,True,False,True
sharpen,red,easyocr,2.4119372320001276,2,4,3,8,False,True,False,True,False,True,False,True,False,False,False,True
sharpen,red,easyocr,2.229855567999948,2,4,5,8,False,True,False,True,True,True,True,True,False,False,False,True
sharpen,red,easyocr,2.266708082999685,0,4,1,8,False,False,False,False,False,False,False,False,True,False,False,False
sharpen,red,easyocr,2.3504791049999767,4,4,7,8,True,True,True,True,True,True,True,True,True,True,False,True
sharpen,red,easyocr,2.2449897489996147,4,4,6,8,True,True,True,True,False,True,True,True,True,True,False,True
sharpen,red,easyocr,2.3428258199992342,4,4,8,8,True,True,True,True,True,True,True,True,True,True,True,True
sharpen,red,easyocr,2.130110869999953,0,4,0,8,False,False,False,False,False,False,False,False,False,False,False,False
sharpen,red-green,tesseract,0.4890646009998818,0,4,1,8,False,False,False,False,False,False,False,True,False,False,False,False
sharpen,red-green,tesseract,0.7272048400000131,2,4,5,8,False,True,False,True,False,True,True,True,False,True,False,True
sharpen,red-green,tesseract,0.7065921140001592,4,4,6,8,True,True,True,True,False,True,True,True,True,True,False,True
sharpen,red-green,tesseract,0.5312305339994055,2,4,3,8,False,True,False,True,False,True,True,False,False,False,False,True
sharpen,red-green,tesseract,0.4663192309999431,4,4,6,8,True,True,True,True,False,True,True,True,True,True,False,True
sharpen,red-green,tesseract,0.6374094729999342,1,4,3,8,False,False,False,True,False,True,True,True,False,False,False,False
sharpen,red-green,tesseract,0.6328073290005705,4,4,7,8,True,True,True,True,False,True,True,True,True,True,True,True
sharpen,red-green,tesseract,0.48484206099965377,2,4,5,8,False,True,False,True,False,True,True,True,False,True,False,True
sharpen,red-green,tesseract,0.41705100200033485,3,4,7,8,True,True,True,False,True,False,True,True,True,True,True,True
sharpen,red-green,tesseract,0.604203418999532,1,4,1,8,False,False,False,True,False,True,False,False,False,False,False,False
sharpen,red-green,easyocr,2.5596565949999786,2,4,4,8,False,True,False,True,False,True,True,True,False,False,False,True
sharpen,red-green,easyocr,2.399741697000536,2,4,5,8,False,True,False,True,True,True,True,True,False,False,False,True
sharpen,red-green,easyocr,2.590730777999852,2,4,5,8,False,True,False,True,True,True,True,True,False,False,False,True
sharpen,red-green,easyocr,2.31643421499939,2,4,5,8,True,False,False,True,False,True,False,True,True,True,False,True
sharpen,red-green,easyocr,2.4141395540000303,1,4,4,8,False,False,False,True,True,True,True,True,False,False,False,False
sharpen,red-green,easyocr,2.6100374799998463,1,4,2,8,False,False,False,True,False,True,False,False,True,False,False,False
sharpen,red-green,easyocr,2.36045402200034,2,4,5,8,False,True,False,True,True,True,True,True,False,False,False,True
sharpen,red-green,easyocr,2.457472553000116,2,4,4,8,False,True,False,True,False,True,True,True,False,False,False,True
sharpen,red-green,easyocr,2.4499077310001667,2,4,6,8,False,True,False,True,True,True,True,True,False,False,True,True
sharpen,red-green,easyocr,2.21923801200046,0,4,0,8,False,False,False,False,False,False,False,False,False,False,False,False
sharpen,green-blue,tesseract,0.4824663210001745,1,4,4,8,False,False,False,True,False,True,True,True,False,False,False,True
sharpen,green-blue,tesseract,0.7117526500005624,4,4,7,8,True,True,True,True,False,True,True,True,True,True,True,True
sharpen,green-blue,tesseract,0.7034456320006939,4,4,6,8,True,True,True,True,False,True,True,True,True,True,False,True
sharpen,green-blue,tesseract,0.5653731000002153,2,4,2,8,False,True,False,True,False,True,True,False,False,False,False,False
sharpen,green-blue,tesseract,0.4839276279999467,4,4,6,8,True,True,True,True,False,True,True,True,True,True,False,True
sharpen,green-blue,tesseract,0.581842327999766,0,4,2,8,False,False,False,False,False,False,True,True,False,False,False,False
sharpen,green-blue,tesseract,0.8897924189996047,4,4,7,8,True,True,True,True,False,True,True,True,True,True,True,True
sharpen,green-blue,tesseract,0.4849426640003003,1,4,3,8,False,True,False,False,False,False,True,False,False,True,False,True
sharpen,green-blue,tesseract,0.4196079089997511,2,4,8,8,False,True,False,True,True,True,True,True,True,True,True,True
sharpen,green-blue,tesseract,0.47468501799994556,0,4,0,8,False,False,False,False,False,False,False,False,False,False,False,False
sharpen,green-blue,easyocr,2.466569047000121,2,4,5,8,False,True,False,True,False,True,True,True,True,False,False,True
sharpen,green-blue,easyocr,2.305964289000258,4,4,7,8,True,True,True,True,True,True,True,True,True,True,False,True
sharpen,green-blue,easyocr,2.466438057000232,3,4,7,8,True,True,False,True,True,True,True,True,True,True,False,True
sharpen,green-blue,easyocr,2.379284765000193,2,4,5,8,True,False,False,True,False,True,False,True,True,True,False,True
sharpen,green-blue,easyocr,2.291071443999499,1,4,4,8,False,False,False,True,True,True,True,True,False,False,False,False
sharpen,green-blue,easyocr,2.378457902000264,0,4,1,8,False,False,False,False,False,False,False,False,True,False,False,False
sharpen,green-blue,easyocr,2.331739700000071,2,4,5,8,False,True,False,True,True,True,True,True,False,False,False,True
sharpen,green-blue,easyocr,2.298248744000375,4,4,7,8,True,True,True,True,True,True,True,True,True,True,False,True
sharpen,green-blue,easyocr,2.376202191999255,2,4,7,8,False,True,False,True,True,True,True,True,True,False,True,True
sharpen,green-blue,easyocr,2.250239891000092,0,4,0,8,False,False,False,False,False,False,False,False,False,False,False,False
sharpen,red-blue,tesseract,0.5608596249994662,0,4,2,8,False,False,False,False,False,False,True,True,False,False,False,False
sharpen,red-blue,tesseract,0.5431518389996199,2,4,6,8,False,True,False,True,False,True,True,True,False,True,True,True
sharpen,red-blue,tesseract,0.6960385430002134,4,4,6,8,True,True,True,True,False,True,True,True,True,True,False,True
sharpen,red-blue,tesseract,0.6539250710002307,3,4,4,8,True,True,False,True,False,True,True,True,False,True,False,False
sharpen,red-blue,tesseract,0.5408257529998082,3,4,5,8,True,True,False,True,False,True,False,True,True,True,False,True
sharpen,red-blue,tesseract,0.5783387219998986,0,4,2,8,False,False,False,False,False,False,True,True,False,False,False,False
sharpen,red-blue,tesseract,0.7104752209997969,2,4,7,8,False,True,False,True,False,True,True,True,True,True,True,True
sharpen,red-blue,tesseract,0.557734291000088,2,4,5,8,False,True,False,True,False,True,True,False,True,True,False,True
sharpen,red-blue,tesseract,0.5705956000001606,2,4,5,8,False,True,False,True,True,True,True,True,False,False,False,True
sharpen,red-blue,tesseract,0.4387177810003777,0,4,0,8,False,False,False,False,False,False,False,False,False,False,False,False
sharpen,red-blue,easyocr,2.4998299799999586,2,4,4,8,False,True,False,True,False,True,True,True,False,False,False,True
sharpen,red-blue,easyocr,2.4183734779999213,2,4,6,8,False,True,False,True,True,True,True,True,True,False,False,True
sharpen,red-blue,easyocr,2.5258137069995428,2,4,5,8,False,True,False,True,True,True,True,True,False,False,False,True
sharpen,red-blue,easyocr,2.4382422079997923,2,4,3,8,False,True,False,True,False,True,False,True,False,False,False,True
sharpen,red-blue,easyocr,2.239066103999903,1,4,4,8,False,False,False,True,True,True,True,True,False,False,False,False
sharpen,red-blue,easyocr,2.584447948000161,1,4,2,8,False,False,False,True,False,True,False,False,True,False,False,False
sharpen,red-blue,easyocr,2.317065296000692,2,4,6,8,False,True,False,True,True,True,True,True,True,False,False,True
sharpen,red-blue,easyocr,2.469250163000652,2,4,5,8,False,True,False,True,True,True,True,True,False,False,False,True
sharpen,red-blue,easyocr,2.4158858700002384,2,4,6,8,False,True,False,True,True,True,True,True,False,False,True,True
sharpen,red-blue,easyocr,2.2158837500001027,0,4,0,8,False,False,False,False,False,False,False,False,False,False,False,False
sharpen,grayscale,tesseract,0.5065475320006954,1,4,5,8,False,False,False,True,False,True,True,True,True,False,False,True
sharpen,grayscale,tesseract,0.7217846789999385,4,4,7,8,True,True,True,True,False,True,True,True,True,True,True,True
sharpen,grayscale,tesseract,0.6207070609998482,4,4,6,8,True,True,True,True,False,True,True,True,True,True,False,True
sharpen,grayscale,tesseract,0.5295928089999506,2,4,3,8,False,True,False,True,False,True,True,False,False,False,False,True
sharpen,grayscale,tesseract,0.46607548400061205,4,4,6,8,True,True,True,True,False,True,True,True,True,True,False,True
sharpen,grayscale,tesseract,0.5695553909999944,0,4,2,8,False,False,False,False,False,False,True,True,False,False,False,False
sharpen,grayscale,tesseract,0.9089979580003273,4,4,7,8,True,True,True,True,False,True,True,True,True,True,True,True
sharpen,grayscale,tesseract,0.4942750989994238,2,4,5,8,False,True,False,True,False,True,True,True,False,True,False,True
sharpen,grayscale,tesseract,0.3943433439999353,4,4,8,8,True,True,True,True,True,True,True,True,True,True,True,True
sharpen,grayscale,tesseract,0.5797787049996259,1,4,1,8,False,False,False,True,False,True,False,False,False,False,False,False
sharpen,grayscale,easyocr,2.436857512999268,2,4,4,8,False,True,False,True,False,True,True,True,False,False,False,True
sharpen,grayscale,easyocr,2.4233332339999833,4,4,7,8,True,True,True,True,True,True,True,True,True,True,False,True
sharpen,grayscale,easyocr,2.5015569370007142,2,4,5,8,False,True,False,True,True,True,True,True,False,False,False,True
sharpen,grayscale,easyocr,2.3554486860002726,2,4,5,8,True,False,False,True,False,True,False,True,True,True,False,True
sharpen,grayscale,easyocr,2.2193764600006034,1,4,4,8,False,False,False,True,True,True,True,True,False,False,False,False
sharpen,grayscale,easyocr,2.6033998720004092,1,4,2,8,False,False,False,True,False,True,False,False,True,False,False,False
sharpen,grayscale,easyocr,2.3030435299997407,2,4,5,8,False,True,False,True,True,True,True,True,False,False,False,True
sharpen,grayscale,easyocr,2.4339532510002755,2,4,4,8,False,True,False,True,False,True,True,True,False,False,False,True
sharpen,grayscale,easyocr,2.358685685999262,2,4,6,8,False,True,False,True,True,True,True,True,False,False,True,True
sharpen,grayscale,easyocr,2.207602164000491,0,4,0,8,False,False,False,False,False,False,False,False,False,False,False,False
deskew,none,tesseract,0.9275357840006109,2,4,4,8,False,True,False,True,False,True,True,False,True,False,False,True
deskew,none,tesseract,0.7358543079999436,2,4,7,8,True,False,False,True,False,True,True,True,True,True,True,True
deskew,none,tesseract,0.6347623450001265,4,4,8,8,True,True,True,True,True,True,True,True,True,True,True,True
deskew,none,tesseract,0.7561321859993768,2,4,2,8,True,True,False,False,False,False,True,False,False,False,False,True
deskew,none,tesseract,0.6046528340002624,4,4,6,8,True,True,True,True,False,True,True,True,True,True,False,True
deskew,none,tesseract,0.7375972370000454,3,4,4,8,True,True,False,True,False,True,True,True,False,True,False,False
deskew,none,tesseract,0.6402423439994891,4,4,7,8,True,True,True,True,False,True,True,True,True,True,True,True
deskew,none,tesseract,0.6399337949997062,2,4,5,8,False,True,False,True,False,True,True,True,False,True,False,True
deskew,none,tesseract,0.4981394989999899,2,4,6,8,False,True,False,True,True,True,True,True,False,False,True,True
deskew,none,tesseract,0.6169913519997863,1,4,1,8,False,False,False,True,False,True,False,False,False,False,False,False
deskew,none,easyocr,2.406765937000273,4,4,5,8,True,True,True,True,False,True,True,True,True,True,False,False
deskew,none,easyocr,2.485071722999237,4,4,7,8,True,True,True,True,True,True,True,True,True,True,False,True
deskew,none,easyocr,2.4926133030003257,4,4,8,8,True,True,True,True,True,True,True,True,True,True,True,True
deskew,none,easyocr,2.238716378999925,2,4,5,8,True,False,False,True,False,True,False,True,True,True,False,True
deskew,none,easyocr,2.3747011660007047,4,4,6,8,True,True,True,True,True,True,False,True,True,True,False,True
deskew,none,easyocr,2.5968491550002,1,4,1,8,False,False,False,True,False,True,False,False,False,False,False,False
deskew,none,easyocr,2.4820909059999394,2,4,5,8,False,True,False,True,True,True,True,True,False,False,False,True
deskew,none,easyocr,2.3647180329999173,3,4,6,8,True,True,False,True,False,True,True,True,True,True,False,True
deskew,none,easyocr,2.4271373789997597,2,4,5,8,False,True,False,True,True,True,True,True,False,False,False,True
deskew,none,easyocr,2.2629331999996793,0,4,0,8,False,False,False,False,False,False,False,False,False,False,False,False
deskew,blue,tesseract,0.789764099000422,4,4,6,8,True,True,True,True,False,True,True,True,True,True,False,True
deskew,blue,tesseract,0.7210390460004419,2,4,7,8,True,False,False,True,False,True,True,True,True,True,True,True
deskew,blue,tesseract,0.8309032910001406,4,4,8,8,True,True,True,True,True,True,True,True,True,True,True,True
deskew,blue,tesseract,0.5721459160004088,2,4,4,8,False,True,False,True,False,True,True,True,False,False,False,True
deskew,blue,tesseract,0.4513911009998992,4,4,6,8,True,True,True,True,False,True,True,True,True,True,False,True
deskew,blue,tesseract,0.7751217870008986,2,4,3,8,False,True,False,True,False,True,True,False,False,False,False,True
deskew,blue,tesseract,0.42962662799982354,4,4,7,8,True,True,True,True,False,True,True,True,True,True,True,True
deskew,blue,tesseract,0.5390228590003971,2,4,5,8,False,True,False,True,False,True,True,True,False,True,False,True
deskew,blue,tesseract,0.5643227310001748,1,4,5,8,False,True,False,False,True,False,True,True,False,True,False,True
deskew,blue,tesseract,0.5104943940004887,0,4,0,8,False,False,False,False,False,False,False,False,False,False,False,False
deskew,blue,easyocr,2.5262230320004164,2,4,4,8,False,True,False,True,False,True,True,True,False,False,False,True
deskew,blue,easyocr,2.444751265999912,2,4,5,8,False,True,False,True,True,True,True,True,False,False,False,True
deskew,blue,easyocr,2.530285809000816,2,4,6,8,False,True,False,True,True,True,True,True,False,False,True,True
deskew,blue,easyocr,2.3297828189997745,1,4,3,8,False,False,False,True,False,True,False,True,False,False,False,True
deskew,blue,easyocr,2.412379374000011,3,4,5,8,True,True,False,True,True,True,False,True,True,False,False,True
deskew,blue,easyocr,2.4026114800008145,2,4,3,8,False,True,False,True,False,True,False,True,True,False,False,False
deskew,blue,easyocr,2.3714006480004173,2,4,5,8,False,True,False,True,True,True,True,True,False,False,False,True
deskew,blue,easyocr,2.461256224999488,2,4,5,8,False,True,False,True,True,True,True,True,False,False,False,True
deskew,blue,easyocr,2.4144978690001153,2,4,5,8,False,True,False,True,True,True,True,True,False,False,False,True
deskew,blue,easyocr,2.2644678329997987,0,4,0,8,False,False,False,False,False,False,False,False,False,False,False,False
deskew,green,tesseract,0.611936369000432,1,4,3,8,False,False,False,True,False,True,True,True,False,False,False,False
deskew,green,tesseract,0.7306080469998051,4,4,6,8,True,True,True,True,False,True,True,True,True,True,True,False
deskew,green,tesseract,0.7320700610007407,4,4,8,8,True,True,True,True,True,True,True,True,True,True,True,True
deskew,green,tesseract,0.5323445459998766,2,4,2,8,False,True,False,True,False,True,True,False,False,False,False,False
deskew,green,tesseract,0.6281106630003706,1,4,4,8,False,False,False,True,False,True,False,True,True,True,False,False
deskew,green,tesseract,0.5848099900003945,1,4,3,8,False,False,False,True,False,True,True,True,False,False,False,False
deskew,green,tesseract,0.6790355069997531,4,4,7,8,True,True,True,True,False,True,True,True,True,True,True,True
deskew,green,tesseract,0.4846589340004357,2,4,5,8,False,True,False,True,False,True,True,True,False,True,False,True
deskew,green,tesseract,0.3984798339997724,3,4,6,8,True,True,True,False,True,False,True,True,True,True,False,True
deskew,green,tesseract,0.6055672009997579,1,4,1,8,False,False,False,True,False,True,False,False,False,False,False,False
deskew,green,easyocr,2.401805269999386,4,4,6,8,True,True,True,True,False,True,True,True,True,True,False,True
deskew,green,easyocr,2.3087279490000583,4,4,7,8,True,True,True,True,True,True,True,True,True,True,False,True
deskew,green,easyocr,2.5142582789994776,4,4,8,8,True,True,True,True,True,True,True,True,True,True,True,True
deskew,green,easyocr,2.1966061129996888,2,4,2,8,True,True,False,False,False,False,False,True,False,True,False,False
deskew,green,easyocr,2.3347418459998153,4,4,7,8,True,True,True,True,True,True,True,True,True,True,False,True
deskew,green,easyocr,2.449476321000475,0,4,0,8,False,False,False,False,False,False,False,False,False,False,False,False
deskew,green,easyocr,2.372289468999952,2,4,5,8,False,True,False,True,True,True,True,True,False,False,False,True
deskew,green,easyocr,2.267299621999882,4,4,7,8,True,True,True,True,True,True,True,True,True,True,False,True
deskew,green,easyocr,2.409752882000248,2,4,5,8,False,True,False,True,True,True,True,True,False,False,False,True
deskew,green,easyocr,2.2956802110002172,0,4,0,8,False,False,False,False,False,False,False,False,False,False,False,False
deskew,red,tesseract,0.6479717840002195,2,4,5,8,True,False,False,True,True,True,True,True,True,False,False,False
deskew,red,tesseract,0.47999534900009166,2,4,7,8,True,False,False,True,False,True,True,True,True,True,True,True
deskew,red,tesseract,0.5266692860004696,4,4,8,8,True,True,True,True,True,True,True,True,True,True,True,True
deskew,red,tesseract,0.5512183780001578,3,4,6,8,True,True,False,True,False,True,True,True,False,True,True,True
deskew,red,tesseract,0.5772222149998925,4,4,6,8,True,True,True,True,False,True,True,True,True,True,False,True
deskew,red,tesseract,0.6214935509997304,2,4,3,8,False,True,False,True,False,True,True,True,False,False,False,False
deskew,red,tesseract,0.43442555199999333,4,4,7,8,True,True,True,True,False,True,True,True,True,True,True,True
deskew,red,tesseract,0.551119703999575,2,4,3,8,False,True,False,True,False,True,True,False,False,False,False,True
deskew,red,tesseract,0.4070943360002275,4,4,8,8,True,True,True,True,True,True,True,True,True,True,True,True
deskew,red,tesseract,0.4815748409992011,0,4,0,8,False,False,False,False,False,False,False,False,False,False,False,False
deskew,red,easyocr,2.2622592289999375,4,4,6,8,True,True,True,True,False,True,True,True,True,True,False,True
deskew,red,easyocr,2.177588986000046,4,4,7,8,True,True,True,True,True,True,True,True,True,True,False,True
deskew,red,easyocr,2.534511425999881,4,4,8,8,True,True,True,True,True,True,True,True,True,True,True,True
deskew,red,easyocr,2.3628171569998813,2,4,3,8,False,True,False,True,False,True,False,True,False,False,False,True
deskew,red,easyocr,2.3694813170004636,3,4,6,8,True,True,False,True,True,True,True,True,True,False,False,True
deskew,red,easyocr,2.1406809119998798,1,4,1,8,False,True,False,False,False,False,False,False,True,False,False,False
deskew,red,easyocr,2.4276093040007254,4,4,7,8,True,True,True,True,True,True,True,True,True,True,False,True
deskew,red,easyocr,2.1849254569997356,4,4,7,8,True,True,True,True,True,True,True,True,True,True,False,True
deskew,red,easyocr,2.470070190000115,4,4,7,8,True,True,True,True,True,True,True,True,True,True,False,True
deskew,red,easyocr,2.135626794000018,0,4,0,8,False,False,False,False,False,False,False,False,False,False,False,False
deskew,red-green,tesseract,0.5850425309999991,0,4,1,8,False,False,False,False,False,False,False,True,False,False,False,False
deskew,red-green,tesseract,0.7411912219995429,2,4,7,8,True,False,False,True,False,True,True,True,True,True,True,True
deskew,red-green,tesseract,0.8628781110001,4,4,8,8,True,True,True,True,True,True,True,True,True,True,True,True
deskew,red-green,tesseract,0.5222921390004558,3,4,4,8,True,True,False,True,False,True,True,True,False,False,False,True
deskew,red-green,tesseract,0.5139588370002457,4,4,6,8,True,True,True,True,False,True,True,True,True,True,False,True
deskew,red-green,tesseract,0.6035812190002616,1,4,4,8,False,False,False,True,False,True,True,True,True,False,False,False
deskew,red-green,tesseract,0.52427064099993,4,4,7,8,True,True,True,True,False,True,True,True,True,True,True,True
deskew,red-green,tesseract,0.5598327500001687,4,4,6,8,True,True,True,True,False,True,True,True,True,True,False,True
deskew,red-green,tesseract,0.38098142000035295,1,4,4,8,False,True,False,False,True,False,True,True,False,False,False,True
deskew,red-green,tesseract,0.5354341030006253,0,4,0,8,False,False,False,False,False,False,False,False,False,False,False,False
deskew,red-green,easyocr,2.5219302059995243,2,4,4,8,False,True,False,True,False,True,True,True,False,False,False,True
deskew,red-green,easyocr,2.486207526999351,4,4,7,8,True,True,True,True,True,True,True,True,True,True,False,True
deskew,red-green,easyocr,2.580251366000084,2,4,6,8,False,True,False,True,True,True,True,True,False,False,True,True
deskew,red-green,easyocr,2.1922668090001025,4,4,5,8,True,True,True,True,False,True,False,True,True,True,False,True
deskew,red-green,easyocr,2.390210030000162,4,4,6,8,True,True,True,True,True,True,False,True,True,True,False,True
deskew,red-green,easyocr,2.4612603759997,1,4,1,8,False,True,False,False,False,False,False,False,True,False,False,False
deskew,red-green,easyocr,2.643896374000178,2,4,5,8,False,True,False,True,True,True,True,True,False,False,False,True
deskew,red-green,easyocr,2.415204441000242,2,4,4,8,False,True,False,True,False,True,True,True,False,False,False,True
deskew,red-green,easyocr,2.413139821999721,2,4,5,8,False,True,False,True,True,True,True,True,False,False,False,True
deskew,red-green,easyocr,2.2416811319999397,0,4,0,8,False,False,False,False,False,False,False,False,False,False,False,False
deskew,green-blue,tesseract,0.5626354649994028,2,4,5,8,True,False,False,True,False,True,True,True,True,True,False,False
deskew,green-blue,tesseract,0.7861429169997791,2,4,7,8,True,False,False,True,False,True,True,True,True,True,True,True
deskew,green-blue,tesseract,0.7622803240001303,4,4,8,8,True,True,True,True,True,True,True,True,True,True,True,True
deskew,green-blue,tesseract,0.5508853040000758,2,4,4,8,False,True,False,True,False,True,True,True,False,False,False,True
deskew,green-blue,tesseract,0.5061884110000392,4,4,6,8,True,True,True,True,False,True,True,True,True,True,False,True
deskew,green-blue,tesseract,0.6075460989995918,1,4,4,8,False,False,False,True,False,True,True,True,True,False,False,False
deskew,green-blue,tesseract,0.563588308999897,4,4,7,8,True,True,True,True,False,True,True,True,True,True,True,True
deskew,green-blue,tesseract,0.5021145810005692,0,4,2,8,False,False,False,False,False,False,True,False,False,True,False,False
deskew,green-blue,tesseract,0.40264614499938034,4,4,8,8,True,True,True,True,True,True,True,True,True,True,True,True
deskew,green-blue,tesseract,0.4862198669998179,0,4,0,8,False,False,False,False,False,False,False,False,False,False,False,False
deskew,green-blue,easyocr,2.362725345999934,4,4,6,8,True,True,True,True,False,True,True,True,True,True,False,True
deskew,green-blue,easyocr,2.2599176220001027,4,4,7,8,True,True,True,True,True,True,True,True,True,True,False,True
deskew,green-blue,easyocr,2.481766070000049,4,4,8,8,True,True,True,True,True,True,True,True,True,True,True,True
deskew,green-blue,easyocr,2.197102871000425,2,4,6,8,True,False,False,True,False,True,True,True,True,True,False,True
deskew,green-blue,easyocr,2.361850821999724,4,4,6,8,True,True,True,True,True,True,False,True,True,True,False,True
deskew,green-blue,easyocr,2.2959502289995726,1,4,1,8,False,True,False,False,False,False,False,False,True,False,False,False
deskew,green-blue,easyocr,2.404575341999589,2,4,5,8,False,True,False,True,True,True,True,True,False,False,False,True
deskew,green-blue,easyocr,2.305988422000155,4,4,7,8,True,True,True,True,True,True,True,True,True,True,False,True
deskew,green-blue,easyocr,2.4234144659994854,4,4,7,8,True,True,True,True,True,True,True,True,True,True,False,True
deskew,green-blue,easyocr,2.2328184930001953,0,4,0,8,False,False,False,False,False,False,False,False,False,False,False,False
deskew,red-blue,tesseract,0.6286312019992693,0,4,2,8,False,False,False,False,False,False,True,True,False,False,False,False
deskew,red-blue,tesseract,0.48157813799934956,2,4,7,8,True,False,False,True,False,True,True,True,True,True,True,True
deskew,red-blue,tesseract,0.7036475990007602,4,4,7,8,True,True,True,True,True,True,False,True,True,True,True,True
deskew,red-blue,tesseract,0.522489220999887,2,4,4,8,True,True,False,False,False,False,True,True,False,True,False,True
deskew,red-blue,tesseract,0.5144423439996899,4,4,6,8,True,True,True,True,False,True,True,True,True,True,False,True
deskew,red-blue,tesseract,0.6179654089992255,1,4,3,8,False,False,False,True,False,True,True,True,False,False,False,False
deskew,red-blue,tesseract,0.4904872110000724,4,4,7,8,True,True,True,True,False,True,True,True,True,True,True,True
deskew,red-blue,tesseract,0.5443072560001383,1,4,4,8,False,False,False,True,False,True,True,True,False,True,False,False
deskew,red-blue,tesseract,0.42215820199999143,2,4,6,8,False,True,False,True,True,True,True,True,False,False,True,True
deskew,red-blue,tesseract,0.4851236690001315,0,4,0,8,False,False,False,False,False,False,False,False,False,False,False,False
deskew,red-blue,easyocr,2.4523408369996105,2,4,4,8,False,True,False,True,False,True,True,True,False,False,False,True
deskew,red-blue,easyocr,2.442429763000291,2,4,5,8,False,True,False,True,True,True,True,True,False,False,False,True
deskew,red-blue,easyocr,2.4748386219998793,2,4,6,8,False,True,False,True,True,True,True,True,False,False,True,True
deskew,red-blue,easyocr,2.320395341999756,2,4,2,8,False,True,False,True,False,True,False,True,False,False,False,False
deskew,red-blue,easyocr,2.3064736070000436,3,4,5,8,True,True,False,True,True,True,False,True,True,False,False,True
deskew,red-blue,easyocr,2.4941255809999348,2,4,2,8,False,True,False,True,False,True,False,False,True,False,False,False
deskew,red-blue,easyocr,2.3656169309997495,4,4,7,8,True,True,True,True,True,True,True,True,True,True,False,True
deskew,red-blue,easyocr,2.452827596000134,2,4,5,8,False,True,False,True,True,True,True,True,False,False,False,True
deskew,red-blue,easyocr,2.373775511000531,2,4,5,8,False,True,False,True,True,True,True,True,False,False,False,True
deskew,red-blue,easyocr,2.250581350000175,0,4,0,8,False,False,False,False,False,False,False,False,False,False,False,False
deskew,grayscale,tesseract,0.6272971389998929,0,4,2,8,False,False,False,False,False,False,True,True,False,False,False,False
deskew,grayscale,tesseract,0.7660886370003936,2,4,7,8,True,False,False,True,False,True,True,True,True,True,True,True
deskew,grayscale,tesseract,0.8013284690005094,4,4,8,8,True,True,True,True,True,True,True,True,True,True,True,True
deskew,grayscale,tesseract,0.47902298100052576,2,4,4,8,False,True,False,True,False,True,True,True,False,False,False,True
deskew,grayscale,tesseract,0.4546854959999109,4,4,6,8,True,True,True,True,False,True,True,True,True,True,False,True
deskew,grayscale,tesseract,0.5734758880007575,1,4,3,8,False,False,False,True,False,True,True,True,False,False,False,False
deskew,grayscale,tesseract,0.5993946340004186,4,4,7,8,True,True,True,True,False,True,True,True,True,True,True,True
deskew,grayscale,tesseract,0.5703376649998972,4,4,6,8,True,True,True,True,False,True,True,True,True,True,False,True
deskew,grayscale,tesseract,0.4066545159994348,3,4,6,8,True,True,True,False,True,False,True,True,True,True,False,True
deskew,grayscale,tesseract,0.5222685939997973,0,4,0,8,False,False,False,False,False,False,False,False,False,False,False,False
deskew,grayscale,easyocr,2.4368350380000265,2,4,4,8,False,True,False,True,False,True,True,True,False,False,False,True
deskew,grayscale,easyocr,2.450874395000028,4,4,7,8,True,True,True,True,True,True,True,True,True,True,False,True
deskew,grayscale,easyocr,2.4620884940004544,2,4,6,8,False,True,False,True,True,True,True,True,False,False,True,True
deskew,grayscale,easyocr,2.2144227740000133,4,4,6,8,True,True,True,True,False,True,True,True,True,True,False,True
deskew,grayscale,easyocr,2.3760164129998884,4,4,6,8,True,True,True,True,True,True,False,True,True,True,False,True
deskew,grayscale,easyocr,2.4679076780003015,2,4,2,8,False,True,False,True,False,True,False,False,True,False,False,False
deskew,grayscale,easyocr,2.457076078000682,2,4,5,8,False,True,False,True,True,True,True,True,False,False,False,True
deskew,grayscale,easyocr,2.4236985730003653,2,4,4,8,False,True,False,True,False,True,True,True,False,False,False,True
deskew,grayscale,easyocr,2.372822633999931,2,4,5,8,False,True,False,True,True,True,True,True,False,False,False,True
deskew,grayscale,easyocr,2.2876195759999973,0,4,0,8,False,False,False,False,False,False,False,False,False,False,False,False
