enhancement,channel,ocr,latency,assertions_passed,assertions_total,fields_correct,fields_total,date_valid,id_format,id_matches_date,sex_valid,name_correct,sex_correct,ethnicity_correct,year_correct,month_correct,day_correct,address_correct,id_number_correct
none,none,tesseract,0.8816931589999513,3,4,4,8,True,True,True,False,False,False,False,True,True,True,False,True
none,none,tesseract,0.4628565030000118,2,4,6,8,False,True,False,True,True,True,True,False,True,True,False,True
none,none,tesseract,0.6560279000000264,2,4,6,8,False,True,False,True,True,True,True,True,False,False,True,True
none,none,tesseract,0.8376038999999764,2,4,6,8,False,True,False,True,False,True,True,True,True,False,True,True
none,none,tesseract,0.8286733220002134,1,4,6,8,True,False,False,False,False,False,True,True,True,True,True,True
none,none,tesseract,0.9136303380000754,4,4,6,8,True,True,True,True,False,True,True,True,True,True,False,True
none,none,tesseract,0.5920583060001263,1,4,2,8,False,False,False,True,False,True,False,True,False,False,False,False
none,none,tesseract,0.749493928999982,2,4,5,8,False,True,False,True,False,True,True,True,False,True,False,True
none,none,tesseract,0.4967768779999915,4,4,7,8,True,True,True,True,False,True,True,True,True,True,True,True
none,none,tesseract,0.7347865249998904,0,4,3,8,False,False,False,False,False,False,True,True,True,False,False,False
none,none,tesseract,0.762474106999889,2,4,4,8,False,True,False,True,False,True,True,True,False,False,False,True
none,none,tesseract,0.4286904069999764,1,4,3,8,False,False,False,True,True,True,True,False,False,False,False,False
none,none,tesseract,0.6288096929999938,1,4,3,8,False,False,False,True,False,True,True,False,True,False,False,False
none,none,tesseract,0.7283197840001776,3,4,5,8,True,True,True,False,False,False,True,True,True,True,False,True
none,none,tesseract,0.8509945270000117,4,4,5,8,True,True,True,True,False,True,False,True,True,True,False,True
none,none,tesseract,0.5403567779999321,0,4,1,8,False,False,False,False,False,False,True,False,False,False,False,False
none,none,tesseract,0.7904196619999766,1,4,4,8,False,True,False,False,True,False,True,True,False,False,False,True
none,none,tesseract,0.5474095430001853,4,4,7,8,True,True,True,True,False,True,True,True,True,True,True,True
none,none,tesseract,0.6811287820000871,0,4,0,8,False,False,False,False,False,False,False,False,False,False,False,False
none,none,tesseract,0.5395165790000647,2,4,4,8,False,True,False,True,False,True,True,False,False,True,False,True
none,none,easyocr,2.7644521429999713,4,4,7,8,True,True,True,True,True,True,True,True,True,True,False,True
none,none,easyocr,2.348571353000125,2,4,5,8,False,True,False,True,True,True,True,True,False,False,False,True
none,none,easyocr,2.401395000000093,4,4,8,8,True,True,True,True,True,True,True,True,True,True,True,True
none,none,easyocr,2.5828118960000666,4,4,6,8,True,True,True,True,True,True,False,True,True,True,False,True
none,none,easyocr,2.699527886999931,1,4,5,8,False,False,False,True,False,True,True,True,True,True,False,False
none,none,easyocr,2.4611601229998996,4,4,5,8,True,True,True,True,False,True,False,True,True,True,False,True
none,none,easyocr,2.4407987160000175,1,4,4,8,False,False,False,True,True,True,False,True,True,False,False,False
none,none,easyocr,2.736351718999913,4,4,7,8,True,True,True,True,True,True,True,True,True,True,False,True
none,none,easyocr,2.6295124260000193,2,4,6,8,False,True,False,True,True,True,True,True,False,False,True,True
none,none,easyocr,2.721952642999895,2,4,2,8,False,True,False,True,False,True,False,False,False,True,False,False
none,none,easyocr,2.6332707059998484,4,4,8,8,True,True,True,True,True,True,True,True,True,True,True,True
none,none,easyocr,2.497588310999845,1,4,5,8,False,False,False,True,False,True,True,True,True,True,False,False
none,none,easyocr,2.5774575580001056,1,4,3,8,False,True,False,False,False,False,False,True,True,False,False,True
none,none,easyocr,2.7576450139999906,4,4,6,8,True,True,True,True,False,True,True,True,True,True,False,True
none,none,easyocr,2.4572506909998992,4,4,7,8,True,True,True,True,False,True,True,True,True,True,True,True
none,none,easyocr,2.525177488000054,1,4,2,8,False,False,False,True,False,True,True,False,False,False,False,False
none,none,easyocr,2.4685284920001322,1,4,3,8,False,False,False,True,False,True,True,True,False,False,False,False
none,none,easyocr,2.4337484440000026,2,4,5,8,False,True,False,True,True,True,True,True,False,False,False,True
none,none,easyocr,2.458771479999996,2,4,6,8,False,True,False,True,True,True,True,True,False,True,False,True
none,none,easyocr,2.4342273869999644,4,4,5,8,True,True,True,True,False,True,False,True,True,True,False,True
none,blue,tesseract,0.5865499349999936,3,4,5,8,True,True,True,False,False,False,True,True,True,True,False,True
none,blue,tesseract,0.7053104199999325,2,4,6,8,False,True,False,True,True,True,True,False,True,True,False,True
none,blue,tesseract,0.45997279500011246,4,4,8,8,True,True,True,True,True,True,True,True,True,True,True,True
none,blue,tesseract,0.6098305850000543,2,4,5,8,False,True,False,True,False,True,True,True,True,False,False,True
none,blue,tesseract,0.5871274900000572,1,4,4,8,True,False,False,False,False,False,True,True,True,True,False,False
none,blue,tesseract,0.5180487650000032,3,4,5,8,True,True,False,True,False,True,True,True,True,False,False,True
none,blue,tesseract,0.45325144100002035,2,4,4,8,True,False,False,True,False,True,False,True,True,True,False,False
none,blue,tesseract,0.48264882399985254,1,4,3,8,False,True,False,False,False,False,True,True,False,False,False,True
none,blue,tesseract,0.4854317589999937,4,4,6,8,True,True,True,True,False,True,True,True,True,True,False,True
none,blue,tesseract,0.5406838090000292,0,4,1,8,False,False,False,False,False,False,False,False,False,True,False,False
none,blue,tesseract,0.5209001969999463,2,4,4,8,False,True,False,True,False,True,True,True,False,False,False,True
none,blue,tesseract,0.3783184810001785,2,4,4,8,True,True,False,False,False,False,True,False,True,True,False,True
none,blue,tesseract,0.5353059070000654,1,4,2,8,False,False,False,True,False,True,True,False,False,False,False,False
none,blue,tesseract,0.5799433449999469,4,4,6,8,True,True,True,True,False,True,True,True,True,True,False,True
none,blue,tesseract,0.6952687319999313,4,4,8,8,True,True,True,True,True,True,True,True,True,True,True,True
none,blue,tesseract,0.4150746400000571,0,4,1,8,False,False,False,False,False,False,True,False,False,False,False,False
none,blue,tesseract,0.6337151380000705,1,4,4,8,False,True,False,False,True,False,True,True,False,False,False,True
none,blue,tesseract,0.4629589460000716,4,4,7,8,True,True,True,True,False,True,True,True,True,True,True,True
none,blue,tesseract,0.4170433970000431,0,4,3,8,False,False,False,False,False,False,True,False,True,True,False,False
none,blue,tesseract,0.44661204300018653,2,4,5,8,False,True,False,True,False,True,True,False,False,True,True,True
none,blue,easyocr,2.3511737409999114,1,4,5,8,False,False,False,True,True,True,True,True,False,True,False,False
none,blue,easyocr,2.2096469410000736,3,4,5,8,True,True,False,True,True,True,False,True,False,True,False,True
none,blue,easyocr,2.2315793360000953,4,4,8,8,True,True,True,True,True,True,True,True,True,True,True,True
none,blue,easyocr,2.457523732000027,4,4,7,8,True,True,True,True,True,True,True,True,True,True,False,True
none,blue,easyocr,2.2789041769999585,1,4,6,8,False,False,False,True,False,True,True,True,True,True,True,False
none,blue,easyocr,2.342658677000145,3,4,5,8,True,True,False,True,False,True,True,False,True,True,False,True
none,blue,easyocr,2.284491780999815,2,4,5,8,True,False,False,True,False,True,True,True,True,True,False,False
none,blue,easyocr,2.7619861529999525,4,4,6,8,True,True,True,True,True,True,False,True,True,True,False,True
none,blue,easyocr,2.474073522000026,4,4,7,8,True,True,True,True,True,True,True,True,True,True,False,True
none,blue,easyocr,2.412043191000066,1,4,1,8,False,True,False,False,False,False,False,False,False,True,False,False
none,blue,easyocr,2.2547595929997897,4,4,8,8,True,True,True,True,True,True,True,True,True,True,True,True
none,blue,easyocr,2.203509836999956,2,4,5,8,True,False,False,True,False,True,True,True,True,True,False,False
none,blue,easyocr,2.527710440999954,1,4,2,8,False,True,False,False,False,False,False,True,False,False,False,True
none,blue,easyocr,2.538037325999994,3,4,6,8,True,True,False,True,True,True,True,True,True,False,False,True
none,blue,easyocr,2.328525654000032,4,4,6,8,True,True,True,True,False,True,True,True,True,True,False,True
none,blue,easyocr,2.4674730360000012,1,4,1,8,False,False,False,True,False,True,False,False,False,False,False,False
none,blue,easyocr,2.3335391780001373,1,4,4,8,False,False,False,True,False,True,True,True,True,False,False,False
none,blue,easyocr,2.354335256000013,4,4,5,8,True,True,True,True,False,True,False,True,True,True,False,True
none,blue,easyocr,2.264458839000099,2,4,3,8,False,True,False,True,False,True,False,True,False,False,False,True
none,blue,easyocr,2.427298472000075,2,4,2,8,False,True,False,True,False,True,False,True,False,False,False,False
none,green,tesseract,0.5748306349998984,0,4,0,8,False,False,False,False,False,False,False,False,False,False,False,False
none,green,tesseract,0.4511834939999062,2,4,4,8,False,True,False,True,True,True,True,False,False,False,False,True
none,green,tesseract,0.5035021940000206,4,4,8,8,True,True,True,True,True,True,True,True,True,True,True,True
none,green,tesseract,0.5716198489999442,2,4,6,8,False,True,False,True,False,True,True,True,True,False,True,True
none,green,tesseract,0.5878010360002008,1,4,6,8,True,False,False,False,False,False,True,True,True,True,True,True
none,green,tesseract,0.5237766640000245,3,4,5,8,True,True,False,True,False,True,True,True,True,False,False,True
none,green,tesseract,0.6255326420000529,1,4,1,8,False,False,False,True,False,True,False,False,False,False,False,False
none,green,tesseract,0.5004752769998504,1,4,1,8,False,False,False,True,False,True,False,False,False,False,False,False
none,green,tesseract,0.7622575529999267,4,4,6,8,True,True,True,True,False,True,True,True,True,True,False,True
none,green,tesseract,0.5661040170000433,1,4,1,8,False,True,False,False,False,False,False,False,False,False,False,True
none,green,tesseract,0.5451205109998227,4,4,6,8,True,True,True,True,False,True,True,True,True,True,False,True
none,green,tesseract,0.3979255579999972,2,4,4,8,False,True,False,True,True,True,True,False,False,False,False,True
none,green,tesseract,0.4968330579999929,0,4,1,8,False,False,False,False,False,False,False,False,True,False,False,False
none,green,tesseract,0.594537124999988,4,4,6,8,True,True,True,True,False,True,True,True,True,True,False,True
none,green,tesseract,0.7270572630000061,2,4,5,8,False,True,False,True,False,True,True,True,False,True,False,True
none,green,tesseract,0.4569688189999397,0,4,1,8,False,False,False,False,False,False,True,False,False,False,False,False
none,green,tesseract,0.6943311190000259,0,4,2,8,False,False,False,False,False,False,True,True,False,False,False,False
none,green,tesseract,0.48674425300009716,2,4,4,8,False,True,False,True,False,True,True,True,False,False,False,True
none,green,tesseract,0.576140445999954,1,4,1,8,False,False,False,True,False,True,False,False,False,False,False,False
none,green,tesseract,0.6589701729999433,4,4,6,8,True,True,True,True,False,True,True,True,True,True,False,True
none,green,easyocr,2.318800200000169,4,4,7,8,True,True,True,True,True,True,True,True,True,True,False,True
none,green,easyocr,2.225788287000114,2,4,5,8,False,True,False,True,True,True,True,True,False,False,False,True
none,green,easyocr,2.2136175900000126,4,4,8,8,True,True,True,True,True,True,True,True,True,True,True,True
none,green,easyocr,2.3441710630002035,4,4,6,8,True,True,True,True,False,True,True,True,True,True,False,True
none,green,easyocr,2.2445704159999877,1,4,5,8,False,False,False,True,False,True,True,True,True,True,False,False
none,green,easyocr,2.285083120000081,3,4,4,8,True,True,False,True,False,True,False,False,True,True,False,True
none,green,easyocr,2.3899020499998187,1,4,2,8,False,False,False,True,False,True,False,True,False,False,False,False
none,green,easyocr,2.6421319809999204,2,4,6,8,False,True,False,True,True,True,True,True,False,True,False,True
none,green,easyocr,2.49879710800019,2,4,7,8,False,True,False,True,True,True,True,True,True,False,True,True
none,green,easyocr,2.359925563999923,1,4,2,8,False,True,False,False,False,False,True,False,False,True,False,False
none,green,easyocr,2.3591840990000037,2,4,6,8,False,True,False,True,True,True,True,True,False,False,True,True
none,green,easyocr,2.177202803,2,4,5,8,True,False,False,True,False,True,True,True,True,True,False,False
none,green,easyocr,2.354570212999988,3,4,4,8,True,True,True,False,False,False,False,True,True,True,False,True
none,green,easyocr,2.8298813589999554,2,4,4,8,False,True,False,True,False,True,False,True,True,False,False,True
none,green,easyocr,2.424481528999877,2,4,6,8,False,True,False,True,False,True,False,True,True,True,True,True
none,green,easyocr,2.4457392470001196,1,4,4,8,False,False,False,True,False,True,True,True,False,True,False,False
none,green,easyocr,2.418784204999838,1,4,3,8,False,False,False,True,False,True,True,True,False,False,False,False
none,green,easyocr,2.2815672480001012,2,4,5,8,False,True,False,True,True,True,True,True,False,False,False,True
none,green,easyocr,2.408025623999947,2,4,4,8,False,True,False,True,True,True,True,True,False,False,False,False
none,green,easyocr,2.3530385690000912,2,4,4,8,False,True,False,True,False,True,False,True,True,False,False,True
none,red,tesseract,0.6281108089999634,4,4,6,8,True,True,True,True,False,True,True,True,True,True,False,True
none,red,tesseract,0.8387504639999861,4,4,7,8,True,True,True,True,True,True,True,True,True,True,False,True
none,red,tesseract,0.58098115100006,4,4,8,8,True,True,True,True,True,True,True,True,True,True,True,True
none,red,tesseract,0.6739048510000885,2,4,5,8,False,True,False,True,False,True,True,True,True,False,False,True
none,red,tesseract,0.6861089730000458,1,4,5,8,True,False,False,False,False,False,True,True,True,True,True,False
none,red,tesseract,0.6733577360000709,3,4,5,8,True,True,False,True,False,True,True,True,True,False,False,True
none,red,tesseract,0.5791213359998437,1,4,2,8,False,False,False,True,False,True,False,True,False,False,False,False
none,red,tesseract,0.7080513899998095,2,4,5,8,False,True,False,True,False,True,True,True,False,True,False,True
none,red,tesseract,0.5343124859998625,4,4,7,8,True,True,True,True,False,True,True,True,True,True,True,True
none,red,tesseract,0.5809551330000886,1,4,3,8,True,False,False,False,False,False,True,False,True,True,False,False
none,red,tesseract,0.5361183009999877,4,4,6,8,True,True,True,True,False,True,True,True,True,True,False,True
none,red,tesseract,0.4163585700000567,0,4,2,8,False,False,False,False,False,False,True,True,False,False,False,False
none,red,tesseract,0.609457915999883,1,4,3,8,False,False,False,True,False,True,True,False,True,False,False,False
none,red,tesseract,0.8781964570000582,4,4,6,8,True,True,True,True,False,True,True,True,True,True,False,True
none,red,tesseract,0.6807760399999552,2,4,5,8,False,True,False,True,True,True,False,True,False,True,False,True
none,red,tesseract,0.5138595549999536,0,4,1,8,False,False,False,False,False,False,True,False,False,False,False,False
none,red,tesseract,0.5634334569999737,1,4,3,8,False,True,False,False,False,False,True,True,False,False,False,True
none,red,tesseract,0.5621777489998294,4,4,7,8,True,True,True,True,False,True,True,True,True,True,True,True
none,red,tesseract,0.44556893000003583,0,4,2,8,False,False,False,False,False,False,True,True,False,False,False,False
none,red,tesseract,0.5564838450000025,2,4,4,8,False,True,False,True,False,True,True,False,True,False,False,True
none,red,easyocr,2.3617467139999917,2,4,6,8,False,True,False,True,True,True,True,True,True,False,False,True
none,red,easyocr,2.2985375630000817,2,4,5,8,False,True,False,True,True,True,True,True,False,False,False,True
none,red,easyocr,2.3132546589999947,2,4,6,8,False,True,False,True,True,True,True,True,False,False,True,True
none,red,easyocr,2.349686785999893,2,4,5,8,False,True,False,True,False,True,True,True,True,False,False,True
none,red,easyocr,2.6039846619999025,1,4,3,8,False,False,False,True,False,True,True,True,False,False,False,False
none,red,easyocr,2.526652942000055,2,4,3,8,False,True,False,True,False,True,False,True,False,False,False,True
none,red,easyocr,2.369272894000005,1,4,1,8,False,False,False,True,False,True,False,False,False,False,False,False
none,red,easyocr,2.6384459719999995,2,4,6,8,False,True,False,True,True,True,True,True,False,True,False,True
none,red,easyocr,2.56533201000002,2,4,5,8,False,True,False,True,True,True,True,True,False,False,False,True
none,red,easyocr,2.589726308000081,3,4,2,8,True,True,False,True,False,True,False,False,True,False,False,False
none,red,easyocr,2.5391881470000044,2,4,6,8,False,True,False,True,True,True,True,True,False,False,True,True
none,red,easyocr,2.533913663000021,1,4,3,8,False,False,False,True,False,True,True,True,False,False,False,False
none,red,easyocr,2.53211513999986,2,4,3,8,False,True,False,True,False,True,False,True,False,False,False,True
none,red,easyocr,2.8583092389999365,4,4,6,8,True,True,True,True,True,True,False,True,True,True,False,True
none,red,easyocr,2.3935591290000957,2,4,5,8,False,True,False,True,False,True,True,True,False,False,True,True
none,red,easyocr,2.5077970889999506,1,4,2,8,False,False,False,True,False,True,False,True,False,False,False,False
none,red,easyocr,2.46763034300011,1,4,4,8,False,False,False,True,False,True,True,True,True,False,False,False
none,red,easyocr,2.3125116849998903,2,4,7,8,False,True,False,True,True,True,True,True,True,True,False,True
none,red,easyocr,2.3227328870000292,2,4,5,8,False,True,False,True,False,True,True,True,False,True,False,True
none,red,easyocr,2.3899908400001095,2,4,3,8,False,True,False,True,False,True,False,True,True,False,False,False
none,red-green,tesseract,0.4584185039998374,4,4,6,8,True,True,True,True,False,True,True,True,True,True,False,True
none,red-green,tesseract,0.7479681209999853,4,4,7,8,True,True,True,True,True,True,True,True,True,True,False,True
none,red-green,tesseract,0.5005900810001549,2,4,6,8,False,True,False,True,True,True,True,True,False,False,True,True
none,red-green,tesseract,0.5982907030002025,2,4,5,8,False,True,False,True,False,True,True,True,True,False,False,True
none,red-green,tesseract,0.5504210999999941,0,4,4,8,False,False,False,False,False,False,True,False,True,True,True,False
none,red-green,tesseract,0.7005377120001413,2,4,5,8,False,True,False,True,False,True,True,False,True,True,False,True
none,red-green,tesseract,0.6304981719999887,1,4,2,8,False,False,False,True,False,True,False,True,False,False,False,False
none,red-green,tesseract,0.5197364989999187,1,4,2,8,False,True,False,False,False,False,False,True,False,False,False,True
none,red-green,tesseract,0.7728123459999097,4,4,7,8,True,True,True,True,False,True,True,True,True,True,True,True
none,red-green,tesseract,0.584560275000058,0,4,1,8,False,False,False,False,False,False,False,False,True,False,False,False
none,red-green,tesseract,0.5484603679999509,4,4,6,8,True,True,True,True,False,True,True,True,True,True,False,True
none,red-green,tesseract,0.3919893709999087,0,4,2,8,False,False,False,False,True,False,True,False,False,False,False,False
none,red-green,tesseract,0.5304983050000374,0,4,0,8,False,False,False,False,False,False,False,False,False,False,False,False
none,red-green,tesseract,0.7220423179999216,4,4,6,8,True,True,True,True,False,True,True,True,True,True,False,True
none,red-green,tesseract,0.859225085999924,2,4,7,8,False,True,False,True,True,True,True,True,True,True,False,True
none,red-green,tesseract,0.4134925490000114,0,4,2,8,False,False,False,False,False,False,True,False,False,True,False,False
none,red-green,tesseract,0.6106707180001649,1,4,3,8,False,True,False,False,False,False,False,True,False,True,False,True
none,red-green,tesseract,0.5149794209999072,4,4,6,8,True,True,True,True,False,True,True,True,True,True,False,True
none,red-green,tesseract,0.45676135999997314,0,4,1,8,False,False,False,False,False,False,True,False,False,False,False,False
none,red-green,tesseract,0.5915338160000374,2,4,5,8,False,True,False,True,False,True,True,False,True,True,False,True
none,red-green,easyocr,2.3846405320000486,2,4,5,8,False,True,False,True,True,True,True,True,False,False,False,True
none,red-green,easyocr,2.2770245750000413,2,4,5,8,False,True,False,True,True,True,True,True,False,False,False,True
none,red-green,easyocr,2.3119457620000503,2,4,6,8,False,True,False,True,True,True,True,True,False,False,True,True
none,red-green,easyocr,2.4142911320000167,2,4,5,8,False,True,False,True,False,True,True,True,False,True,False,True
none,red-green,easyocr,2.401381770999933,1,4,3,8,False,False,False,True,False,True,True,True,False,False,False,False
none,red-green,easyocr,2.464687953999828,2,4,4,8,False,True,False,True,False,True,True,True,False,False,False,True
none,red-green,easyocr,2.328496356999949,1,4,2,8,False,False,False,True,False,True,False,True,False,False,False,False
none,red-green,easyocr,2.6164256619999833,2,4,6,8,False,True,False,True,True,True,True,True,False,True,False,True
none,red-green,easyocr,2.5086729079998804,2,4,6,8,False,True,False,True,True,True,True,True,False,False,True,True
none,red-green,easyocr,2.7226674730000013,2,4,0,8,True,True,False,False,False,False,False,False,False,False,False,False
none,red-green,easyocr,2.5558096889999433,2,4,6,8,False,True,False,True,True,True,True,True,False,False,True,True
none,red-green,easyocr,2.5026646999999684,1,4,3,8,False,False,False,True,False,True,False,True,True,False,False,False
none,red-green,easyocr,2.500737690000051,2,4,3,8,False,True,False,True,False,True,False,True,False,False,False,True
none,red-green,easyocr,2.783774644000232,2,4,4,8,False,True,False,True,False,True,False,True,True,False,False,True
none,red-green,easyocr,2.409858279999753,2,4,5,8,False,True,False,True,False,True,True,True,False,False,True,True
none,red-green,easyocr,2.4819475399999646,1,4,2,8,False,False,False,True,False,True,False,True,False,False,False,False
none,red-green,easyocr,2.5085066239998923,1,4,3,8,False,False,False,True,False,True,True,True,False,False,False,False
none,red-green,easyocr,2.358601913000257,2,4,5,8,False,True,False,True,True,True,True,True,False,False,False,True
none,red-green,easyocr,2.4296271239995804,2,4,6,8,False,True,False,True,True,True,True,True,False,True,False,True
none,red-green,easyocr,2.387861977999819,2,4,4,8,False,True,False,True,False,True,False,True,True,False,False,True
none,green-blue,tesseract,0.5739557370002331,4,4,5,8,True,True,True,True,False,True,True,True,True,True,False,False
none,green-blue,tesseract,0.7251198959997964,2,4,4,8,False,True,False,True,True,True,True,False,False,False,False,True
none,green-blue,tesseract,0.46684214600009,4,4,8,8,True,True,True,True,True,True,True,True,True,True,True,True
none,green-blue,tesseract,0.5597285109997756,2,4,6,8,False,True,False,True,False,True,True,True,True,False,True,True
none,green-blue,tesseract,0.48477588900004775,0,4,5,8,False,False,False,False,False,False,True,True,True,True,True,False
none,green-blue,tesseract,0.4670175129999734,3,4,5,8,True,True,False,True,False,True,True,True,True,False,False,True
none,green-blue,tesseract,0.4816556010000568,1,4,2,8,False,False,False,True,False,True,False,True,False,False,False,False
none,green-blue,tesseract,0.48938197799998306,2,4,6,8,False,True,False,True,False,True,True,True,False,True,True,True
none,green-blue,tesseract,0.5498315799995908,2,4,5,8,False,True,False,True,False,True,True,True,True,False,False,True
none,green-blue,tesseract,0.5289929759996994,2,4,3,8,True,True,False,False,False,False,False,False,True,True,False,True
none,green-blue,tesseract,0.5206884389999686,4,4,6,8,True,True,True,True,False,True,True,True,True,True,False,True
none,green-blue,tesseract,0.3920954239997627,0,4,2,8,False,False,False,False,True,False,True,False,False,False,False,False
none,green-blue,tesseract,0.5077085319999242,0,4,1,8,False,False,False,False,False,False,False,False,True,False,False,False
none,green-blue,tesseract,0.5558773880002263,2,4,5,8,False,True,False,True,False,True,True,True,True,False,False,True
none,green-blue,tesseract,0.7037080210002387,2,4,8,8,False,True,False,True,True,True,True,True,True,True,True,True
none,green-blue,tesseract,0.4229294380002102,0,4,1,8,False,False,False,False,False,False,True,False,False,False,False,False
none,green-blue,tesseract,0.5952781470000446,2,4,4,8,False,True,False,True,False,True,False,True,False,True,False,True
none,green-blue,tesseract,0.47290112200016665,2,4,4,8,False,True,False,True,False,True,True,True,False,False,False,True
none,green-blue,tesseract,0.46915000199987844,0,4,3,8,False,False,False,False,False,False,True,True,False,True,False,False
none,green-blue,tesseract,0.43661266000026444,2,4,3,8,False,True,False,True,False,True,True,False,False,False,False,True
none,green-blue,easyocr,2.3294197670002177,2,4,6,8,True,False,False,True,True,True,True,True,True,True,False,False
none,green-blue,easyocr,2.2688858209999125,2,4,5,8,False,True,False,True,True,True,True,True,False,False,False,True
none,green-blue,easyocr,2.2019934919999287,4,4,8,8,True,True,True,True,True,True,True,True,True,True,True,True
none,green-blue,easyocr,2.405105123999874,4,4,5,8,True,True,True,True,False,True,False,True,True,True,False,True
none,green-blue,easyocr,2.2458508509998865,1,4,5,8,False,False,False,True,False,True,True,True,True,True,False,False
none,green-blue,easyocr,2.284845165999741,2,4,4,8,False,True,False,True,False,True,True,False,True,False,False,True
none,green-blue,easyocr,2.3169009279999955,1,4,3,8,False,False,False,True,False,True,False,True,True,False,False,False
none,green-blue,easyocr,2.640521945999808,2,4,6,8,False,True,False,True,True,True,False,True,True,True,False,True
none,green-blue,easyocr,2.5089350969997213,2,4,6,8,False,True,False,True,True,True,True,True,False,False,True,True
none,green-blue,easyocr,2.3394235509999817,2,4,1,8,False,True,False,True,False,True,False,False,False,False,False,False
none,green-blue,easyocr,2.3153292689999034,4,4,8,8,True,True,True,True,True,True,True,True,True,True,True,True
none,green-blue,easyocr,2.1625131599998895,2,4,5,8,True,False,False,True,False,True,True,True,True,True,False,False
none,green-blue,easyocr,2.3697434509999766,1,4,3,8,False,True,False,False,False,False,False,True,True,False,False,True
none,green-blue,easyocr,2.734553983999831,4,4,6,8,True,True,True,True,False,True,True,True,True,True,False,True
none,green-blue,easyocr,2.3678941250000207,4,4,6,8,True,True,True,True,False,True,True,True,True,True,False,True
none,green-blue,easyocr,2.4717054309999185,1,4,1,8,False,False,False,True,False,True,False,False,False,False,False,False
none,green-blue,easyocr,2.416692968999996,1,4,4,8,False,False,False,True,False,True,True,True,True,False,False,False
none,green-blue,easyocr,2.2614460559998406,2,4,6,8,False,True,False,True,True,True,True,True,False,True,False,True
none,green-blue,easyocr,2.4035544629996366,4,4,5,8,True,True,True,True,False,True,False,True,True,True,False,True
none,green-blue,easyocr,2.398856141000124,2,4,4,8,False,True,False,True,False,True,True,True,False,False,False,True
none,red-blue,tesseract,0.6212268079998466,2,4,5,8,True,False,False,True,False,True,True,True,True,True,False,False
none,red-blue,tesseract,0.7019950680000875,2,4,6,8,False,True,False,True,True,True,True,False,True,True,False,True
none,red-blue,tesseract,0.5032625400003781,2,4,6,8,False,True,False,True,True,True,True,True,False,False,True,True
none,red-blue,tesseract,0.6395501450001575,2,4,5,8,False,True,False,True,False,True,True,True,True,False,False,True
none,red-blue,tesseract,0.6279195109996181,1,4,6,8,True,False,False,False,False,False,True,True,True,True,True,True
none,red-blue,tesseract,0.5645371189998514,3,4,5,8,True,True,False,True,False,True,True,True,True,False,False,True
none,red-blue,tesseract,0.6247859000000062,1,4,2,8,False,False,False,True,False,True,False,False,True,False,False,False
none,red-blue,tesseract,0.5644452000001365,2,4,4,8,False,True,False,True,False,True,True,True,False,True,False,False
none,red-blue,tesseract,0.530173160999766,2,4,4,8,False,True,False,True,False,True,True,True,False,False,False,True
none,red-blue,tesseract,0.5661435460001485,0,4,0,8,False,False,False,False,False,False,False,False,False,False,False,False
none,red-blue,tesseract,0.5204421170001297,4,4,6,8,True,True,True,True,False,True,True,True,True,True,False,True
none,red-blue,tesseract,0.38409218400011014,0,4,1,8,False,False,False,False,False,False,True,False,False,False,False,False
none,red-blue,tesseract,0.5007887829997344,0,4,2,8,False,False,False,False,False,False,False,True,True,False,False,False
none,red-blue,tesseract,0.804392911999912,2,4,5,8,False,True,False,True,False,True,True,True,True,False,False,True
none,red-blue,tesseract,0.7648443080001925,2,4,8,8,False,True,False,True,True,True,True,True,True,True,True,True
none,red-blue,tesseract,0.4687569729999268,0,4,2,8,False,False,False,False,False,False,True,False,False,True,False,False
none,red-blue,tesseract,0.6058365590001813,0,4,2,8,False,False,False,False,False,False,True,True,False,False,False,False
none,red-blue,tesseract,0.508205296000142,4,4,6,8,True,True,True,True,False,True,True,True,True,True,False,True
none,red-blue,tesseract,0.436159306999798,0,4,2,8,False,False,False,False,False,False,True,True,False,False,False,False
none,red-blue,tesseract,0.5054327140001078,2,4,3,8,False,True,False,True,False,True,True,False,False,False,False,True
none,red-blue,easyocr,2.3256711979997817,2,4,5,8,False,True,False,True,True,True,True,True,False,False,False,True
none,red-blue,easyocr,2.3002728129999923,2,4,5,8,False,True,False,True,True,True,True,True,False,False,False,True
none,red-blue,easyocr,2.2823148289999153,2,4,6,8,False,True,False,True,True,True,True,True,False,False,True,True
none,red-blue,easyocr,2.469767685000079,4,4,6,8,True,True,True,True,True,True,False,True,True,True,False,True
none,red-blue,easyocr,2.604965366000215,1,4,5,8,False,False,False,True,False,True,True,True,True,False,True,False
none,red-blue,easyocr,2.514327200000025,1,4,3,8,False,False,False,True,False,True,True,False,False,False,False,True
none,red-blue,easyocr,2.3876529930003016,2,4,4,8,True,False,False,True,False,True,False,True,True,True,False,False
none,red-blue,easyocr,2.755264155999612,2,4,7,8,False,True,False,True,True,True,True,True,True,True,False,True
none,red-blue,easyocr,2.605570829000044,2,4,6,8,False,True,False,True,True,True,True,True,False,False,True,True
none,red-blue,easyocr,2.5927275490003012,1,4,1,8,False,True,False,False,False,False,False,False,False,True,False,False
none,red-blue,easyocr,2.6414025690000926,2,4,6,8,False,True,False,True,True,True,True,True,False,False,True,True
none,red-blue,easyocr,2.5580006489999505,1,4,5,8,False,False,False,True,False,True,True,True,True,True,False,False
none,red-blue,easyocr,2.5821183349999046,2,4,3,8,False,True,False,True,False,True,False,True,False,False,False,True
none,red-blue,easyocr,2.8691093190000174,4,4,6,8,True,True,True,True,False,True,True,True,True,True,False,True
none,red-blue,easyocr,2.4838205329997436,2,4,6,8,False,True,False,True,True,True,True,True,False,False,True,True
none,red-blue,easyocr,2.5577469429999837,1,4,3,8,False,False,False,True,False,True,False,True,False,True,False,False
none,red-blue,easyocr,2.480319091000183,1,4,3,8,False,False,False,True,False,True,True,True,False,False,False,False
none,red-blue,easyocr,2.350547416000154,2,4,5,8,False,True,False,True,True,True,True,True,False,False,False,True
none,red-blue,easyocr,2.3771317229998203,2,4,4,8,False,True,False,True,False,True,False,True,True,False,False,True
none,red-blue,easyocr,2.4446594360001654,2,4,2,8,False,True,False,True,False,True,False,True,False,False,False,False
none,grayscale,tesseract,0.554116195000006,3,4,5,8,True,True,True,False,False,False,True,True,True,True,False,True
none,grayscale,tesseract,0.7766743170000154,4,4,7,8,True,True,True,True,True,True,True,True,True,True,False,True
none,grayscale,tesseract,0.4766827710000143,2,4,6,8,False,True,False,True,True,True,True,True,False,False,True,True
none,grayscale,tesseract,0.6118231059999744,2,4,5,8,False,True,False,True,False,True,True,True,True,False,False,True
none,grayscale,tesseract,0.6211827059996722,0,4,4,8,False,False,False,False,False,False,True,False,True,False,True,True
none,grayscale,tesseract,0.5155598300002566,1,4,3,8,False,True,False,False,False,False,True,True,False,False,False,True
none,grayscale,tesseract,0.6383054200000515,1,4,3,8,False,False,False,True,False,True,False,True,False,True,False,False
none,grayscale,tesseract,0.546304808000059,4,4,6,8,True,True,True,True,False,True,False,True,True,True,True,True
none,grayscale,tesseract,0.8134701330000098,4,4,6,8,True,True,True,True,False,True,True,True,True,True,False,True
none,grayscale,tesseract,0.5317283710000993,0,4,1,8,False,False,False,False,False,False,False,False,True,False,False,False
none,grayscale,tesseract,0.5884238049998203,4,4,6,8,True,True,True,True,False,True,True,True,True,True,False,True
none,grayscale,tesseract,0.42728827200016894,1,4,4,8,True,False,False,False,True,False,True,False,True,True,False,False
none,grayscale,tesseract,0.5142193899996528,0,4,0,8,False,False,False,False,False,False,False,False,False,False,False,False
none,grayscale,tesseract,0.690251033000095,2,4,5,8,False,True,False,True,False,True,True,True,True,False,False,True
none,grayscale,tesseract,0.7963330319998931,2,4,7,8,False,True,False,True,True,True,True,True,True,True,False,True
none,grayscale,tesseract,0.4143892140000389,0,4,1,8,False,False,False,False,False,False,True,False,False,False,False,False
none,grayscale,tesseract,0.6306423510000059,2,4,4,8,False,True,False,True,False,True,False,True,False,True,False,True
none,grayscale,tesseract,0.5576680499998474,4,4,7,8,True,True,True,True,False,True,True,True,True,True,True,True
none,grayscale,tesseract,0.46260525400020924,0,4,1,8,False,False,False,False,False,False,True,False,False,False,False,False
none,grayscale,tesseract,0.5170081760002176,2,4,5,8,False,True,False,True,False,True,True,True,False,True,False,True
none,grayscale,easyocr,2.3456773689999864,2,4,5,8,False,True,False,True,True,True,True,True,False,False,False,True
none,grayscale,easyocr,2.27797627200016,2,4,5,8,False,True,False,True,True,True,True,True,False,False,False,True
none,grayscale,easyocr,2.3022356729998137,4,4,8,8,True,True,True,True,True,True,True,True,True,True,True,True
none,grayscale,easyocr,2.4522538090000126,4,4,6,8,True,True,True,True,False,True,True,True,True,True,False,True
none,grayscale,easyocr,2.5398644090000744,1,4,3,8,False,False,False,True,False,True,True,True,False,False,False,False
none,grayscale,easyocr,2.431593007999709,2,4,4,8,False,True,False,True,False,True,True,True,False,False,False,True
none,grayscale,easyocr,2.3589625510003316,1,4,2,8,False,False,False,True,False,True,False,True,False,False,False,False
none,grayscale,easyocr,2.738962552999965,2,4,6,8,False,True,False,True,True,True,True,True,False,True,False,True
none,grayscale,easyocr,2.5843566570001713,2,4,5,8,False,True,False,True,True,True,True,True,False,False,False,True
none,grayscale,easyocr,2.3934923950000666,1,4,1,8,False,True,False,False,False,False,False,False,False,True,False,False
none,grayscale,easyocr,2.6491895320000367,2,4,7,8,False,True,False,True,True,True,True,True,True,False,True,True
none,grayscale,easyocr,2.4729212040001585,1,4,5,8,False,False,False,True,False,True,True,True,True,True,False,False
none,grayscale,easyocr,2.5907326040000953,2,4,3,8,False,True,False,True,False,True,False,True,False,False,False,True
none,grayscale,easyocr,2.8690489159998833,4,4,5,8,True,True,True,True,False,True,False,True,True,True,False,True
none,grayscale,easyocr,2.522221619999982,2,4,5,8,False,True,False,True,False,True,True,True,False,False,True,True
none,grayscale,easyocr,2.5397217899999305,1,4,4,8,False,False,False,True,False,True,True,True,False,True,False,False
none,grayscale,easyocr,2.488292349999938,1,4,3,8,False,False,False,True,False,True,True,True,False,False,False,False
none,grayscale,easyocr,2.3569975870000235,2,4,5,8,False,True,False,True,True,True,True,True,False,False,False,True
none,grayscale,easyocr,2.4657562779998443,2,4,5,8,False,True,False,True,True,True,True,True,False,False,False,True
none,grayscale,easyocr,2.419325647000278,4,4,4,8,True,True,True,True,False,True,False,True,True,True,False,False
+.25 contrast,none,tesseract,0.722981955999785,3,4,6,8,True,True,False,True,False,True,True,True,True,True,False,True
+.25 contrast,none,tesseract,0.4682613280001533,2,4,4,8,False,True,False,True,True,True,True,False,False,False,False,True
+.25 contrast,none,tesseract,0.5966209530001834,4,4,7,8,True,True,True,True,False,True,True,True,True,True,True,True
+.25 contrast,none,tesseract,0.6518165750003391,2,4,5,8,False,True,False,True,False,True,False,False,True,True,True,True
+.25 contrast,none,tesseract,0.7349134490000324,1,4,4,8,False,True,False,False,False,False,True,True,True,False,True,False
+.25 contrast,none,tesseract,0.7994653079999807,1,4,2,8,False,False,False,True,False,True,True,False,False,False,False,False
+.25 contrast,none,tesseract,0.5380252179998024,2,4,3,8,False,True,False,True,False,True,False,True,True,False,False,False
+.25 contrast,none,tesseract,0.5595635979998406,1,4,6,8,False,False,False,True,False,True,True,False,True,True,True,True
+.25 contrast,none,tesseract,0.5903467079997426,4,4,7,8,True,True,True,True,False,True,True,True,True,True,True,True
+.25 contrast,none,tesseract,0.6430159970000204,1,4,4,8,True,False,False,False,False,False,True,True,True,True,False,False
+.25 contrast,none,tesseract,0.550146025000231,4,4,6,8,True,True,True,True,False,True,True,True,True,True,False,True
+.25 contrast,none,tesseract,0.4676950949997263,2,4,2,8,True,True,False,False,False,False,False,False,True,True,False,False
+.25 contrast,none,tesseract,0.6912910239998382,2,4,5,8,True,False,False,True,False,True,True,True,True,True,False,False
+.25 contrast,none,tesseract,0.7008626470001218,4,4,6,8,True,True,True,True,False,True,True,True,True,True,False,True
+.25 contrast,none,tesseract,0.840269496000019,2,4,7,8,False,True,False,True,True,True,True,True,True,True,False,True
+.25 contrast,none,tesseract,0.6266182110002774,0,4,1,8,False,False,False,False,False,False,True,False,False,False,False,False
+.25 contrast,none,tesseract,0.7561747290001222,0,4,3,8,False,False,False,False,True,False,True,True,False,False,False,False
+.25 contrast,none,tesseract,0.6116273389998241,2,4,4,8,False,True,False,True,False,True,True,True,False,False,False,True
+.25 contrast,none,tesseract,0.5243009220002932,0,4,2,8,False,False,False,False,False,False,True,True,False,False,False,False
+.25 contrast,none,tesseract,0.5541858279998451,2,4,4,8,False,True,False,True,False,True,True,False,False,True,False,True
+.25 contrast,none,easyocr,2.3802716720001627,2,4,6,8,True,False,False,True,True,True,True,True,True,True,False,False
+.25 contrast,none,easyocr,2.2914687320003395,2,4,5,8,False,True,False,True,True,True,True,True,False,False,False,True
+.25 contrast,none,easyocr,2.2415199400002166,4,4,8,8,True,True,True,True,True,True,True,True,True,True,True,True
+.25 contrast,none,easyocr,2.466031359000226,2,4,5,8,False,True,False,True,True,True,True,True,False,False,False,True
+.25 contrast,none,easyocr,2.5950490770001124,1,4,6,8,False,False,False,True,False,True,True,True,True,True,True,False
+.25 contrast,none,easyocr,2.4756297740000264,4,4,6,8,True,True,True,True,False,True,True,True,True,True,False,True
+.25 contrast,none,easyocr,2.4300933160002387,2,4,4,8,True,False,False,True,False,True,False,True,True,True,False,False
+.25 contrast,none,easyocr,2.963651578000281,1,4,6,8,False,False,False,True,True,True,True,True,True,True,False,False
+.25 contrast,none,easyocr,2.5849730850000014,2,4,5,8,False,True,False,True,True,True,True,True,False,False,False,True
+.25 contrast,none,easyocr,2.40543459599985,2,4,1,8,False,True,False,True,False,True,False,False,False,False,False,False
+.25 contrast,none,easyocr,2.482048984999892,4,4,7,8,True,True,True,True,True,True,True,True,True,True,False,True
+.25 contrast,none,easyocr,2.3365770079999493,2,4,5,8,True,False,False,True,False,True,True,True,True,True,False,False
+.25 contrast,none,easyocr,2.575066013000196,2,4,5,8,False,True,False,True,False,True,False,True,True,True,False,True
+.25 contrast,none,easyocr,2.9464547089996813,3,4,4,8,True,True,False,True,True,True,False,False,True,False,False,True
+.25 contrast,none,easyocr,2.4016924530001234,4,4,7,8,True,True,True,True,False,True,True,True,True,True,True,True
+.25 contrast,none,easyocr,2.5595040340003834,1,4,2,8,False,False,False,True,False,True,False,False,False,True,False,False
+.25 contrast,none,easyocr,2.4738488440002584,1,4,4,8,False,False,False,True,False,True,True,True,False,True,False,False
+.25 contrast,none,easyocr,2.409712360999947,2,4,4,8,False,True,False,True,True,True,False,True,False,False,False,True
+.25 contrast,none,easyocr,2.485016593000182,2,4,7,8,False,True,False,True,True,True,False,True,True,True,True,True
+.25 contrast,none,easyocr,2.4400901809999596,2,4,4,8,False,True,False,True,False,True,True,True,False,False,False,True
+.25 contrast,blue,tesseract,0.5521653330001755,4,4,4,8,True,True,True,True,False,True,False,True,True,True,False,False
+.25 contrast,blue,tesseract,0.7190094129996396,3,4,6,8,True,True,False,True,True,True,True,True,True,False,False,True
+.25 contrast,blue,tesseract,0.8198830920000546,1,4,3,8,False,True,False,False,False,False,False,False,True,False,True,True
+.25 contrast,blue,tesseract,0.5285080919998109,4,4,6,8,True,True,True,True,False,True,True,True,True,True,False,True
+.25 contrast,blue,tesseract,0.5292396340000778,1,4,4,8,True,False,False,False,False,False,True,True,True,True,False,False
+.25 contrast,blue,tesseract,0.4738009970001258,2,4,4,8,False,True,False,True,False,True,False,True,True,False,False,True
+.25 contrast,blue,tesseract,0.44410540499984563,2,4,3,8,True,False,False,True,False,True,False,True,True,False,False,False
+.25 contrast,blue,tesseract,0.5752900169995883,1,4,6,8,False,False,False,True,False,True,True,False,True,True,True,True
+.25 contrast,blue,tesseract,0.49358219599980657,4,4,7,8,True,True,True,True,False,True,True,True,True,True,True,True
+.25 contrast,blue,tesseract,0.5117130729995552,0,4,1,8,False,False,False,False,False,False,False,False,True,False,False,False
+.25 contrast,blue,tesseract,0.47183935300017765,4,4,6,8,True,True,True,True,False,True,True,True,True,True,False,True
+.25 contrast,blue,tesseract,0.5778475060001256,2,4,4,8,True,False,False,True,False,True,False,True,True,False,False,True
+.25 contrast,blue,tesseract,0.525508176999665,2,4,3,8,False,True,False,True,False,True,True,False,True,False,False,False
+.25 contrast,blue,tesseract,0.598060015000101,4,4,6,8,True,True,True,True,False,True,True,True,True,True,False,True
+.25 contrast,blue,tesseract,0.6717186279997804,2,4,8,8,False,True,False,True,True,True,True,True,True,True,True,True
+.25 contrast,blue,tesseract,0.4103804649998892,0,4,1,8,False,False,False,False,False,False,True,False,False,False,False,False
+.25 contrast,blue,tesseract,0.6477043830000184,1,4,4,8,False,True,False,False,True,False,True,True,False,False,False,True
+.25 contrast,blue,tesseract,0.5841456470002413,4,4,5,8,True,True,True,True,False,True,False,True,True,True,False,True
+.25 contrast,blue,tesseract,0.4207325630000014,0,4,4,8,False,False,False,False,False,False,True,True,True,True,False,False
+.25 contrast,blue,tesseract,0.4559843019997061,2,4,4,8,False,True,False,True,False,True,True,False,False,True,False,True
+.25 contrast,blue,easyocr,2.2840020369999365,0,4,4,8,False,False,False,False,True,False,True,True,False,True,False,False
+.25 contrast,blue,easyocr,2.2075504049998926,4,4,7,8,True,True,True,True,True,True,True,True,True,True,False,True
+.25 contrast,blue,easyocr,2.204066021000017,4,4,8,8,True,True,True,True,True,True,True,True,True,True,True,True
+.25 contrast,blue,easyocr,2.357239610000306,4,4,6,8,True,True,True,True,True,True,False,True,True,True,False,True
+.25 contrast,blue,easyocr,2.2840833099999145,1,4,5,8,False,False,False,True,False,True,True,True,True,True,False,False
+.25 contrast,blue,easyocr,2.1807149800001753,1,4,2,8,False,True,False,False,False,False,False,False,True,False,False,True
+.25 contrast,blue,easyocr,2.2337591149998843,2,4,4,8,True,False,False,True,False,True,False,True,True,True,False,False
+.25 contrast,blue,easyocr,2.240545741999995,2,4,5,8,False,True,False,True,False,True,False,True,True,True,False,True
+.25 contrast,blue,easyocr,2.2821961449999435,4,4,7,8,True,True,True,True,True,True,True,True,True,True,False,True
+.25 contrast,blue,easyocr,2.2524085649997687,1,4,1,8,False,True,False,False,False,False,False,False,False,True,False,False
+.25 contrast,blue,easyocr,2.238166015999923,4,4,7,8,True,True,True,True,True,True,True,True,True,True,False,True
+.25 contrast,blue,easyocr,2.259756183999798,2,4,4,8,True,False,False,True,False,True,False,True,True,True,False,False
+.25 contrast,blue,easyocr,2.3225646769997184,4,4,5,8,True,True,True,True,False,True,False,True,True,True,False,True
+.25 contrast,blue,easyocr,2.4611331579999387,2,4,3,8,False,True,False,True,False,True,True,False,False,False,False,True
+.25 contrast,blue,easyocr,2.260632412999712,4,4,6,8,True,True,True,True,False,True,True,True,True,True,False,True
+.25 contrast,blue,easyocr,2.3894097110000985,0,4,2,8,False,False,False,False,False,False,True,False,False,True,False,False
+.25 contrast,blue,easyocr,2.285582486000294,1,4,5,8,False,False,False,True,True,True,True,True,True,False,False,False
+.25 contrast,blue,easyocr,2.2390514409999014,2,4,6,8,False,True,False,True,True,True,True,True,False,True,False,True
+.25 contrast,blue,easyocr,2.19538066899986,2,4,3,8,False,True,False,True,False,True,False,True,False,False,False,True
+.25 contrast,blue,easyocr,2.301378739000029,3,4,5,8,True,True,False,True,False,True,True,True,False,True,False,True
+.25 contrast,green,tesseract,0.42792770000005476,0,4,0,8,False,False,False,False,False,False,False,False,False,False,False,False
+.25 contrast,green,tesseract,0.4465186009997524,2,4,4,8,False,True,False,True,True,True,True,False,False,False,False,True
+.25 contrast,green,tesseract,0.4913505750000695,4,4,7,8,True,True,True,True,False,True,True,True,True,True,True,True
+.25 contrast,green,tesseract,0.5749932569997327,4,4,7,8,True,True,True,True,False,True,True,True,True,True,True,True
+.25 contrast,green,tesseract,0.538376511000024,1,4,5,8,False,True,False,False,False,False,True,True,True,True,True,False
+.25 contrast,green,tesseract,0.4862266259997341,2,4,5,8,False,True,False,True,False,True,True,True,True,False,False,True
+.25 contrast,green,tesseract,0.5529939620000732,1,4,2,8,False,False,False,True,False,True,False,True,False,False,False,False
+.25 contrast,green,tesseract,0.3925562749996061,1,4,1,8,False,False,False,True,False,True,False,False,False,False,False,False
+.25 contrast,green,tesseract,0.7327021080000122,4,4,6,8,True,True,True,True,False,True,True,True,True,True,False,True
+.25 contrast,green,tesseract,0.4865804220003156,2,4,3,8,True,True,False,False,False,False,False,False,True,True,False,True
+.25 contrast,green,tesseract,0.47476591499980714,4,4,6,8,True,True,True,True,False,True,True,True,True,True,False,True
+.25 contrast,green,tesseract,0.455847377000282,2,4,4,8,True,False,False,True,True,True,False,False,True,True,False,False
+.25 contrast,green,tesseract,0.5193008539999937,1,4,3,8,False,False,False,True,False,True,True,False,True,False,False,False
+.25 contrast,green,tesseract,0.5405480320000606,4,4,6,8,True,True,True,True,False,True,True,True,True,True,False,True
+.25 contrast,green,tesseract,0.6357741910001096,2,4,6,8,False,True,False,True,False,True,True,True,True,True,False,True
+.25 contrast,green,tesseract,0.4011238160001085,0,4,1,8,False,False,False,False,False,False,True,False,False,False,False,False
+.25 contrast,green,tesseract,0.6756794689999879,1,4,3,8,False,False,False,True,False,True,True,True,False,False,False,False
+.25 contrast,green,tesseract,0.5133861580002304,4,4,7,8,True,True,True,True,False,True,True,True,True,True,True,True
+.25 contrast,green,tesseract,0.4439801769999576,0,4,2,8,False,False,False,False,False,False,True,True,False,False,False,False
+.25 contrast,green,tesseract,0.6513873069998226,4,4,6,8,True,True,True,True,False,True,True,True,True,True,False,True
+.25 contrast,green,easyocr,2.265006256000106,1,4,4,8,True,False,False,False,False,False,True,True,True,True,False,False
+.25 contrast,green,easyocr,2.2778168770000775,2,4,5,8,False,True,False,True,True,True,True,True,False,False,False,True
+.25 contrast,green,easyocr,2.1851154529999803,4,4,8,8,True,True,True,True,True,True,True,True,True,True,True,True
+.25 contrast,green,easyocr,2.379706654999609,4,4,6,8,True,True,True,True,False,True,True,True,True,True,False,True
+.25 contrast,green,easyocr,2.2682065290000537,1,4,5,8,False,False,False,True,False,True,True,True,True,True,False,False
+.25 contrast,green,easyocr,2.1999097579996487,2,4,4,8,True,True,False,False,False,False,True,False,True,True,False,True
+.25 contrast,green,easyocr,2.401518302000113,1,4,2,8,False,False,False,True,False,True,False,True,False,False,False,False
+.25 contrast,green,easyocr,2.785968364999917,2,4,7,8,False,True,False,True,True,True,True,True,True,True,False,True
+.25 contrast,green,easyocr,2.5176003490000767,2,4,6,8,False,True,False,True,True,True,True,True,True,False,False,True
+.25 contrast,green,easyocr,2.415122699999756,1,4,1,8,False,True,False,False,False,False,False,False,False,True,False,False
+.25 contrast,green,easyocr,2.1704738729999917,4,4,7,8,True,True,True,True,True,True,True,True,True,True,False,True
+.25 contrast,green,easyocr,2.2969077980001202,2,4,4,8,True,False,False,True,False,True,False,True,True,True,False,False
+.25 contrast,green,easyocr,2.264453458999924,2,4,6,8,False,True,False,True,False,True,True,True,True,True,False,True
+.25 contrast,green,easyocr,2.702695720000065,4,4,7,8,True,True,True,True,True,True,True,True,True,True,False,True
+.25 contrast,green,easyocr,2.3447550380001303,4,4,6,8,True,True,True,True,False,True,False,True,True,True,True,True
+.25 contrast,green,easyocr,2.474282961999961,1,4,4,8,False,False,False,True,False,True,True,True,False,True,False,False
+.25 contrast,green,easyocr,2.388807747000101,1,4,2,8,False,False,False,True,False,True,True,False,False,False,False,False
+.25 contrast,green,easyocr,2.3489229189999605,2,4,5,8,False,True,False,True,True,True,True,True,False,False,False,True
+.25 contrast,green,easyocr,2.4398031509999782,2,4,4,8,False,True,False,True,True,True,False,True,False,True,False,False
+.25 contrast,green,easyocr,2.3921663350001836,2,4,4,8,False,True,False,True,False,True,True,True,True,False,False,False
+.25 contrast,red,tesseract,0.5852304740001273,4,4,6,8,True,True,True,True,False,True,True,True,True,True,False,True
+.25 contrast,red,tesseract,0.7977386479997222,4,4,7,8,True,True,True,True,True,True,True,True,True,True,False,True
+.25 contrast,red,tesseract,0.45260672799986423,2,4,5,8,False,True,False,True,False,True,True,True,False,False,True,True
+.25 contrast,red,tesseract,0.5322895070003142,2,4,4,8,False,True,False,True,False,True,False,False,True,True,False,True
+.25 contrast,red,tesseract,0.7239407800002482,1,4,5,8,True,False,False,False,False,False,True,True,True,True,True,False
+.25 contrast,red,tesseract,0.7074309760000688,2,4,6,8,True,False,False,True,False,True,True,True,True,True,False,True
+.25 contrast,red,tesseract,0.4532737360000283,2,4,5,8,True,False,False,True,False,True,True,True,True,True,False,False
+.25 contrast,red,tesseract,0.6499307499998395,1,4,5,8,False,False,False,True,False,True,True,True,False,True,True,False
+.25 contrast,red,tesseract,0.505981088000226,2,4,5,8,False,True,False,True,False,True,True,True,False,False,True,True
+.25 contrast,red,tesseract,0.5625131080000756,1,4,3,8,True,False,False,False,False,False,True,False,True,True,False,False
+.25 contrast,red,tesseract,0.4533843569997771,4,4,6,8,True,True,True,True,False,True,True,True,True,True,False,True
+.25 contrast,red,tesseract,0.4983715530001973,2,4,2,8,True,False,False,True,False,True,False,False,True,False,False,False
+.25 contrast,red,tesseract,0.6488743780000732,1,4,3,8,False,False,False,True,False,True,True,False,True,False,False,False
+.25 contrast,red,tesseract,0.6814669959999264,3,4,4,8,True,True,False,True,False,True,False,True,True,False,False,True
+.25 contrast,red,tesseract,0.7112748419999662,2,4,5,8,False,True,False,True,True,True,True,True,False,False,False,True
+.25 contrast,red,tesseract,0.5717074550002508,0,4,1,8,False,False,False,False,False,False,True,False,False,False,False,False
+.25 contrast,red,tesseract,0.6015868810000029,0,4,3,8,False,False,False,False,True,False,True,True,False,False,False,False
+.25 contrast,red,tesseract,0.5498400179999408,4,4,6,8,True,True,True,True,False,True,True,True,True,True,False,True
+.25 contrast,red,tesseract,0.39910227400014264,0,4,3,8,False,False,False,False,False,False,True,True,True,False,False,False
+.25 contrast,red,tesseract,0.503282967999894,2,4,5,8,False,True,False,True,False,True,True,False,True,True,False,True
+.25 contrast,red,easyocr,2.3774276950002786,1,4,5,8,False,False,False,True,True,True,True,True,True,False,False,False
+.25 contrast,red,easyocr,2.3026405079999677,2,4,5,8,False,True,False,True,True,True,True,True,False,False,False,True
+.25 contrast,red,easyocr,2.26001754500021,2,4,5,8,False,True,False,True,True,True,False,True,False,False,True,True
+.25 contrast,red,easyocr,2.4504327330000706,2,4,6,8,False,True,False,True,True,True,True,True,False,True,False,True
+.25 contrast,red,easyocr,2.5917584859998897,1,4,3,8,False,False,False,True,False,True,True,True,False,False,False,False
+.25 contrast,red,easyocr,2.4722053860000415,2,4,3,8,False,True,False,True,False,True,False,True,False,False,False,True
+.25 contrast,red,easyocr,2.3821676510001453,2,4,4,8,True,False,False,True,False,True,False,True,True,True,False,False
+.25 contrast,red,easyocr,2.7410386599999583,2,4,6,8,False,True,False,True,True,True,False,True,True,True,False,True
+.25 contrast,red,easyocr,2.5457863789997646,2,4,5,8,False,True,False,True,True,True,True,True,False,False,False,True
+.25 contrast,red,easyocr,2.433128267000029,1,4,0,8,False,True,False,False,False,False,False,False,False,False,False,False
+.25 contrast,red,easyocr,2.4850505780000276,2,4,5,8,False,True,False,True,True,True,True,True,False,False,False,True
+.25 contrast,red,easyocr,2.243740506999984,2,4,4,8,True,False,False,True,False,True,False,True,True,True,False,False
+.25 contrast,red,easyocr,2.512450958000045,2,4,3,8,False,True,False,True,False,True,False,True,False,False,False,True
+.25 contrast,red,easyocr,2.8142692429996714,3,4,6,8,True,True,False,True,True,True,True,True,True,False,False,True
+.25 contrast,red,easyocr,2.4006390690001354,2,4,5,8,False,True,False,True,False,True,True,True,False,False,True,True
+.25 contrast,red,easyocr,2.4694398679998812,1,4,2,8,False,False,False,True,False,True,True,False,False,False,False,False
+.25 contrast,red,easyocr,2.421872497000095,1,4,3,8,False,False,False,True,False,True,True,True,False,False,False,False
+.25 contrast,red,easyocr,2.2687912320002397,2,4,5,8,False,True,False,True,True,True,False,True,True,False,False,True
+.25 contrast,red,easyocr,2.4556280639999386,2,4,4,8,False,True,False,True,False,True,False,True,True,True,False,False
+.25 contrast,red,easyocr,2.3650351109999974,2,4,4,8,False,True,False,True,False,True,True,True,True,False,False,False
+.25 contrast,red-green,tesseract,0.46767448699984016,3,4,5,8,True,True,True,False,False,False,True,True,True,True,False,True
+.25 contrast,red-green,tesseract,0.7464535469998737,4,4,7,8,True,True,True,True,True,True,True,True,True,True,False,True
+.25 contrast,red-green,tesseract,0.44702525499997137,4,4,7,8,True,True,True,True,False,True,True,True,True,True,True,True
+.25 contrast,red-green,tesseract,0.5959877499999493,4,4,7,8,True,True,True,True,False,True,True,True,True,True,True,True
+.25 contrast,red-green,tesseract,0.6248412319996532,0,4,5,8,False,False,False,False,False,False,True,False,True,True,True,True
+.25 contrast,red-green,tesseract,0.4744209300001785,3,4,5,8,True,True,False,True,False,True,True,True,True,False,False,True
+.25 contrast,red-green,tesseract,0.5536191520000102,1,4,2,8,False,False,False,True,False,True,False,True,False,False,False,False
+.25 contrast,red-green,tesseract,0.4991450669999722,1,4,3,8,False,False,False,True,False,True,False,False,True,True,False,False
+.25 contrast,red-green,tesseract,0.614108915000088,4,4,7,8,True,True,True,True,False,True,True,True,True,True,True,True
+.25 contrast,red-green,tesseract,0.5438517799998408,1,4,2,8,True,False,False,False,False,False,False,False,True,True,False,False
+.25 contrast,red-green,tesseract,0.4814821199997823,4,4,6,8,True,True,True,True,False,True,True,True,True,True,False,True
+.25 contrast,red-green,tesseract,0.45769576000020606,3,4,5,8,True,True,False,True,True,True,False,False,True,True,False,True
+.25 contrast,red-green,tesseract,0.5261553770001228,1,4,3,8,False,False,False,True,False,True,True,False,False,True,False,False
+.25 contrast,red-green,tesseract,0.6153241759998309,2,4,5,8,False,True,False,True,False,True,True,True,True,False,False,True
+.25 contrast,red-green,tesseract,0.6353053090001595,2,4,7,8,False,True,False,True,False,True,True,True,True,True,True,True
+.25 contrast,red-green,tesseract,0.4046566269998948,0,4,1,8,False,False,False,False,False,False,True,False,False,False,False,False
+.25 contrast,red-green,tesseract,0.6131694939999761,1,4,3,8,False,True,False,False,False,False,False,True,True,False,False,True
+.25 contrast,red-green,tesseract,0.5509402650000084,2,4,4,8,False,True,False,True,False,True,True,True,False,False,False,True
+.25 contrast,red-green,tesseract,0.40755410000019765,0,4,3,8,False,False,False,False,False,False,True,True,True,False,False,False
+.25 contrast,red-green,tesseract,0.6046578020000197,4,4,6,8,True,True,True,True,False,True,True,True,True,True,False,True
+.25 contrast,red-green,easyocr,2.302688873000079,1,4,4,8,False,False,False,True,True,True,True,True,False,False,False,False
+.25 contrast,red-green,easyocr,2.261824247000277,2,4,4,8,False,True,False,True,True,True,False,True,False,False,False,True
+.25 contrast,red-green,easyocr,2.162343632000102,4,4,8,8,True,True,True,True,True,True,True,True,True,True,True,True
+.25 contrast,red-green,easyocr,2.39011378000032,4,4,7,8,True,True,True,True,True,True,True,True,True,True,False,True
+.25 contrast,red-green,easyocr,2.4373075789999348,1,4,3,8,False,False,False,True,False,True,True,True,False,False,False,False
+.25 contrast,red-green,easyocr,2.3789763039999343,2,4,3,8,False,True,False,True,False,True,False,True,False,False,False,True
+.25 contrast,red-green,easyocr,2.3611120790001223,1,4,2,8,False,False,False,True,False,True,False,True,False,False,False,False
+.25 contrast,red-green,easyocr,2.6755762379998487,2,4,6,8,False,True,False,True,True,True,False,True,True,True,False,True
+.25 contrast,red-green,easyocr,2.493695493999894,2,4,5,8,False,True,False,True,True,True,True,True,False,False,False,True
+.25 contrast,red-green,easyocr,2.395833176999986,1,4,1,8,False,True,False,False,False,False,False,False,False,False,False,True
+.25 contrast,red-green,easyocr,2.5196558630000254,2,4,6,8,False,True,False,True,True,True,True,True,True,False,False,True
+.25 contrast,red-green,easyocr,2.220993208999971,2,4,5,8,True,False,False,True,False,True,True,True,True,True,False,False
+.25 contrast,red-green,easyocr,2.3977439289997164,2,4,3,8,False,True,False,True,False,True,False,True,False,False,False,True
+.25 contrast,red-green,easyocr,2.823601026000233,3,4,6,8,True,True,False,True,True,True,True,True,True,False,False,True
+.25 contrast,red-green,easyocr,2.335006311000143,2,4,5,8,False,True,False,True,False,True,True,True,False,False,True,True
+.25 contrast,red-green,easyocr,2.4159904640000605,1,4,2,8,False,False,False,True,False,True,False,False,False,True,False,False
+.25 contrast,red-green,easyocr,2.4893428820000736,1,4,3,8,False,False,False,True,False,True,True,True,False,False,False,False
+.25 contrast,red-green,easyocr,2.3334321480001563,2,4,4,8,False,True,False,True,False,True,True,True,False,False,False,True
+.25 contrast,red-green,easyocr,2.4225727170000937,2,4,5,8,False,True,False,True,True,True,True,True,False,True,False,False
+.25 contrast,red-green,easyocr,2.346600634999959,2,4,5,8,False,True,False,True,False,True,True,True,True,False,False,True
+.25 contrast,green-blue,tesseract,0.5043851739997081,0,4,1,8,False,False,False,False,False,False,False,True,False,False,False,False
+.25 contrast,green-blue,tesseract,0.45454101100040134,2,4,6,8,False,True,False,True,True,True,True,False,True,True,False,True
+.25 contrast,green-blue,tesseract,0.4711176229998273,4,4,7,8,True,True,True,True,False,True,True,True,True,True,True,True
+.25 contrast,green-blue,tesseract,0.5803448690003279,4,4,7,8,True,True,True,True,False,True,True,True,True,True,True,True
+.25 contrast,green-blue,tesseract,0.5270043269997586,0,4,5,8,False,False,False,False,False,False,True,True,True,True,True,False
+.25 contrast,green-blue,tesseract,0.4792364669997369,3,4,5,8,True,True,False,True,False,True,True,True,True,False,False,True
+.25 contrast,green-blue,tesseract,0.452720257999772,2,4,4,8,True,False,False,True,False,True,False,True,True,True,False,False
+.25 contrast,green-blue,tesseract,0.47898829099995055,1,4,4,8,False,False,False,True,False,True,False,True,True,True,False,False
+.25 contrast,green-blue,tesseract,0.5690937990002567,2,4,4,8,False,True,False,True,False,True,True,True,False,False,False,True
+.25 contrast,green-blue,tesseract,0.46647668999958114,2,4,3,8,True,True,False,False,False,False,False,False,True,True,False,True
+.25 contrast,green-blue,tesseract,0.4905743999997867,4,4,6,8,True,True,True,True,False,True,True,True,True,True,False,True
+.25 contrast,green-blue,tesseract,0.425867759999619,2,4,2,8,True,True,False,False,False,False,False,False,True,True,False,False
+.25 contrast,green-blue,tesseract,0.5382358369997746,1,4,3,8,False,False,False,True,False,True,True,False,True,False,False,False
+.25 contrast,green-blue,tesseract,0.6004116829999475,4,4,6,8,True,True,True,True,False,True,True,True,True,True,False,True
+.25 contrast,green-blue,tesseract,0.6611095660000501,2,4,7,8,False,True,False,True,True,True,True,True,True,True,False,True
+.25 contrast,green-blue,tesseract,0.4085767100000339,0,4,1,8,False,False,False,False,False,False,True,False,False,False,False,False
+.25 contrast,green-blue,tesseract,0.6190383660000407,2,4,4,8,False,True,False,True,False,True,False,True,False,True,False,True
+.25 contrast,green-blue,tesseract,0.4532615459997942,4,4,7,8,True,True,True,True,False,True,True,True,True,True,True,True
+.25 contrast,green-blue,tesseract,0.3984031499999219,0,4,2,8,False,False,False,False,False,False,True,True,False,False,False,False
+.25 contrast,green-blue,tesseract,0.4850053840000328,2,4,3,8,False,True,False,True,False,True,True,False,False,False,False,True
+.25 contrast,green-blue,easyocr,2.3011264259998825,1,4,5,8,True,False,False,False,True,False,True,True,True,True,False,False
+.25 contrast,green-blue,easyocr,2.193941668000207,4,4,7,8,True,True,True,True,True,True,True,True,True,True,False,True
+.25 contrast,green-blue,easyocr,2.2045950730002914,4,4,8,8,True,True,True,True,True,True,True,True,True,True,True,True
+.25 contrast,green-blue,easyocr,2.346090767000078,4,4,7,8,True,True,True,True,True,True,True,True,True,True,False,True
+.25 contrast,green-blue,easyocr,2.25824011099985,1,4,5,8,False,False,False,True,False,True,True,True,True,True,False,False
+.25 contrast,green-blue,easyocr,2.204542649999894,2,4,4,8,True,True,False,False,False,False,True,False,True,True,False,True
+.25 contrast,green-blue,easyocr,2.3418576680001024,2,4,4,8,True,False,False,True,False,True,False,True,True,True,False,False
+.25 contrast,green-blue,easyocr,2.68814741999995,2,4,7,8,False,True,False,True,True,True,True,True,True,True,False,True
+.25 contrast,green-blue,easyocr,2.5178009530000054,2,4,5,8,False,True,False,True,True,True,True,True,False,False,False,True
+.25 contrast,green-blue,easyocr,2.2651785970001583,1,4,0,8,False,True,False,False,False,False,False,False,False,False,False,False
+.25 contrast,green-blue,easyocr,2.2209287689997836,4,4,7,8,True,True,True,True,True,True,True,True,True,True,False,True
+.25 contrast,green-blue,easyocr,2.2381741230001353,2,4,4,8,True,False,False,True,False,True,False,True,True,True,False,False
+.25 contrast,green-blue,easyocr,2.249461519000306,2,4,5,8,False,True,False,True,False,True,False,True,True,True,False,True
+.25 contrast,green-blue,easyocr,2.628002148000178,3,4,5,8,True,True,False,True,True,True,False,True,True,False,False,True
+.25 contrast,green-blue,easyocr,2.2560057709997636,4,4,6,8,True,True,True,True,False,True,True,True,True,True,False,True
+.25 contrast,green-blue,easyocr,2.425513965999926,1,4,2,8,False,False,False,True,False,True,False,False,True,False,False,False
+.25 contrast,green-blue,easyocr,2.46921099400015,1,4,3,8,False,False,False,True,False,True,True,True,False,False,False,False
+.25 contrast,green-blue,easyocr,2.2484636399999545,4,4,7,8,True,True,True,True,True,True,False,True,True,True,True,True
+.25 contrast,green-blue,easyocr,2.4216318150001825,2,4,4,8,False,True,False,True,True,True,False,True,False,True,False,False
+.25 contrast,green-blue,easyocr,2.373039454999798,2,4,4,8,False,True,False,True,False,True,True,True,False,False,False,True
+.25 contrast,red-blue,tesseract,0.48809258600022076,1,4,3,8,False,True,False,False,False,False,True,True,False,False,False,True
+.25 contrast,red-blue,tesseract,0.7016135779999786,2,4,4,8,False,True,False,True,True,True,True,False,False,False,False,True
+.25 contrast,red-blue,tesseract,0.49206447300002765,4,4,7,8,True,True,True,True,False,True,True,True,True,True,True,True
+.25 contrast,red-blue,tesseract,0.6450693100000535,2,4,7,8,False,True,False,True,False,True,True,True,True,True,True,True
+.25 contrast,red-blue,tesseract,0.6380525849999685,1,4,6,8,True,False,False,False,False,False,True,True,True,True,True,True
+.25 contrast,red-blue,tesseract,0.44682650799995827,3,4,4,8,True,True,False,True,False,True,False,True,True,False,False,True
+.25 contrast,red-blue,tesseract,0.5256649869998,2,4,3,8,True,False,False,True,False,True,False,True,True,False,False,False
+.25 contrast,red-blue,tesseract,0.5834894909999093,1,4,4,8,False,False,False,True,False,True,True,True,False,True,False,False
+.25 contrast,red-blue,tesseract,0.46832950399993933,4,4,7,8,True,True,True,True,False,True,True,True,True,True,True,True
+.25 contrast,red-blue,tesseract,0.4947890139997071,0,4,2,8,False,False,False,False,False,False,False,False,True,True,False,False
+.25 contrast,red-blue,tesseract,0.535912203999942,4,4,6,8,True,True,True,True,False,True,True,True,True,True,False,True
+.25 contrast,red-blue,tesseract,0.47521121399995536,1,4,2,8,False,False,False,True,False,True,False,False,True,False,False,False
+.25 contrast,red-blue,tesseract,0.5197681849999753,1,4,3,8,False,False,False,True,False,True,True,False,False,True,False,False
+.25 contrast,red-blue,tesseract,0.640170831999967,2,4,4,8,False,True,False,True,False,True,False,True,True,False,False,True
+.25 contrast,red-blue,tesseract,0.661320299000181,2,4,7,8,False,True,False,True,True,True,True,True,True,True,False,True
+.25 contrast,red-blue,tesseract,0.4447055289997479,0,4,1,8,False,False,False,False,False,False,True,False,False,False,False,False
+.25 contrast,red-blue,tesseract,0.6223097909996795,0,4,2,8,False,False,False,False,False,False,True,True,False,False,False,False
+.25 contrast,red-blue,tesseract,0.46559046899983514,2,4,5,8,False,True,False,True,False,True,True,True,False,False,True,True
+.25 contrast,red-blue,tesseract,0.4200095410001268,0,4,2,8,False,False,False,False,False,False,True,True,False,False,False,False
+.25 contrast,red-blue,tesseract,0.4176376949999394,2,4,3,8,False,True,False,True,False,True,True,False,False,False,False,True
+.25 contrast,red-blue,easyocr,2.3064338889998908,1,4,4,8,False,False,False,True,True,True,True,True,False,False,False,False
+.25 contrast,red-blue,easyocr,2.2401150020000387,2,4,4,8,False,True,False,True,True,True,False,True,False,False,False,True
+.25 contrast,red-blue,easyocr,2.1821569710000404,4,4,8,8,True,True,True,True,True,True,True,True,True,True,True,True
+.25 contrast,red-blue,easyocr,2.3933062460000656,4,4,6,8,True,True,True,True,True,True,False,True,True,True,False,True
+.25 contrast,red-blue,easyocr,2.5812027070001022,1,4,4,8,False,False,False,True,False,True,True,True,True,False,False,False
+.25 contrast,red-blue,easyocr,2.4609967599999436,2,4,3,8,False,True,False,True,False,True,False,False,False,True,False,True
+.25 contrast,red-blue,easyocr,2.305572762999873,2,4,5,8,True,False,False,True,False,True,True,True,True,True,False,False
+.25 contrast,red-blue,easyocr,2.5785465220001242,2,4,6,8,False,True,False,True,True,True,False,True,True,True,False,True
+.25 contrast,red-blue,easyocr,2.469973151999966,4,4,7,8,True,True,True,True,True,True,True,True,True,True,False,True
+.25 contrast,red-blue,easyocr,2.4491291589997672,1,4,1,8,False,True,False,False,False,False,False,False,False,True,False,False
+.25 contrast,red-blue,easyocr,2.5141172769999685,2,4,5,8,False,True,False,True,True,True,True,True,False,False,False,True
+.25 contrast,red-blue,easyocr,2.2437282040000355,2,4,4,8,True,False,False,True,False,True,False,True,True,True,False,False
+.25 contrast,red-blue,easyocr,2.3988245529999404,2,4,3,8,False,True,False,True,False,True,False,True,False,False,False,True
+.25 contrast,red-blue,easyocr,2.8632926139998744,3,4,5,8,True,True,False,True,True,True,False,True,True,False,False,True
+.25 contrast,red-blue,easyocr,2.2879521920003754,4,4,7,8,True,True,True,True,True,True,True,True,True,True,False,True
+.25 contrast,red-blue,easyocr,2.4725662440000633,2,4,4,8,True,False,False,True,False,True,True,True,False,True,False,False
+.25 contrast,red-blue,easyocr,2.481268033000106,1,4,4,8,False,False,False,True,False,True,True,True,True,False,False,False
+.25 contrast,red-blue,easyocr,2.261968126999818,2,4,4,8,False,True,False,True,True,True,False,True,False,False,False,True
+.25 contrast,red-blue,easyocr,2.4242411340001127,2,4,4,8,False,True,False,True,False,True,False,True,False,True,False,True
+.25 contrast,red-blue,easyocr,2.389331025000047,2,4,4,8,False,True,False,True,False,True,True,True,False,False,False,True
+.25 contrast,grayscale,tesseract,0.5286524710004414,2,4,6,8,True,False,False,True,False,True,True,True,True,True,False,True
+.25 contrast,grayscale,tesseract,0.723933703000057,2,4,6,8,False,True,False,True,True,True,True,False,True,True,False,True
+.25 contrast,grayscale,tesseract,0.5079546100000698,4,4,7,8,True,True,True,True,False,True,True,True,True,True,True,True
+.25 contrast,grayscale,tesseract,0.5950884669996412,2,4,6,8,False,True,False,True,False,True,True,True,True,False,True,True
+.25 contrast,grayscale,tesseract,0.6249276620001183,0,4,5,8,False,False,False,False,False,False,True,True,True,False,True,True
+.25 contrast,grayscale,tesseract,0.49961146700024983,2,4,5,8,False,True,False,True,False,True,True,True,True,False,False,True
+.25 contrast,grayscale,tesseract,0.5178617169999598,2,4,3,8,True,False,False,True,False,True,False,True,True,False,False,False
+.25 contrast,grayscale,tesseract,0.580236356000114,0,4,2,8,False,False,False,False,False,False,False,False,False,True,True,False
+.25 contrast,grayscale,tesseract,0.7192683779999243,4,4,6,8,True,True,True,True,False,True,True,True,True,True,False,True
+.25 contrast,grayscale,tesseract,0.5451228629999605,0,4,2,8,False,False,False,False,False,False,True,False,True,False,False,False
+.25 contrast,grayscale,tesseract,0.4714673859998584,4,4,6,8,True,True,True,True,False,True,True,True,True,True,False,True
+.25 contrast,grayscale,tesseract,0.43581662299993695,1,4,2,8,True,False,False,False,False,False,False,False,True,True,False,False
+.25 contrast,grayscale,tesseract,0.5283448360000875,0,4,2,8,False,False,False,False,False,False,True,False,True,False,False,False
+.25 contrast,grayscale,tesseract,0.6351095849995545,2,4,5,8,False,True,False,True,False,True,True,True,True,False,False,True
+.25 contrast,grayscale,tesseract,0.6907118729996,2,4,8,8,False,True,False,True,True,True,True,True,True,True,True,True
+.25 contrast,grayscale,tesseract,0.45162428399999044,0,4,1,8,False,False,False,False,False,False,True,False,False,False,False,False
+.25 contrast,grayscale,tesseract,0.6454811499997959,2,4,4,8,False,True,False,True,False,True,False,True,False,True,False,True
+.25 contrast,grayscale,tesseract,0.5609623020000072,2,4,5,8,False,True,False,True,False,True,True,True,False,False,True,True
+.25 contrast,grayscale,tesseract,0.43509544600010486,0,4,2,8,False,False,False,False,False,False,True,True,False,False,False,False
+.25 contrast,grayscale,tesseract,0.5334491560001879,4,4,6,8,True,True,True,True,False,True,True,True,True,True,False,True
+.25 contrast,grayscale,easyocr,2.310973911000019,2,4,6,8,True,False,False,True,True,True,True,True,True,True,False,False
+.25 contrast,grayscale,easyocr,2.2707230929995603,2,4,4,8,False,True,False,True,True,True,False,True,False,False,False,True
+.25 contrast,grayscale,easyocr,2.1964946140001302,4,4,8,8,True,True,True,True,True,True,True,True,True,True,True,True
+.25 contrast,grayscale,easyocr,2.4066016619999573,4,4,6,8,True,True,True,True,False,True,True,True,True,True,False,True
+.25 contrast,grayscale,easyocr,2.3752059749999717,1,4,5,8,False,False,False,True,False,True,True,True,True,True,False,False
+.25 contrast,grayscale,easyocr,2.383879898000032,4,4,6,8,True,True,True,True,False,True,True,True,True,True,False,True
+.25 contrast,grayscale,easyocr,2.4110245279998708,1,4,2,8,False,False,False,True,False,True,False,True,False,False,False,False
+.25 contrast,grayscale,easyocr,2.728004908999992,2,4,7,8,False,True,False,True,True,True,True,True,True,True,False,True
+.25 contrast,grayscale,easyocr,2.5363788610002302,2,4,5,8,False,True,False,True,True,True,True,True,False,False,False,True
+.25 contrast,grayscale,easyocr,2.332666917000097,2,4,1,8,False,True,False,True,False,True,False,False,False,False,False,False
+.25 contrast,grayscale,easyocr,2.45350351199977,3,4,6,8,True,True,False,True,True,True,True,True,True,False,False,True
+.25 contrast,grayscale,easyocr,2.22825444099999,2,4,4,8,True,False,False,True,False,True,False,True,True,True,False,False
+.25 contrast,grayscale,easyocr,2.345408158000282,4,4,5,8,True,True,True,True,False,True,False,True,True,True,False,True
+.25 contrast,grayscale,easyocr,2.8222609189997456,3,4,5,8,True,True,False,True,True,True,False,True,True,False,False,True
+.25 contrast,grayscale,easyocr,2.332310733000213,4,4,7,8,True,True,True,True,False,True,True,True,True,True,True,True
+.25 contrast,grayscale,easyocr,2.4396276299999045,1,4,3,8,False,False,False,True,False,True,True,True,False,False,False,False
+.25 contrast,grayscale,easyocr,2.4717890079996323,1,4,3,8,False,False,False,True,False,True,True,True,False,False,False,False
+.25 contrast,grayscale,easyocr,2.32280165200018,2,4,5,8,False,True,False,True,True,True,True,True,False,False,False,True
+.25 contrast,grayscale,easyocr,2.4201045159998102,2,4,4,8,False,True,False,True,True,True,False,True,False,True,False,False
+.25 contrast,grayscale,easyocr,2.419615322000027,2,4,5,8,False,True,False,True,False,True,True,True,True,False,False,True
+.50 contrast,none,tesseract,0.6341342699997767,4,4,6,8,True,True,True,True,False,True,True,True,True,True,False,True
+.50 contrast,none,tesseract,0.4603155289996721,3,4,6,8,True,True,False,True,True,True,True,True,True,False,False,True
+.50 contrast,none,tesseract,0.5251283799998419,4,4,7,8,True,True,True,True,False,True,True,True,True,True,True,True
+.50 contrast,none,tesseract,0.6011971190000622,1,4,2,8,False,True,False,False,False,False,False,True,False,False,False,True
+.50 contrast,none,tesseract,0.558421601000191,0,4,4,8,False,False,False,False,False,False,True,True,True,True,False,False
+.50 contrast,none,tesseract,0.5597541560000536,2,4,6,8,False,True,False,True,False,True,True,True,True,True,False,True
+.50 contrast,none,tesseract,0.5106685499999912,2,4,4,8,True,False,False,True,False,True,False,True,True,True,False,False
+.50 contrast,none,tesseract,0.5809798069999488,1,4,3,8,False,False,False,True,False,True,True,False,True,False,False,False
+.50 contrast,none,tesseract,0.652008718000161,4,4,7,8,True,True,True,True,False,True,True,True,True,True,True,True
+.50 contrast,none,tesseract,0.5327562900001794,1,4,2,8,True,False,False,False,False,False,False,False,True,True,False,False
+.50 contrast,none,tesseract,0.56682213699969,4,4,5,8,True,True,True,True,False,True,False,True,True,True,False,True
+.50 contrast,none,tesseract,0.45997207399977924,2,4,3,8,True,False,False,True,False,True,False,True,True,False,False,False
+.50 contrast,none,tesseract,0.5559285999997883,1,4,3,8,False,False,False,True,False,True,True,False,True,False,False,False
+.50 contrast,none,tesseract,0.7185694069999045,4,4,6,8,True,True,True,True,False,True,True,True,True,True,False,True
+.50 contrast,none,tesseract,0.6891933219999373,4,4,6,8,True,True,True,True,False,True,True,True,True,True,False,True
+.50 contrast,none,tesseract,0.47307872200008205,0,4,1,8,False,False,False,False,False,False,True,False,False,False,False,False
+.50 contrast,none,tesseract,0.6242480809996778,0,4,2,8,False,False,False,False,False,False,False,True,False,True,False,False
+.50 contrast,none,tesseract,0.5748831280002378,4,4,7,8,True,True,True,True,False,True,True,True,True,True,True,True
+.50 contrast,none,tesseract,0.482291289999921,0,4,3,8,False,False,False,False,False,False,True,True,True,False,False,False
+.50 contrast,none,tesseract,0.47424606499998845,2,4,4,8,False,True,False,True,False,True,True,False,False,False,True,True
+.50 contrast,none,easyocr,2.341569273999994,2,4,4,8,True,False,False,True,False,True,False,True,True,True,False,False
+.50 contrast,none,easyocr,2.252902499999891,4,4,7,8,True,True,True,True,True,True,True,True,True,True,False,True
+.50 contrast,none,easyocr,2.2080030070001158,4,4,5,8,True,True,True,True,False,True,False,True,True,True,False,True
+.50 contrast,none,easyocr,2.395282735999899,1,4,2,8,False,True,False,False,False,False,False,False,False,True,False,True
+.50 contrast,none,easyocr,2.5594242789998134,1,4,5,8,False,False,False,True,False,True,True,True,True,True,False,False
+.50 contrast,none,easyocr,2.281171795999853,3,4,3,8,True,True,False,True,False,True,False,False,True,True,False,False
+.50 contrast,none,easyocr,2.180289152000114,1,4,4,8,False,False,False,True,True,True,True,True,False,False,False,False
+.50 contrast,none,easyocr,2.447710604999884,1,4,3,8,False,False,False,True,False,True,False,False,True,True,False,False
+.50 contrast,none,easyocr,2.471767366000222,4,4,6,8,True,True,True,True,True,True,False,True,True,True,False,True
+.50 contrast,none,easyocr,2.38885411199999,0,4,0,8,False,False,False,False,False,False,False,False,False,False,False,False
+.50 contrast,none,easyocr,2.4447335899999416,4,4,5,8,True,True,True,True,False,True,False,True,True,True,False,True
+.50 contrast,none,easyocr,2.274755680999988,2,4,3,8,True,False,False,True,False,True,False,True,True,False,False,False
+.50 contrast,none,easyocr,2.510041545999684,4,4,5,8,True,True,True,True,False,True,True,True,True,True,False,False
+.50 contrast,none,easyocr,2.4841046699998515,1,4,3,8,False,False,False,True,True,True,False,False,True,False,False,False
+.50 contrast,none,easyocr,2.316163874999802,2,4,7,8,False,True,False,True,True,True,True,True,True,True,False,True
+.50 contrast,none,easyocr,2.4252171160001126,1,4,2,8,False,False,False,True,False,True,False,False,False,True,False,False
+.50 contrast,none,easyocr,2.446210390000033,1,4,3,8,False,False,False,True,False,True,False,True,False,True,False,False
+.50 contrast,none,easyocr,2.2597330889998375,4,4,6,8,True,True,True,True,True,True,False,True,True,True,False,True
+.50 contrast,none,easyocr,2.492292902999907,2,4,4,8,True,False,False,True,False,True,False,True,True,True,False,False
+.50 contrast,none,easyocr,2.376997472000312,2,4,4,8,False,True,False,True,False,True,True,True,False,False,False,True
+.50 contrast,blue,tesseract,0.5225415380000413,0,4,1,8,False,False,False,False,False,False,False,False,False,True,False,False
+.50 contrast,blue,tesseract,0.6955150520002462,3,4,4,8,True,True,False,True,False,True,True,False,True,False,False,True
+.50 contrast,blue,tesseract,0.3553025000001071,0,4,0,8,False,False,False,False,False,False,False,False,False,False,False,False
+.50 contrast,blue,tesseract,0.6001270670003578,2,4,6,8,False,True,False,True,False,True,True,True,True,True,False,True
+.50 contrast,blue,tesseract,0.45126178099963,0,4,4,8,False,False,False,False,False,False,True,True,True,True,False,False
+.50 contrast,blue,tesseract,0.4835788200002753,1,4,3,8,False,True,False,False,False,False,True,True,False,False,False,True
+.50 contrast,blue,tesseract,0.4692233999999189,2,4,4,8,True,False,False,True,False,True,False,True,True,True,False,False
+.50 contrast,blue,tesseract,0.627266089999921,0,4,1,8,False,False,False,False,False,False,True,False,False,False,False,False
+.50 contrast,blue,tesseract,0.5340630290002082,4,4,7,8,True,True,True,True,False,True,True,True,True,True,True,True
+.50 contrast,blue,tesseract,0.3749879340002735,0,4,0,8,False,False,False,False,False,False,False,False,False,False,False,False
+.50 contrast,blue,tesseract,0.4818046770001274,4,4,6,8,True,True,True,True,False,True,True,True,True,True,False,True
+.50 contrast,blue,tesseract,0.589605913000014,0,4,0,8,False,False,False,False,False,False,False,False,False,False,False,False
+.50 contrast,blue,tesseract,0.5061240760001056,1,4,3,8,False,False,False,True,False,True,True,False,True,False,False,False
+.50 contrast,blue,tesseract,0.6111475950001477,4,4,6,8,True,True,True,True,False,True,True,True,True,True,False,True
+.50 contrast,blue,tesseract,0.779341248000037,4,4,7,8,True,True,True,True,True,True,True,True,True,True,False,True
+.50 contrast,blue,tesseract,0.45091525199995885,0,4,1,8,False,False,False,False,False,False,True,False,False,False,False,False
+.50 contrast,blue,tesseract,0.5685348850001901,1,4,2,8,True,False,False,False,False,False,False,True,False,True,False,False
+.50 contrast,blue,tesseract,0.5738698510003815,0,4,2,8,False,False,False,False,False,False,False,True,True,False,False,False
+.50 contrast,blue,tesseract,0.4041929869999876,0,4,2,8,False,False,False,False,False,False,True,True,False,False,False,False
+.50 contrast,blue,tesseract,0.48242992699988463,2,4,4,8,False,True,False,True,False,True,True,False,False,False,True,True
+.50 contrast,blue,easyocr,2.3353900090000934,0,4,3,8,False,False,False,False,True,False,False,True,False,True,False,False
+.50 contrast,blue,easyocr,2.187626833000195,4,4,7,8,True,True,True,True,True,True,True,True,True,True,False,True
+.50 contrast,blue,easyocr,2.231464332000087,4,4,5,8,True,True,True,True,False,True,False,True,True,True,False,True
+.50 contrast,blue,easyocr,2.315071142999841,1,4,2,8,False,True,False,False,True,False,False,False,False,False,False,True
+.50 contrast,blue,easyocr,2.2208152069997595,1,4,5,8,False,False,False,True,False,True,False,True,True,True,True,False
+.50 contrast,blue,easyocr,2.1866919270000835,0,4,1,8,False,False,False,False,False,False,False,False,True,False,False,False
+.50 contrast,blue,easyocr,2.188427907000005,1,4,4,8,False,False,False,True,True,True,True,True,False,False,False,False
+.50 contrast,blue,easyocr,2.370086707000155,1,4,2,8,False,False,False,True,False,True,False,False,True,False,False,False
+.50 contrast,blue,easyocr,2.195248805999654,2,4,6,8,False,True,False,True,True,True,True,True,False,True,False,True
+.50 contrast,blue,easyocr,2.2894621899999947,0,4,0,8,False,False,False,False,False,False,False,False,False,False,False,False
+.50 contrast,blue,easyocr,2.196434552000028,2,4,3,8,False,True,False,True,False,True,False,True,False,False,False,True
+.50 contrast,blue,easyocr,2.2869159239999135,2,4,3,8,True,False,False,True,False,True,False,True,True,False,False,False
+.50 contrast,blue,easyocr,2.2577637360000153,2,4,5,8,False,True,False,True,False,True,False,True,True,True,False,True
+.50 contrast,blue,easyocr,2.450148833000185,1,4,3,8,False,False,False,True,True,True,True,False,False,False,False,False
+.50 contrast,blue,easyocr,2.239312062999943,1,4,3,8,False,False,False,True,False,True,False,True,False,True,False,False
+.50 contrast,blue,easyocr,2.3370467949998783,0,4,2,8,False,False,False,False,False,False,True,False,False,True,False,False
+.50 contrast,blue,easyocr,2.3134510979998595,1,4,4,8,False,False,False,True,False,True,True,True,True,False,False,False
+.50 contrast,blue,easyocr,2.1768250439999974,2,4,7,8,False,True,False,True,True,True,True,True,False,True,True,True
+.50 contrast,blue,easyocr,2.209279807999792,1,4,3,8,False,False,False,True,True,True,False,True,False,False,False,False
+.50 contrast,blue,easyocr,2.1328424389998872,3,4,5,8,True,True,False,True,False,True,True,True,False,True,False,True
+.50 contrast,green,tesseract,0.3545001580000644,0,4,0,8,False,False,False,False,False,False,False,False,False,False,False,False
+.50 contrast,green,tesseract,0.47911920600017766,3,4,6,8,True,True,False,True,True,True,True,True,True,False,False,True
+.50 contrast,green,tesseract,0.4977092270000867,4,4,7,8,True,True,True,True,False,True,True,True,True,True,True,True
+.50 contrast,green,tesseract,0.6201980739997452,2,4,6,8,False,True,False,True,False,True,True,True,True,True,False,True
+.50 contrast,green,tesseract,0.4558817690003707,1,4,6,8,False,True,False,False,False,False,True,True,True,True,True,True
+.50 contrast,green,tesseract,0.4564834260004318,2,4,5,8,False,True,False,True,False,True,True,True,True,False,False,True
+.50 contrast,green,tesseract,0.5756185369996274,2,4,3,8,True,False,False,True,False,True,False,True,True,False,False,False
+.50 contrast,green,tesseract,0.3808779940000022,0,4,0,8,False,False,False,False,False,False,False,False,False,False,False,False
+.50 contrast,green,tesseract,0.72825758900035,2,4,4,8,False,True,False,True,False,True,True,True,False,False,False,True
+.50 contrast,green,tesseract,0.48726518600005875,1,4,2,8,True,False,False,False,False,False,False,False,True,True,False,False
+.50 contrast,green,tesseract,0.48718014999985826,4,4,6,8,True,True,True,True,False,True,False,True,True,True,True,True
+.50 contrast,green,tesseract,0.4608756859997811,2,4,3,8,True,False,False,True,False,True,False,True,True,False,False,False
+.50 contrast,green,tesseract,0.5206785569998829,1,4,3,8,False,False,False,True,False,True,True,False,True,False,False,False
+.50 contrast,green,tesseract,0.693077694999829,3,4,4,8,True,True,True,False,False,False,False,True,True,True,False,True
+.50 contrast,green,tesseract,0.6773965119996319,4,4,6,8,True,True,True,True,False,True,True,True,True,True,False,True
+.50 contrast,green,tesseract,0.4428777970001647,0,4,1,8,False,False,False,False,False,False,True,False,False,False,False,False
+.50 contrast,green,tesseract,0.5718009900001562,2,4,3,8,False,True,False,True,False,True,False,False,False,True,False,True
+.50 contrast,green,tesseract,0.46907283600012306,4,4,7,8,True,True,True,True,False,True,True,True,True,True,True,True
+.50 contrast,green,tesseract,0.43580220200010444,0,4,2,8,False,False,False,False,False,False,True,False,True,False,False,False
+.50 contrast,green,tesseract,0.6602317120000407,4,4,6,8,True,True,True,True,False,True,True,True,True,True,False,True
+.50 contrast,green,easyocr,2.252947904999928,0,4,3,8,False,False,False,False,False,False,True,True,False,True,False,False
+.50 contrast,green,easyocr,2.2238274619999174,4,4,7,8,True,True,True,True,True,True,True,True,True,True,False,True
+.50 contrast,green,easyocr,2.210294437000357,4,4,5,8,True,True,True,True,False,True,False,True,True,True,False,True
+.50 contrast,green,easyocr,2.360838273000354,1,4,4,8,False,True,False,False,False,False,True,False,True,True,False,True
+.50 contrast,green,easyocr,2.2561201809999147,1,4,7,8,False,False,False,True,True,True,True,True,True,True,True,False
+.50 contrast,green,easyocr,2.1748977449997255,1,4,2,8,True,False,False,False,False,False,False,False,True,True,False,False
+.50 contrast,green,easyocr,2.1837484569996377,1,4,4,8,False,False,False,True,True,True,True,True,False,False,False,False
+.50 contrast,green,easyocr,2.388079650999771,1,4,3,8,False,False,False,True,False,True,False,False,True,True,False,False
+.50 contrast,green,easyocr,2.451800008000191,2,4,5,8,False,True,False,True,True,True,True,True,False,False,False,True
+.50 contrast,green,easyocr,2.3274047979998613,0,4,0,8,False,False,False,False,False,False,False,False,False,False,False,False
+.50 contrast,green,easyocr,2.205510446000062,2,4,4,8,False,True,False,True,False,True,False,True,False,True,False,True
+.50 contrast,green,easyocr,2.3128951730000153,2,4,3,8,True,False,False,True,False,True,False,True,True,False,False,False
+.50 contrast,green,easyocr,2.2423390709996056,2,4,4,8,False,True,False,True,False,True,False,True,True,True,False,False
+.50 contrast,green,easyocr,2.5009597910002412,2,4,4,8,True,False,False,True,True,True,True,False,True,False,False,False
+.50 contrast,green,easyocr,2.2836836500000572,1,4,3,8,False,False,False,True,False,True,False,True,False,True,False,False
+.50 contrast,green,easyocr,2.3476902299998983,1,4,3,8,False,False,False,True,False,True,True,False,False,True,False,False
+.50 contrast,green,easyocr,2.4584387680001782,1,4,3,8,False,False,False,True,False,True,True,False,False,True,False,False
+.50 contrast,green,easyocr,2.206708634000279,4,4,7,8,True,True,True,True,True,True,True,True,True,True,False,True
+.50 contrast,green,easyocr,2.4551505630001884,1,4,3,8,False,False,False,True,False,True,False,True,False,True,False,False
+.50 contrast,green,easyocr,2.3650244030000067,2,4,5,8,False,True,False,True,False,True,True,True,True,False,False,True
+.50 contrast,red,tesseract,0.5508109510001304,2,4,4,8,False,True,False,True,False,True,True,True,False,False,False,True
+.50 contrast,red,tesseract,0.7549370179999642,2,4,5,8,False,True,False,True,True,True,True,True,False,False,False,True
+.50 contrast,red,tesseract,0.4597838019999472,4,4,7,8,True,True,True,True,False,True,True,True,True,True,True,True
+.50 contrast,red,tesseract,0.5355735109997113,1,4,2,8,False,True,False,False,False,False,False,True,False,False,False,True
+.50 contrast,red,tesseract,0.6820785570002954,1,4,5,8,True,False,False,False,False,False,True,True,True,True,True,False
+.50 contrast,red,tesseract,0.5027524840002116,4,4,6,8,True,True,True,True,False,True,True,True,True,True,False,True
+.50 contrast,red,tesseract,0.5625873349999893,2,4,2,8,True,False,False,True,False,True,False,True,False,False,False,False
+.50 contrast,red,tesseract,0.6014510770000925,1,4,3,8,False,False,False,True,False,True,True,False,True,False,False,False
+.50 contrast,red,tesseract,0.4926413749999483,4,4,7,8,True,True,True,True,False,True,True,True,True,True,True,True
+.50 contrast,red,tesseract,0.4683429219999198,1,4,2,8,True,False,False,False,False,False,False,False,True,True,False,False
+.50 contrast,red,tesseract,0.4962278379998679,4,4,5,8,True,True,True,True,False,True,False,True,True,True,False,True
+.50 contrast,red,tesseract,0.7187798749996546,2,4,2,8,True,False,False,True,False,True,False,True,False,False,False,False
+.50 contrast,red,tesseract,0.5238966950000759,1,4,3,8,False,False,False,True,False,True,True,False,True,False,False,False
+.50 contrast,red,tesseract,0.654482637000001,4,4,6,8,True,True,True,True,False,True,True,True,True,True,False,True
+.50 contrast,red,tesseract,0.5191829639998105,4,4,7,8,True,True,True,True,True,True,True,True,True,True,False,True
+.50 contrast,red,tesseract,0.42375140900003316,0,4,1,8,False,False,False,False,False,False,True,False,False,False,False,False
+.50 contrast,red,tesseract,0.5994820350001646,0,4,2,8,False,False,False,False,False,False,False,True,False,True,False,False
+.50 contrast,red,tesseract,0.5938759419996131,2,4,5,8,False,True,False,True,False,True,True,True,False,False,True,True
+.50 contrast,red,tesseract,0.39881966800021473,0,4,0,8,False,False,False,False,False,False,False,False,False,False,False,False
+.50 contrast,red,tesseract,0.5055986910001593,4,4,7,8,True,True,True,True,False,True,True,True,True,True,True,True
+.50 contrast,red,easyocr,2.325223799000014,1,4,4,8,False,False,False,True,True,True,True,True,False,False,False,False
+.50 contrast,red,easyocr,2.301983844999995,2,4,5,8,False,True,False,True,True,True,True,True,False,False,False,True
+.50 contrast,red,easyocr,2.20752432900008,4,4,6,8,True,True,True,True,False,True,False,True,True,True,True,True
+.50 contrast,red,easyocr,2.418627443999867,1,4,4,8,False,True,False,False,True,False,True,False,False,True,False,True
+.50 contrast,red,easyocr,2.5964128749997144,1,4,3,8,False,False,False,True,False,True,True,True,False,False,False,False
+.50 contrast,red,easyocr,2.220048126000165,3,4,3,8,True,True,False,True,False,True,False,False,True,False,False,True
+.50 contrast,red,easyocr,2.199371530999997,1,4,6,8,False,False,False,True,True,True,True,True,True,True,False,False
+.50 contrast,red,easyocr,2.422876605000056,1,4,3,8,False,False,False,True,False,True,False,False,True,True,False,False
+.50 contrast,red,easyocr,2.177317463000236,2,4,5,8,False,True,False,True,True,True,False,True,False,True,False,True
+.50 contrast,red,easyocr,2.3965577799999664,1,4,2,8,False,False,False,True,False,True,False,False,False,True,False,False
+.50 contrast,red,easyocr,2.3796231030000854,2,4,4,8,False,True,False,True,False,True,True,True,False,False,False,True
+.50 contrast,red,easyocr,2.2839423449995593,2,4,3,8,True,False,False,True,False,True,False,True,True,False,False,False
+.50 contrast,red,easyocr,2.518575202000193,2,4,2,8,False,True,False,True,False,True,False,True,False,False,False,False
+.50 contrast,red,easyocr,2.509569083000315,2,4,2,8,True,False,False,True,False,True,False,False,True,False,False,False
+.50 contrast,red,easyocr,2.2720846480001455,4,4,7,8,True,True,True,True,True,True,False,True,True,True,True,True
+.50 contrast,red,easyocr,2.3503075709995755,1,4,2,8,False,False,False,True,False,True,False,False,False,True,False,False
+.50 contrast,red,easyocr,2.4280012399999578,1,4,3,8,False,False,False,True,False,True,True,True,False,False,False,False
+.50 contrast,red,easyocr,2.2867084360000263,2,4,5,8,False,True,False,True,True,True,True,True,False,False,False,True
+.50 contrast,red,easyocr,2.1494284739997056,0,4,2,8,False,False,False,False,True,False,False,True,False,False,False,False
+.50 contrast,red,easyocr,2.3779430569998112,2,4,4,8,False,True,False,True,False,True,True,True,False,False,False,True
+.50 contrast,red-green,tesseract,0.684840955999789,3,4,4,8,True,True,True,False,False,False,False,True,True,True,False,True
+.50 contrast,red-green,tesseract,0.7216959049997058,3,4,6,8,True,True,False,True,True,True,True,True,True,False,False,True
+.50 contrast,red-green,tesseract,0.4050274440000976,4,4,7,8,True,True,True,True,False,True,True,True,True,True,True,True
+.50 contrast,red-green,tesseract,0.5894741799997973,4,4,6,8,True,True,True,True,False,True,True,True,True,True,False,True
+.50 contrast,red-green,tesseract,0.5842247679997854,1,4,6,8,True,False,False,False,False,False,True,True,True,True,True,True
+.50 contrast,red-green,tesseract,0.45541849399978673,2,4,5,8,False,True,False,True,False,True,True,True,True,False,False,True
+.50 contrast,red-green,tesseract,0.5424625450000349,2,4,4,8,True,False,False,True,False,True,False,True,True,True,False,False
+.50 contrast,red-green,tesseract,0.515917934999834,1,4,2,8,False,False,False,True,False,True,False,True,False,False,False,False
+.50 contrast,red-green,tesseract,0.5282698790001632,4,4,7,8,True,True,True,True,False,True,True,True,True,True,True,True
+.50 contrast,red-green,tesseract,0.4430100500003391,1,4,2,8,True,False,False,False,False,False,False,False,True,True,False,False
+.50 contrast,red-green,tesseract,0.5037476779998542,4,4,5,8,True,True,True,True,False,True,False,True,True,True,False,True
+.50 contrast,red-green,tesseract,0.5071248159997594,2,4,3,8,True,False,False,True,False,True,False,True,True,False,False,False
+.50 contrast,red-green,tesseract,0.4605796749997353,1,4,3,8,False,False,False,True,False,True,True,False,True,False,False,False
+.50 contrast,red-green,tesseract,0.6314545140003247,4,4,6,8,True,True,True,True,False,True,True,True,True,True,False,True
+.50 contrast,red-green,tesseract,0.6743675879997681,4,4,6,8,True,True,True,True,False,True,True,True,True,True,False,True
+.50 contrast,red-green,tesseract,0.4315367350000088,0,4,1,8,False,False,False,False,False,False,True,False,False,False,False,False
+.50 contrast,red-green,tesseract,0.533464245000232,1,4,2,8,False,True,False,False,False,False,False,True,False,False,False,True
+.50 contrast,red-green,tesseract,0.4935815490002824,4,4,7,8,True,True,True,True,False,True,True,True,True,True,True,True
+.50 contrast,red-green,tesseract,0.4018579920002594,0,4,3,8,False,False,False,False,False,False,True,True,True,False,False,False
+.50 contrast,red-green,tesseract,0.46859574300015083,2,4,5,8,False,True,False,True,False,True,True,False,True,True,False,True
+.50 contrast,red-green,easyocr,2.36653037699989,2,4,6,8,True,False,False,True,True,True,True,True,True,True,False,False
+.50 contrast,red-green,easyocr,2.2984313280003335,2,4,4,8,False,True,False,True,True,True,False,True,False,False,False,True
+.50 contrast,red-green,easyocr,2.1781354569998257,4,4,6,8,True,True,True,True,False,True,False,True,True,True,True,True
+.50 contrast,red-green,easyocr,2.3852214280000226,1,4,3,8,False,True,False,False,False,False,True,False,False,True,False,True
+.50 contrast,red-green,easyocr,2.464048219000233,1,4,4,8,False,False,False,True,True,True,True,True,False,False,False,False
+.50 contrast,red-green,easyocr,2.205603430999872,3,4,4,8,True,True,False,True,False,True,False,False,True,True,False,True
+.50 contrast,red-green,easyocr,2.191761305,1,4,6,8,False,False,False,True,True,True,True,True,True,True,False,False
+.50 contrast,red-green,easyocr,2.4048471329997483,1,4,3,8,False,False,False,True,False,True,False,False,True,True,False,False
+.50 contrast,red-green,easyocr,2.3312600819999716,4,4,7,8,True,True,True,True,True,True,True,True,True,True,False,True
+.50 contrast,red-green,easyocr,2.387122270999953,0,4,0,8,False,False,False,False,False,False,False,False,False,False,False,False
+.50 contrast,red-green,easyocr,2.369812384999932,4,4,5,8,True,True,True,True,False,True,False,True,True,True,False,True
+.50 contrast,red-green,easyocr,2.3268318449995604,2,4,3,8,True,False,False,True,False,True,False,True,True,False,False,False
+.50 contrast,red-green,easyocr,2.424463662999642,2,4,3,8,False,True,False,True,False,True,True,True,False,False,False,False
+.50 contrast,red-green,easyocr,2.5158919000000424,2,4,4,8,True,False,False,True,True,True,True,False,True,False,False,False
+.50 contrast,red-green,easyocr,2.323488110999733,4,4,7,8,True,True,True,True,True,True,True,True,True,True,False,True
+.50 contrast,red-green,easyocr,2.368319797999902,1,4,1,8,False,False,False,True,False,True,False,False,False,False,False,False
+.50 contrast,red-green,easyocr,2.4232200480000756,1,4,3,8,False,False,False,True,False,True,True,True,False,False,False,False
+.50 contrast,red-green,easyocr,2.2770577040000717,4,4,7,8,True,True,True,True,True,True,True,True,True,True,False,True
+.50 contrast,red-green,easyocr,2.38074373299969,1,4,2,8,False,False,False,True,False,True,False,True,False,False,False,False
+.50 contrast,red-green,easyocr,2.370990659999734,2,4,5,8,False,True,False,True,False,True,True,True,True,False,False,True
+.50 contrast,green-blue,tesseract,0.39693336000027557,0,4,0,8,False,False,False,False,False,False,False,False,False,False,False,False
+.50 contrast,green-blue,tesseract,0.4102804429999196,3,4,5,8,True,True,False,True,False,True,True,True,True,False,False,True
+.50 contrast,green-blue,tesseract,0.7359053939999285,4,4,7,8,True,True,True,True,False,True,True,True,True,True,True,True
+.50 contrast,green-blue,tesseract,0.5207558050001353,2,4,6,8,False,True,False,True,False,True,True,True,True,True,False,True
+.50 contrast,green-blue,tesseract,0.45109439999987444,0,4,4,8,False,False,False,False,False,False,True,True,True,True,False,False
+.50 contrast,green-blue,tesseract,0.47331877199985684,2,4,3,8,False,True,False,True,False,True,False,True,False,False,False,True
+.50 contrast,green-blue,tesseract,0.43814222399987557,2,4,4,8,True,False,False,True,False,True,False,True,True,True,False,False
+.50 contrast,green-blue,tesseract,0.49070717699987654,0,4,1,8,False,False,False,False,False,False,False,True,False,False,False,False
+.50 contrast,green-blue,tesseract,0.5107220879999659,4,4,7,8,True,True,True,True,False,True,True,True,True,True,True,True
+.50 contrast,green-blue,tesseract,0.4156186440000056,1,4,1,8,False,False,False,True,False,True,False,False,False,False,False,False
+.50 contrast,green-blue,tesseract,0.44651611200015395,4,4,6,8,True,True,True,True,False,True,True,True,True,True,False,True
+.50 contrast,green-blue,tesseract,0.4893350760003159,2,4,3,8,True,False,False,True,False,True,False,True,True,False,False,False
+.50 contrast,green-blue,tesseract,0.5173015360001045,2,4,3,8,False,True,False,True,False,True,True,False,True,False,False,False
+.50 contrast,green-blue,tesseract,0.6295929640000395,4,4,6,8,True,True,True,True,False,True,True,True,True,True,False,True
+.50 contrast,green-blue,tesseract,0.6751542039996821,4,4,6,8,True,True,True,True,False,True,True,True,True,True,False,True
+.50 contrast,green-blue,tesseract,0.42959555499965063,0,4,1,8,False,False,False,False,False,False,True,False,False,False,False,False
+.50 contrast,green-blue,tesseract,0.5281258749996596,1,4,4,8,False,True,False,False,False,False,True,True,False,True,False,True
+.50 contrast,green-blue,tesseract,0.4151915579996057,4,4,7,8,True,True,True,True,False,True,True,True,True,True,True,True
+.50 contrast,green-blue,tesseract,0.4064457869999387,0,4,2,8,False,False,False,False,False,False,True,True,False,False,False,False
+.50 contrast,green-blue,tesseract,0.4484476990000985,2,4,3,8,False,True,False,True,False,True,True,False,False,False,False,True
+.50 contrast,green-blue,easyocr,2.3084344320000127,0,4,2,8,False,False,False,False,False,False,False,True,False,True,False,False
+.50 contrast,green-blue,easyocr,2.2145222720000675,4,4,7,8,True,True,True,True,True,True,True,True,True,True,False,True
+.50 contrast,green-blue,easyocr,2.2091070440001204,4,4,5,8,True,True,True,True,False,True,False,True,True,True,False,True
+.50 contrast,green-blue,easyocr,2.3083584480000354,1,4,2,8,False,True,False,False,True,False,False,False,False,True,False,False
+.50 contrast,green-blue,easyocr,2.253823984999599,1,4,5,8,False,False,False,True,False,True,True,True,True,True,False,False
+.50 contrast,green-blue,easyocr,2.2094004069999755,1,4,1,8,True,False,False,False,False,False,False,False,True,False,False,False
+.50 contrast,green-blue,easyocr,2.2348892559998603,1,4,3,8,False,False,False,True,True,True,False,True,False,False,False,False
+.50 contrast,green-blue,easyocr,2.3383007010002075,1,4,2,8,False,False,False,True,False,True,False,False,True,False,False,False
+.50 contrast,green-blue,easyocr,2.356699793000189,4,4,7,8,True,True,True,True,True,True,True,True,True,True,False,True
+.50 contrast,green-blue,easyocr,2.2800736800004415,0,4,0,8,False,False,False,False,False,False,False,False,False,False,False,False
+.50 contrast,green-blue,easyocr,2.2034664519997023,2,4,4,8,False,True,False,True,False,True,False,True,False,True,False,True
+.50 contrast,green-blue,easyocr,2.3222444750003888,2,4,3,8,True,False,False,True,False,True,False,True,True,False,False,False
+.50 contrast,green-blue,easyocr,2.2712512180000886,2,4,5,8,False,True,False,True,False,True,False,True,True,True,False,True
+.50 contrast,green-blue,easyocr,2.5942812630000844,1,4,4,8,False,False,False,True,True,True,True,False,True,False,False,False
+.50 contrast,green-blue,easyocr,2.260020872000041,1,4,3,8,False,False,False,True,False,True,False,True,False,True,False,False
+.50 contrast,green-blue,easyocr,2.36281008800006,1,4,3,8,False,False,False,True,False,True,True,False,False,True,False,False
+.50 contrast,green-blue,easyocr,2.45017513699986,1,4,5,8,False,False,False,True,False,True,True,True,True,True,False,False
+.50 contrast,green-blue,easyocr,2.1885875459997806,2,4,7,8,False,True,False,True,True,True,True,True,False,True,True,True
+.50 contrast,green-blue,easyocr,2.414298083999711,1,4,2,8,False,False,False,True,False,True,False,True,False,False,False,False
+.50 contrast,green-blue,easyocr,2.3290815650002514,2,4,4,8,False,True,False,True,False,True,True,True,False,False,False,True
+.50 contrast,red-blue,tesseract,0.5108214750002844,2,4,3,8,False,True,False,True,False,True,True,True,False,False,False,False
+.50 contrast,red-blue,tesseract,0.7104111850003392,3,4,6,8,True,True,False,True,True,True,True,True,True,False,False,True
+.50 contrast,red-blue,tesseract,0.7851037969999197,4,4,7,8,True,True,True,True,False,True,True,True,True,True,True,True
+.50 contrast,red-blue,tesseract,0.5753397529997528,4,4,6,8,True,True,True,True,False,True,True,True,True,True,False,True
+.50 contrast,red-blue,tesseract,0.6133517029998075,1,4,6,8,True,False,False,False,False,False,True,True,True,True,True,True
+.50 contrast,red-blue,tesseract,0.4870171150000715,2,4,5,8,False,True,False,True,False,True,True,True,True,False,False,True
+.50 contrast,red-blue,tesseract,0.5488297339998098,2,4,4,8,True,False,False,True,False,True,False,True,True,True,False,False
+.50 contrast,red-blue,tesseract,0.5931576789998871,1,4,2,8,False,False,False,True,False,True,True,False,False,False,False,False
+.50 contrast,red-blue,tesseract,0.4977404020000904,4,4,7,8,True,True,True,True,False,True,True,True,True,True,True,True
+.50 contrast,red-blue,tesseract,0.5112334600003123,2,4,2,8,True,False,False,True,False,True,False,False,True,False,False,False
+.50 contrast,red-blue,tesseract,0.4849552130003758,4,4,6,8,True,True,True,True,False,True,True,True,True,True,False,True
+.50 contrast,red-blue,tesseract,0.6171094070000436,0,4,0,8,False,False,False,False,False,False,False,False,False,False,False,False
+.50 contrast,red-blue,tesseract,0.46399570100038545,1,4,3,8,False,False,False,True,False,True,True,False,True,False,False,False
+.50 contrast,red-blue,tesseract,0.5990682910000942,4,4,5,8,True,True,True,True,False,True,False,True,True,True,False,True
+.50 contrast,red-blue,tesseract,0.6084085909997157,4,4,7,8,True,True,True,True,True,True,True,True,True,True,False,True
+.50 contrast,red-blue,tesseract,0.423427458000333,0,4,1,8,False,False,False,False,False,False,True,False,False,False,False,False
+.50 contrast,red-blue,tesseract,0.48825730299995485,0,4,1,8,False,False,False,False,False,False,False,False,False,True,False,False
+.50 contrast,red-blue,tesseract,0.4017600699999093,4,4,7,8,True,True,True,True,False,True,True,True,True,True,True,True
+.50 contrast,red-blue,tesseract,0.3651608039999701,0,4,3,8,False,False,False,False,False,False,True,True,True,False,False,False
+.50 contrast,red-blue,tesseract,0.49417957500008924,2,4,5,8,False,True,False,True,False,True,True,False,True,False,True,True
+.50 contrast,red-blue,easyocr,2.344688068999858,2,4,6,8,True,False,False,True,True,True,True,True,True,True,False,False
+.50 contrast,red-blue,easyocr,2.238575650999792,2,4,4,8,False,True,False,True,True,True,False,True,False,False,False,True
+.50 contrast,red-blue,easyocr,2.2033849839999675,4,4,6,8,True,True,True,True,False,True,False,True,True,True,True,True
+.50 contrast,red-blue,easyocr,2.4250195959998564,1,4,3,8,False,True,False,False,True,False,False,False,False,True,False,True
+.50 contrast,red-blue,easyocr,2.5024420619997727,1,4,4,8,False,False,False,True,False,True,True,True,True,False,False,False
+.50 contrast,red-blue,easyocr,2.187327242000265,2,4,2,8,True,False,False,True,False,True,False,False,True,False,False,False
+.50 contrast,red-blue,easyocr,2.2411490370000138,1,4,6,8,False,False,False,True,True,True,True,True,True,True,False,False
+.50 contrast,red-blue,easyocr,2.3857426210001904,1,4,3,8,False,False,False,True,False,True,False,True,True,False,False,False
+.50 contrast,red-blue,easyocr,2.159872094000093,2,4,6,8,False,True,False,True,True,True,True,True,False,True,False,True
+.50 contrast,red-blue,easyocr,2.407029219999913,0,4,1,8,False,False,False,False,False,False,False,False,True,False,False,False
+.50 contrast,red-blue,easyocr,2.3554290279998895,4,4,5,8,True,True,True,True,False,True,False,True,True,True,False,True
+.50 contrast,red-blue,easyocr,2.3070176239998545,2,4,3,8,True,False,False,True,False,True,False,True,True,False,False,False
+.50 contrast,red-blue,easyocr,2.3981005390000973,2,4,3,8,False,True,False,True,False,True,True,True,False,False,False,False
+.50 contrast,red-blue,easyocr,2.5028240400001778,1,4,3,8,False,False,False,True,False,True,True,False,True,False,False,False
+.50 contrast,red-blue,easyocr,2.2613397690001875,4,4,6,8,True,True,True,True,False,True,True,True,True,True,False,True
+.50 contrast,red-blue,easyocr,2.310255641999902,1,4,3,8,False,False,False,True,False,True,True,False,False,True,False,False
+.50 contrast,red-blue,easyocr,2.4633859099999427,2,4,5,8,True,False,False,True,False,True,True,True,True,True,False,False
+.50 contrast,red-blue,easyocr,2.265595507999933,4,4,6,8,True,True,True,True,True,True,False,True,True,True,False,True
+.50 contrast,red-blue,easyocr,2.1839323419999346,0,4,2,8,False,False,False,False,True,False,False,True,False,False,False,False
+.50 contrast,red-blue,easyocr,2.338578571999733,2,4,3,8,False,True,False,True,False,True,False,True,False,False,False,True
+.50 contrast,grayscale,tesseract,0.6029749849999462,0,4,2,8,False,False,False,False,False,False,False,True,False,True,False,False
+.50 contrast,grayscale,tesseract,0.6859309030000986,3,4,6,8,True,True,False,True,True,True,True,True,True,False,False,True
+.50 contrast,grayscale,tesseract,0.4697624629998245,4,4,7,8,True,True,True,True,False,True,True,True,True,True,True,True
+.50 contrast,grayscale,tesseract,0.6188312680001218,4,4,6,8,True,True,True,True,False,True,True,True,True,True,False,True
+.50 contrast,grayscale,tesseract,0.6112525280000227,1,4,6,8,True,False,False,False,False,False,True,True,True,True,True,True
+.50 contrast,grayscale,tesseract,0.5246843009999793,2,4,5,8,False,True,False,True,False,True,True,True,True,False,False,True
+.50 contrast,grayscale,tesseract,0.5396326349996343,2,4,3,8,True,False,False,True,False,True,False,True,True,False,False,False
+.50 contrast,grayscale,tesseract,0.44460505300003206,1,4,1,8,False,False,False,True,False,True,False,False,False,False,False,False
+.50 contrast,grayscale,tesseract,0.5260308729998542,4,4,7,8,True,True,True,True,False,True,True,True,True,True,True,True
+.50 contrast,grayscale,tesseract,0.5128261029999521,0,4,1,8,False,False,False,False,False,False,False,False,False,True,False,False
+.50 contrast,grayscale,tesseract,0.48022020799999154,4,4,5,8,True,True,True,True,False,True,False,True,True,True,False,True
+.50 contrast,grayscale,tesseract,0.47971052200000486,2,4,3,8,True,False,False,True,False,True,False,True,True,False,False,False
+.50 contrast,grayscale,tesseract,0.5107129150001128,2,4,3,8,False,True,False,True,False,True,True,False,True,False,False,False
+.50 contrast,grayscale,tesseract,0.6541310630000226,4,4,6,8,True,True,True,True,False,True,True,True,True,True,False,True
+.50 contrast,grayscale,tesseract,0.6764275479999924,4,4,6,8,True,True,True,True,False,True,True,True,True,True,False,True
+.50 contrast,grayscale,tesseract,0.4257499469999857,0,4,1,8,False,False,False,False,False,False,True,False,False,False,False,False
+.50 contrast,grayscale,tesseract,0.503296011999737,1,4,2,8,False,True,False,False,False,False,False,True,False,False,False,True
+.50 contrast,grayscale,tesseract,0.4280599099997744,4,4,7,8,True,True,True,True,False,True,True,True,True,True,True,True
+.50 contrast,grayscale,tesseract,0.391812612999729,0,4,2,8,False,False,False,False,False,False,True,True,False,False,False,False
+.50 contrast,grayscale,tesseract,0.4662221359999421,2,4,5,8,False,True,False,True,False,True,True,True,True,False,False,True
+.50 contrast,grayscale,easyocr,2.32939227199995,2,4,5,8,True,False,False,True,False,True,True,True,True,True,False,False
+.50 contrast,grayscale,easyocr,2.2559416860003694,4,4,6,8,True,True,True,True,True,True,False,True,True,True,False,True
+.50 contrast,grayscale,easyocr,2.2359238999997615,4,4,6,8,True,True,True,True,False,True,False,True,True,True,True,True
+.50 contrast,grayscale,easyocr,2.4027555829998164,1,4,2,8,False,True,False,False,False,False,False,False,False,True,False,True
+.50 contrast,grayscale,easyocr,2.4522189879999132,1,4,5,8,False,False,False,True,False,True,True,True,True,True,False,False
+.50 contrast,grayscale,easyocr,2.1737822249997407,1,4,2,8,True,False,False,False,False,False,False,False,True,True,False,False
+.50 contrast,grayscale,easyocr,2.17935111099996,1,4,4,8,False,False,False,True,True,True,True,True,False,False,False,False
+.50 contrast,grayscale,easyocr,2.411059138999917,1,4,3,8,False,False,False,True,False,True,False,False,True,True,False,False
+.50 contrast,grayscale,easyocr,2.3720810390000224,4,4,7,8,True,True,True,True,True,True,True,True,True,True,False,True
+.50 contrast,grayscale,easyocr,2.3230512959999032,0,4,0,8,False,False,False,False,False,False,False,False,False,False,False,False
+.50 contrast,grayscale,easyocr,2.3434887980001804,4,4,5,8,True,True,True,True,False,True,False,True,True,True,False,True
+.50 contrast,grayscale,easyocr,2.302434066999922,2,4,3,8,True,False,False,True,False,True,False,True,True,False,False,False
+.50 contrast,grayscale,easyocr,2.3348730289999367,2,4,2,8,False,True,False,True,False,True,False,True,False,False,False,False
+.50 contrast,grayscale,easyocr,2.4997981240003355,2,4,2,8,True,False,False,True,True,True,False,False,False,False,False,False
+.50 contrast,grayscale,easyocr,2.2419477830003416,4,4,6,8,True,True,True,True,True,True,False,True,True,True,False,True
+.50 contrast,grayscale,easyocr,2.33505418499999,1,4,3,8,False,False,False,True,False,True,True,False,False,True,False,False
+.50 contrast,grayscale,easyocr,2.4495265820000895,1,4,3,8,False,False,False,True,False,True,True,True,False,False,False,False
+.50 contrast,grayscale,easyocr,2.185242589000154,4,4,6,8,True,True,True,True,True,True,False,True,True,True,False,True
+.50 contrast,grayscale,easyocr,2.4101813679999395,1,4,3,8,False,False,False,True,False,True,False,True,True,False,False,False
+.50 contrast,grayscale,easyocr,2.367228565000005,2,4,4,8,False,True,False,True,False,True,True,True,False,False,False,True
+.75 contrast,none,tesseract,0.6154115089998413,0,4,1,8,False,False,False,False,False,False,False,True,False,False,False,False
+.75 contrast,none,tesseract,0.48403328899985354,3,4,4,8,True,True,False,True,False,True,True,False,True,False,False,True
+.75 contrast,none,tesseract,0.5659613759999047,4,4,5,8,True,True,True,True,False,True,False,True,True,True,False,True
+.75 contrast,none,tesseract,0.6453803700001117,3,4,5,8,True,True,True,False,False,False,True,True,True,True,False,True
+.75 contrast,none,tesseract,0.7281230670000696,0,4,0,8,False,False,False,False,False,False,False,False,False,False,False,False
+.75 contrast,none,tesseract,0.6205136730000049,1,4,1,8,False,False,False,True,False,True,False,False,False,False,False,False
+.75 contrast,none,tesseract,0.5334916730002988,3,4,3,8,True,True,False,True,False,True,False,True,False,False,False,True
+.75 contrast,none,tesseract,0.5974930869997479,1,4,3,8,False,False,False,True,False,True,False,False,True,True,False,False
+.75 contrast,none,tesseract,0.5372442850002699,3,4,6,8,True,True,False,True,False,True,True,True,True,False,True,True
+.75 contrast,none,tesseract,0.5794929449998563,0,4,2,8,False,False,False,False,False,False,False,False,True,True,False,False
+.75 contrast,none,tesseract,0.5183315029998994,4,4,6,8,True,True,True,True,False,True,True,True,True,True,False,True
+.75 contrast,none,tesseract,0.6561922379996759,0,4,0,8,False,False,False,False,False,False,False,False,False,False,False,False
+.75 contrast,none,tesseract,0.5355306100000234,1,4,3,8,False,False,False,True,False,True,True,False,True,False,False,False
+.75 contrast,none,tesseract,0.8140105840002434,2,4,3,8,True,False,False,True,False,True,False,True,True,False,False,False
+.75 contrast,none,tesseract,0.6519148460001816,4,4,6,8,True,True,True,True,False,True,True,True,True,True,False,True
+.75 contrast,none,tesseract,0.5042144779999944,1,4,0,8,True,False,False,False,False,False,False,False,False,False,False,False
+.75 contrast,none,tesseract,0.6758147030000146,0,4,2,8,False,False,False,False,False,False,False,True,False,True,False,False
+.75 contrast,none,tesseract,0.571460659999957,4,4,6,8,True,True,True,True,False,True,True,True,True,True,False,True
+.75 contrast,none,tesseract,1.0337116369996693,0,4,1,8,False,False,False,False,False,False,False,False,False,True,False,False
+.75 contrast,none,tesseract,0.39552008400005434,2,4,4,8,False,True,False,True,False,True,False,True,False,True,False,True
+.75 contrast,none,easyocr,2.261899073999757,0,4,2,8,False,False,False,False,False,False,False,False,True,True,False,False
+.75 contrast,none,easyocr,2.2419061239997973,3,4,5,8,True,True,False,True,True,True,False,True,False,True,False,True
+.75 contrast,none,easyocr,2.2463619569998627,0,4,1,8,False,False,False,False,False,False,False,False,True,False,False,False
+.75 contrast,none,easyocr,2.4480224690000796,1,4,1,8,False,True,False,False,False,False,False,False,False,True,False,False
+.75 contrast,none,easyocr,2.5427005960000315,1,4,6,8,False,False,False,True,False,True,True,True,True,True,True,False
+.75 contrast,none,easyocr,2.248390049000136,0,4,1,8,False,False,False,False,False,False,False,False,True,False,False,False
+.75 contrast,none,easyocr,2.2461098609996952,2,4,5,8,True,False,False,True,False,True,True,True,True,True,False,False
+.75 contrast,none,easyocr,2.3726048240000637,1,4,1,8,False,False,False,True,False,True,False,False,False,False,False,False
+.75 contrast,none,easyocr,2.27493361300003,2,4,6,8,False,True,False,True,True,True,True,True,False,True,False,True
+.75 contrast,none,easyocr,2.382273742000052,1,4,1,8,True,False,False,False,False,False,False,False,True,False,False,False
+.75 contrast,none,easyocr,2.2211423869998725,1,4,2,8,False,True,False,False,False,False,False,True,False,False,False,True
+.75 contrast,none,easyocr,2.3779695739999624,0,4,0,8,False,False,False,False,False,False,False,False,False,False,False,False
+.75 contrast,none,easyocr,2.3257468769998013,2,4,5,8,False,True,False,True,False,True,False,True,True,True,False,True
+.75 contrast,none,easyocr,2.5712043749999793,0,4,1,8,False,False,False,False,False,False,False,False,True,False,False,False
+.75 contrast,none,easyocr,2.290137378000054,2,4,4,8,False,True,False,True,False,True,False,True,False,True,False,True
+.75 contrast,none,easyocr,2.3873445220001486,0,4,1,8,False,False,False,False,False,False,False,False,False,True,False,False
+.75 contrast,none,easyocr,2.514834942000107,1,4,3,8,False,False,False,True,False,True,False,True,True,False,False,False
+.75 contrast,none,easyocr,2.2252281519999997,4,4,7,8,True,True,True,True,True,True,False,True,True,True,True,True
+.75 contrast,none,easyocr,2.149436177000098,0,4,0,8,False,False,False,False,False,False,False,False,False,False,False,False
+.75 contrast,none,easyocr,2.347771938999813,1,4,3,8,False,False,False,True,False,True,False,True,False,False,False,True
+.75 contrast,blue,tesseract,0.5283826059999228,0,4,0,8,False,False,False,False,False,False,False,False,False,False,False,False
+.75 contrast,blue,tesseract,0.7191133749997789,3,4,5,8,True,True,False,True,False,True,True,True,True,False,False,True
+.75 contrast,blue,tesseract,0.3498014269998748,0,4,0,8,False,False,False,False,False,False,False,False,False,False,False,False
+.75 contrast,blue,tesseract,0.592036275999817,1,4,3,8,False,True,False,False,False,False,True,True,False,False,False,True
+.75 contrast,blue,tesseract,0.6094412880001983,0,4,0,8,False,False,False,False,False,False,False,False,False,False,False,False
+.75 contrast,blue,tesseract,0.4673835369999324,0,4,0,8,False,False,False,False,False,False,False,False,False,False,False,False
+.75 contrast,blue,tesseract,0.43680186099982166,3,4,3,8,True,True,False,True,False,True,False,True,False,False,False,True
+.75 contrast,blue,tesseract,0.641395963999912,1,4,2,8,False,False,False,True,False,True,False,False,False,True,False,False
+.75 contrast,blue,tesseract,0.5537540999998782,3,4,6,8,True,True,False,True,False,True,True,True,True,False,True,True
+.75 contrast,blue,tesseract,0.2369395769997027,0,4,0,8,False,False,False,False,False,False,False,False,False,False,False,False
+.75 contrast,blue,tesseract,0.5042003019998447,4,4,6,8,True,True,True,True,False,True,True,True,True,True,False,True
+.75 contrast,blue,tesseract,0.6935449050001807,1,4,0,8,False,False,False,True,False,False,False,False,False,False,False,False
+.75 contrast,blue,tesseract,0.5516834840000229,1,4,4,8,False,False,False,True,False,True,True,True,True,False,False,False
+.75 contrast,blue,tesseract,0.6786351319997266,2,4,2,8,False,True,False,True,False,True,False,False,True,False,False,False
+.75 contrast,blue,tesseract,0.6147776590000831,4,4,6,8,True,True,True,True,False,True,True,True,True,True,False,True
+.75 contrast,blue,tesseract,0.4707113079998635,1,4,0,8,True,False,False,False,False,False,False,False,False,False,False,False
+.75 contrast,blue,tesseract,0.5391718159999073,0,4,2,8,False,False,False,False,False,False,False,True,False,True,False,False
+.75 contrast,blue,tesseract,0.4056103289999555,0,4,1,8,False,False,False,False,False,False,False,True,False,False,False,False
+.75 contrast,blue,tesseract,0.9408099270003731,0,4,1,8,False,False,False,False,False,False,False,False,False,True,False,False
+.75 contrast,blue,tesseract,0.4084151709998878,2,4,3,8,False,True,False,True,False,True,False,True,False,False,False,True
+.75 contrast,blue,easyocr,2.2917881949997536,0,4,0,8,False,False,False,False,False,False,False,False,False,False,False,False
+.75 contrast,blue,easyocr,2.2723125410002467,3,4,5,8,True,True,False,True,True,True,False,True,False,True,False,True
+.75 contrast,blue,easyocr,2.2246497680002904,0,4,1,8,False,False,False,False,False,False,False,False,True,False,False,False
+.75 contrast,blue,easyocr,2.4453878519998398,1,4,0,8,False,True,False,False,False,False,False,False,False,False,False,False
+.75 contrast,blue,easyocr,2.303986193000128,1,4,6,8,False,False,False,True,False,True,True,True,True,True,True,False
+.75 contrast,blue,easyocr,2.20909123499996,0,4,0,8,False,False,False,False,False,False,False,False,False,False,False,False
+.75 contrast,blue,easyocr,2.257787795999775,1,4,3,8,False,False,False,True,False,True,False,False,True,True,False,False
+.75 contrast,blue,easyocr,2.3928441289999682,0,4,2,8,False,False,False,False,False,False,False,False,True,True,False,False
+.75 contrast,blue,easyocr,2.202069352000308,2,4,5,8,False,True,False,True,True,True,False,True,False,True,False,True
+.75 contrast,blue,easyocr,2.2917148449996603,0,4,0,8,False,False,False,False,False,False,False,False,False,False,False,False
+.75 contrast,blue,easyocr,2.2427007280002726,1,4,2,8,False,True,False,False,False,False,False,True,False,False,False,True
+.75 contrast,blue,easyocr,2.3339041459998953,0,4,0,8,False,False,False,False,False,False,False,False,False,False,False,False
+.75 contrast,blue,easyocr,2.3112889109997923,2,4,3,8,False,True,False,True,False,True,False,True,False,True,False,False
+.75 contrast,blue,easyocr,2.4530497099999593,0,4,0,8,False,False,False,False,False,False,False,False,False,False,False,False
+.75 contrast,blue,easyocr,2.2542075340002157,2,4,2,8,False,True,False,True,False,True,False,False,False,False,False,True
+.75 contrast,blue,easyocr,2.357648403999974,0,4,1,8,False,False,False,False,False,False,False,False,False,True,False,False
+.75 contrast,blue,easyocr,2.3937832430001436,1,4,3,8,False,False,False,True,False,True,False,True,False,True,False,False
+.75 contrast,blue,easyocr,2.2900270439999986,2,4,5,8,False,True,False,True,False,True,True,True,False,True,False,True
+.75 contrast,blue,easyocr,2.1414578359999723,0,4,0,8,False,False,False,False,False,False,False,False,False,False,False,False
+.75 contrast,blue,easyocr,2.1615350649999527,2,4,4,8,False,True,False,True,False,True,True,True,False,False,False,True
+.75 contrast,green,tesseract,0.2686112620003769,0,4,0,8,False,False,False,False,False,False,False,False,False,False,False,False
+.75 contrast,green,tesseract,0.48588921400005347,3,4,4,8,True,True,False,True,False,True,True,False,True,False,False,True
+.75 contrast,green,tesseract,0.5858365929998399,3,4,4,8,True,True,False,True,False,True,False,True,True,False,False,True
+.75 contrast,green,tesseract,0.6085563139999977,3,4,5,8,True,True,True,False,False,False,True,True,True,True,False,True
+.75 contrast,green,tesseract,0.6548422490000121,0,4,1,8,False,False,False,False,False,False,False,True,False,False,False,False
+.75 contrast,green,tesseract,0.5086377040001935,0,4,0,8,False,False,False,False,False,False,False,False,False,False,False,False
+.75 contrast,green,tesseract,0.5394312710000122,2,4,2,8,True,False,False,True,False,True,False,True,False,False,False,False
+.75 contrast,green,tesseract,0.28318934199978685,0,4,0,8,False,False,False,False,False,False,False,False,False,False,False,False
+.75 contrast,green,tesseract,0.5300310389998231,3,4,5,8,True,True,False,True,False,True,True,True,True,False,False,True
+.75 contrast,green,tesseract,0.5207433259997742,0,4,2,8,False,False,False,False,False,False,False,False,True,True,False,False
+.75 contrast,green,tesseract,0.5522562619999007,2,4,6,8,True,False,False,True,False,True,False,True,True,True,True,True
+.75 contrast,green,tesseract,0.6470066210004006,0,4,0,8,False,False,False,False,False,False,False,False,False,False,False,False
+.75 contrast,green,tesseract,0.48645768700043845,1,4,4,8,False,False,False,True,False,True,True,False,True,True,False,False
+.75 contrast,green,tesseract,0.9526083480000125,2,4,2,8,True,False,False,True,False,True,False,False,True,False,False,False
+.75 contrast,green,tesseract,0.7771879259998968,2,4,5,8,True,False,False,True,False,True,True,True,True,True,False,False
+.75 contrast,green,tesseract,0.43440686700023434,0,4,0,8,False,False,False,False,False,False,False,False,False,False,False,False
+.75 contrast,green,tesseract,0.5818094969999947,1,4,4,8,True,False,False,False,False,False,True,True,True,True,False,False
+.75 contrast,green,tesseract,0.44294203599974935,3,4,6,8,True,True,False,True,False,True,True,False,True,True,True,True
+.75 contrast,green,tesseract,0.3797041499997249,0,4,0,8,False,False,False,False,False,False,False,False,False,False,False,False
+.75 contrast,green,tesseract,0.465604742999858,4,4,6,8,True,True,True,True,False,True,True,True,True,True,False,True
+.75 contrast,green,easyocr,2.27451740000015,0,4,2,8,False,False,False,False,False,False,False,False,True,True,False,False
+.75 contrast,green,easyocr,2.1501958680000826,3,4,5,8,True,True,False,True,True,True,False,True,False,True,False,True
+.75 contrast,green,easyocr,2.170793524000146,1,4,1,8,False,True,False,False,False,False,False,False,True,False,False,False
+.75 contrast,green,easyocr,2.4102085130002706,1,4,0,8,False,True,False,False,False,False,False,False,False,False,False,False
+.75 contrast,green,easyocr,2.2719698799996877,1,4,7,8,False,False,False,True,True,True,True,True,True,True,True,False
+.75 contrast,green,easyocr,2.183805379000205,0,4,1,8,False,False,False,False,False,False,False,False,True,False,False,False
+.75 contrast,green,easyocr,2.280748456999845,2,4,4,8,True,False,False,True,False,True,False,True,True,True,False,False
+.75 contrast,green,easyocr,2.4824340889999803,1,4,2,8,False,False,False,True,False,True,False,False,False,True,False,False
+.75 contrast,green,easyocr,2.2050529260000076,2,4,5,8,False,True,False,True,True,True,False,True,False,True,False,True
+.75 contrast,green,easyocr,2.4310024920000615,0,4,0,8,False,False,False,False,False,False,False,False,False,False,False,False
+.75 contrast,green,easyocr,2.2295813150003596,1,4,2,8,False,True,False,False,False,False,False,True,False,False,False,True
+.75 contrast,green,easyocr,2.346125192999807,0,4,0,8,False,False,False,False,False,False,False,False,False,False,False,False
+.75 contrast,green,easyocr,2.31336083899987,2,4,3,8,False,True,False,True,False,True,False,True,False,True,False,False
+.75 contrast,green,easyocr,2.4950162880004427,0,4,0,8,False,False,False,False,False,False,False,False,False,False,False,False
+.75 contrast,green,easyocr,2.2658999719997155,2,4,4,8,False,True,False,True,False,True,False,True,False,True,False,True
+.75 contrast,green,easyocr,2.3560726750001777,0,4,1,8,False,False,False,False,False,False,False,False,False,True,False,False
+.75 contrast,green,easyocr,2.4001309129998845,1,4,2,8,False,False,False,True,False,True,False,True,False,False,False,False
+.75 contrast,green,easyocr,2.2598788919999606,2,4,7,8,False,True,False,True,True,True,True,True,False,True,True,True
+.75 contrast,green,easyocr,2.154440331999922,0,4,0,8,False,False,False,False,False,False,False,False,False,False,False,False
+.75 contrast,green,easyocr,2.386781877999965,2,4,3,8,False,True,False,True,False,True,False,True,False,True,False,False
+.75 contrast,red,tesseract,0.4279669880002075,1,4,3,8,False,False,False,True,False,True,False,True,False,True,False,False
+.75 contrast,red,tesseract,0.6994054329998107,4,4,6,8,True,True,True,True,False,True,True,True,True,True,False,True
+.75 contrast,red,tesseract,0.5443411760002164,4,4,5,8,True,True,True,True,False,True,False,True,True,True,False,True
+.75 contrast,red,tesseract,0.5402551629999834,0,4,0,8,False,False,False,False,False,False,False,False,False,False,False,False
+.75 contrast,red,tesseract,0.6767169909999211,1,4,5,8,True,False,False,False,False,False,True,True,True,True,True,False
+.75 contrast,red,tesseract,0.5291789770003561,1,4,1,8,False,False,False,True,False,True,False,False,False,False,False,False
+.75 contrast,red,tesseract,0.6036725850003677,1,4,2,8,False,False,False,True,False,True,False,True,False,False,False,False
+.75 contrast,red,tesseract,0.573446691999834,1,4,3,8,False,False,False,True,False,True,False,False,True,True,False,False
+.75 contrast,red,tesseract,0.5958753909999359,1,4,2,8,False,False,False,True,False,True,False,True,False,False,False,False
+.75 contrast,red,tesseract,0.5040495789999113,0,4,0,8,False,False,False,False,False,False,False,False,False,False,False,False
+.75 contrast,red,tesseract,0.4085842939998656,0,4,1,8,False,False,False,False,False,False,False,False,False,True,False,False
+.75 contrast,red,tesseract,0.616059094999855,0,4,0,8,False,False,False,False,False,False,False,False,False,False,False,False
+.75 contrast,red,tesseract,0.5028188179999233,1,4,3,8,False,False,False,True,False,True,True,False,True,False,False,False
+.75 contrast,red,tesseract,0.7215799479999987,2,4,3,8,True,False,False,True,False,True,False,True,True,False,False,False
+.75 contrast,red,tesseract,0.5938569020004252,2,4,6,8,False,True,False,True,False,True,True,True,True,True,False,True
+.75 contrast,red,tesseract,0.4571889070002726,1,4,0,8,True,False,False,False,False,False,False,False,False,False,False,False
+.75 contrast,red,tesseract,0.520697181000287,0,4,1,8,False,False,False,False,False,False,False,False,False,True,False,False
+.75 contrast,red,tesseract,0.5141447400001198,4,4,6,8,True,True,True,True,False,True,True,True,True,True,False,True
+.75 contrast,red,tesseract,0.3693821029996798,0,4,0,8,False,False,False,False,False,False,False,False,False,False,False,False
+.75 contrast,red,tesseract,0.422158927000055,2,4,4,8,False,True,False,True,False,True,False,True,False,True,False,True
+.75 contrast,red,easyocr,2.3075119240002095,0,4,1,8,False,False,False,False,False,False,False,True,False,False,False,False
+.75 contrast,red,easyocr,2.159520344000157,2,4,4,8,False,True,False,True,True,True,False,True,False,False,False,True
+.75 contrast,red,easyocr,2.2172604540000975,2,4,2,8,True,True,False,False,False,False,False,False,True,False,False,True
+.75 contrast,red,easyocr,2.4477660520001336,1,4,0,8,False,True,False,False,False,False,False,False,False,False,False,False
+.75 contrast,red,easyocr,2.5557829340000353,1,4,5,8,False,False,False,True,False,True,True,True,True,False,True,False
+.75 contrast,red,easyocr,2.227564258000257,0,4,1,8,False,False,False,False,False,False,False,False,True,False,False,False
+.75 contrast,red,easyocr,2.267246670000077,2,4,4,8,True,False,False,True,False,True,False,True,True,True,False,False
+.75 contrast,red,easyocr,2.4470454390002487,1,4,1,8,False,False,False,True,False,True,False,False,False,False,False,False
+.75 contrast,red,easyocr,2.189545545999863,2,4,5,8,False,True,False,True,True,True,False,True,False,True,False,True
+.75 contrast,red,easyocr,2.376942986999893,0,4,0,8,False,False,False,False,False,False,False,False,False,False,False,False
+.75 contrast,red,easyocr,2.240062423999916,2,4,3,8,False,True,False,True,False,True,False,True,False,False,False,True
+.75 contrast,red,easyocr,2.3382598719999805,0,4,0,8,False,False,False,False,False,False,False,False,False,False,False,False
+.75 contrast,red,easyocr,2.265617560999999,2,4,5,8,False,True,False,True,False,True,False,True,True,True,False,True
+.75 contrast,red,easyocr,2.5810842159999083,0,4,1,8,False,False,False,False,False,False,False,False,True,False,False,False
+.75 contrast,red,easyocr,2.2537676920001104,2,4,5,8,False,True,False,True,True,True,False,True,False,True,False,True
+.75 contrast,red,easyocr,2.335210492999977,1,4,1,8,True,False,False,False,False,False,False,False,False,True,False,False
+.75 contrast,red,easyocr,2.4430943729998944,1,4,5,8,False,False,False,True,False,True,True,True,True,True,False,False
+.75 contrast,red,easyocr,2.1726197689999935,4,4,6,8,True,True,True,True,True,True,False,True,True,True,False,True
+.75 contrast,red,easyocr,2.120270421999976,0,4,0,8,False,False,False,False,False,False,False,False,False,False,False,False
+.75 contrast,red,easyocr,2.350107217999721,2,4,5,8,False,True,False,True,False,True,True,True,False,True,False,True
+.75 contrast,red-green,tesseract,0.6793982039998809,0,4,0,8,False,False,False,False,False,False,False,False,False,False,False,False
+.75 contrast,red-green,tesseract,0.7068216100001337,3,4,4,8,True,True,False,True,False,True,True,False,True,False,False,True
+.75 contrast,red-green,tesseract,0.5490070440000636,2,4,4,8,True,False,False,True,False,True,False,True,True,False,False,True
+.75 contrast,red-green,tesseract,0.6614444080000794,1,4,2,8,False,True,False,False,False,False,False,False,False,True,False,True
+.75 contrast,red-green,tesseract,0.46784325399994486,1,4,6,8,False,True,False,False,False,False,True,True,True,True,True,True
+.75 contrast,red-green,tesseract,0.5040738389998296,0,4,1,8,False,False,False,False,False,False,False,False,True,False,False,False
+.75 contrast,red-green,tesseract,0.48356090000015683,2,4,2,8,True,False,False,True,False,True,False,True,False,False,False,False
+.75 contrast,red-green,tesseract,0.5957735449997017,0,4,0,8,False,False,False,False,False,False,False,False,False,False,False,False
+.75 contrast,red-green,tesseract,0.4900694759999169,4,4,7,8,True,True,True,True,False,True,True,True,True,True,True,True
+.75 contrast,red-green,tesseract,0.47718751299998985,0,4,1,8,False,False,False,False,False,False,False,False,True,False,False,False
+.75 contrast,red-green,tesseract,0.5169210540002496,0,4,2,8,False,False,False,False,False,False,False,True,False,True,False,False
+.75 contrast,red-green,tesseract,0.633697471999767,0,4,0,8,False,False,False,False,False,False,False,False,False,False,False,False
+.75 contrast,red-green,tesseract,0.493286781000279,2,4,3,8,False,True,False,True,False,True,True,False,True,False,False,False
+.75 contrast,red-green,tesseract,0.7422624200003156,2,4,3,8,False,True,False,True,False,True,False,True,True,False,False,False
+.75 contrast,red-green,tesseract,0.6620712270000695,2,4,5,8,True,False,False,True,False,True,True,True,True,True,False,False
+.75 contrast,red-green,tesseract,0.39518409300035273,0,4,0,8,False,False,False,False,False,False,False,False,False,False,False,False
+.75 contrast,red-green,tesseract,0.6501759409998158,0,4,2,8,False,False,False,False,False,False,False,True,False,True,False,False
+.75 contrast,red-green,tesseract,0.4469907510001576,4,4,7,8,True,True,True,True,False,True,True,True,True,True,True,True
+.75 contrast,red-green,tesseract,0.4417336559999967,1,4,3,8,False,False,False,True,False,True,True,True,False,False,False,False
+.75 contrast,red-green,tesseract,0.44933092900009797,1,4,6,8,False,False,False,True,False,True,True,True,True,True,True,False
+.75 contrast,red-green,easyocr,2.211183352000262,0,4,1,8,False,False,False,False,False,False,False,True,False,False,False,False
+.75 contrast,red-green,easyocr,2.1717656949999764,3,4,5,8,True,True,False,True,True,True,False,True,False,True,False,True
+.75 contrast,red-green,easyocr,2.1697815500001525,1,4,0,8,False,True,False,False,False,False,False,False,False,False,False,False
+.75 contrast,red-green,easyocr,2.4320736370000304,1,4,1,8,False,True,False,False,False,False,False,False,False,True,False,False
+.75 contrast,red-green,easyocr,2.5296457719996397,1,4,5,8,False,False,False,True,False,True,False,True,True,True,True,False
+.75 contrast,red-green,easyocr,2.2102824409998902,0,4,1,8,False,False,False,False,False,False,False,False,True,False,False,False
+.75 contrast,red-green,easyocr,2.2553859419999753,2,4,4,8,True,False,False,True,False,True,False,True,True,True,False,False
+.75 contrast,red-green,easyocr,2.4636126769996736,1,4,1,8,False,False,False,True,False,True,False,False,False,False,False,False
+.75 contrast,red-green,easyocr,2.2221676760000264,2,4,5,8,False,True,False,True,True,True,False,True,False,True,False,True
+.75 contrast,red-green,easyocr,2.4231939490000514,0,4,1,8,False,False,False,False,False,False,False,False,False,True,False,False
+.75 contrast,red-green,easyocr,2.235789193999608,1,4,2,8,False,True,False,False,False,False,False,True,False,False,False,True
+.75 contrast,red-green,easyocr,2.352578060000269,0,4,0,8,False,False,False,False,False,False,False,False,False,False,False,False
+.75 contrast,red-green,easyocr,2.2887260259999493,2,4,5,8,False,True,False,True,False,True,False,True,True,True,False,True
+.75 contrast,red-green,easyocr,2.5330939210002725,1,4,1,8,True,False,False,False,False,False,False,False,True,False,False,False
+.75 contrast,red-green,easyocr,2.259157632000097,2,4,4,8,False,True,False,True,False,True,False,True,False,True,False,True
+.75 contrast,red-green,easyocr,2.3562652410000737,1,4,1,8,True,False,False,False,False,False,False,False,False,True,False,False
+.75 contrast,red-green,easyocr,2.4388225289999355,1,4,4,8,False,False,False,True,False,True,True,True,True,False,False,False
+.75 contrast,red-green,easyocr,2.1813420050002605,3,4,6,8,True,True,False,True,True,True,False,True,True,False,True,True
+.75 contrast,red-green,easyocr,2.108790396999666,0,4,0,8,False,False,False,False,False,False,False,False,False,False,False,False
+.75 contrast,red-green,easyocr,2.387164118000328,2,4,3,8,False,True,False,True,False,True,False,True,False,True,False,False
+.75 contrast,green-blue,tesseract,0.38025659999993877,0,4,0,8,False,False,False,False,False,False,False,False,False,False,False,False
+.75 contrast,green-blue,tesseract,0.4563137310001366,3,4,5,8,True,True,False,True,False,True,True,True,True,False,False,True
+.75 contrast,green-blue,tesseract,0.8111876620000658,0,4,0,8,False,False,False,False,False,False,False,False,False,False,False,False
+.75 contrast,green-blue,tesseract,1.0051596449998215,3,4,5,8,True,True,True,False,False,False,True,True,True,True,False,True
+.75 contrast,green-blue,tesseract,0.6479247360002773,0,4,0,8,False,False,False,False,False,False,False,False,False,False,False,False
+.75 contrast,green-blue,tesseract,0.5369248920001155,0,4,0,8,False,False,False,False,False,False,False,False,False,False,False,False
+.75 contrast,green-blue,tesseract,0.44873115900009,2,4,2,8,True,False,False,True,False,True,False,True,False,False,False,False
+.75 contrast,green-blue,tesseract,0.5768842160000531,0,4,1,8,False,False,False,False,False,False,False,False,True,False,False,False
+.75 contrast,green-blue,tesseract,0.48632452899983036,4,4,7,8,True,True,True,True,False,True,True,True,True,True,True,True
+.75 contrast,green-blue,tesseract,0.4712613700003203,1,4,1,8,True,False,False,False,False,False,False,True,False,False,False,False
+.75 contrast,green-blue,tesseract,0.4918984300002194,4,4,6,8,True,True,True,True,False,True,True,True,True,True,False,True
+.75 contrast,green-blue,tesseract,0.7218600659998629,0,4,0,8,False,False,False,False,False,False,False,False,False,False,False,False
+.75 contrast,green-blue,tesseract,0.5166530110000167,1,4,3,8,False,False,False,True,False,True,True,False,True,False,False,False
+.75 contrast,green-blue,tesseract,0.6944476789999499,2,4,3,8,True,False,False,True,False,True,False,True,True,False,False,False
+.75 contrast,green-blue,tesseract,0.7501635389999137,4,4,6,8,True,True,True,True,False,True,True,True,True,True,False,True
+.75 contrast,green-blue,tesseract,0.39340564499980246,0,4,1,8,False,False,False,False,False,False,False,True,False,False,False,False
+.75 contrast,green-blue,tesseract,0.5421333769995726,0,4,1,8,False,False,False,False,False,False,False,True,False,False,False,False
+.75 contrast,green-blue,tesseract,0.4955875880000349,4,4,6,8,True,True,True,True,False,True,True,True,True,True,False,True
+.75 contrast,green-blue,tesseract,0.41613210700006675,0,4,2,8,False,False,False,False,False,False,False,True,True,False,False,False
+.75 contrast,green-blue,tesseract,0.496698741000273,2,4,5,8,False,True,False,True,False,True,True,True,False,False,True,True
+.75 contrast,green-blue,easyocr,2.255436185000235,1,4,2,8,False,False,False,True,False,True,False,False,False,True,False,False
+.75 contrast,green-blue,easyocr,2.2447782520002875,3,4,5,8,True,True,False,True,True,True,False,True,False,True,False,True
+.75 contrast,green-blue,easyocr,2.195468816000357,0,4,1,8,False,False,False,False,False,False,False,False,True,False,False,False
+.75 contrast,green-blue,easyocr,2.4251237939997736,1,4,1,8,False,True,False,False,False,False,False,False,False,True,False,False
+.75 contrast,green-blue,easyocr,2.261855229000048,1,4,7,8,False,False,False,True,True,True,True,True,True,True,True,False
+.75 contrast,green-blue,easyocr,2.2323097059997963,0,4,1,8,False,False,False,False,False,False,False,False,True,False,False,False
+.75 contrast,green-blue,easyocr,2.2889724780002325,2,4,4,8,True,False,False,True,False,True,False,True,True,True,False,False
+.75 contrast,green-blue,easyocr,2.4066921730000104,1,4,1,8,False,False,False,True,False,True,False,False,False,False,False,False
+.75 contrast,green-blue,easyocr,2.225925481000104,2,4,5,8,False,True,False,True,True,True,False,True,False,True,False,True
+.75 contrast,green-blue,easyocr,2.393038553000224,0,4,1,8,False,False,False,False,False,False,False,False,True,False,False,False
+.75 contrast,green-blue,easyocr,2.2179922010000155,1,4,2,8,False,True,False,False,False,False,False,True,False,False,False,True
+.75 contrast,green-blue,easyocr,2.375387735000004,0,4,0,8,False,False,False,False,False,False,False,False,False,False,False,False
+.75 contrast,green-blue,easyocr,2.318657920000078,2,4,3,8,False,True,False,True,False,True,False,True,False,True,False,False
+.75 contrast,green-blue,easyocr,2.5025017580001077,0,4,0,8,False,False,False,False,False,False,False,False,False,False,False,False
+.75 contrast,green-blue,easyocr,2.2426438569996208,2,4,4,8,False,True,False,True,False,True,False,True,False,True,False,True
+.75 contrast,green-blue,easyocr,2.3421384249995754,1,4,1,8,True,False,False,False,False,False,False,False,False,True,False,False
+.75 contrast,green-blue,easyocr,2.355009106000125,1,4,4,8,False,False,False,True,False,True,True,True,True,False,False,False
+.75 contrast,green-blue,easyocr,2.2878818799999863,2,4,5,8,False,True,False,True,True,True,False,True,False,True,False,True
+.75 contrast,green-blue,easyocr,2.124783887999911,0,4,0,8,False,False,False,False,False,False,False,False,False,False,False,False
+.75 contrast,green-blue,easyocr,2.3390063140000166,2,4,3,8,False,True,False,True,False,True,False,True,True,False,False,False
+.75 contrast,red-blue,tesseract,0.6728778379997493,1,4,3,8,False,False,False,True,False,True,False,True,False,True,False,False
+.75 contrast,red-blue,tesseract,0.7165329839999686,3,4,5,8,True,True,False,True,True,True,True,False,True,False,False,True
+.75 contrast,red-blue,tesseract,0.8700996540001142,3,4,3,8,True,True,False,True,False,True,False,True,True,False,False,False
+.75 contrast,red-blue,tesseract,0.6574376739999934,2,4,3,8,False,True,False,True,False,True,False,False,False,True,False,True
+.75 contrast,red-blue,tesseract,0.49436447100015357,0,4,5,8,False,False,False,False,False,False,True,True,True,True,True,False
+.75 contrast,red-blue,tesseract,0.573420920999979,0,4,0,8,False,False,False,False,False,False,False,False,False,False,False,False
+.75 contrast,red-blue,tesseract,0.5388322590001735,2,4,2,8,True,False,False,True,False,True,False,True,False,False,False,False
+.75 contrast,red-blue,tesseract,0.6022446009997111,1,4,2,8,False,False,False,True,False,True,False,False,False,True,False,False
+.75 contrast,red-blue,tesseract,0.572737046000384,3,4,6,8,True,True,False,True,False,True,True,True,True,False,True,True
+.75 contrast,red-blue,tesseract,0.3401481360001526,0,4,0,8,False,False,False,False,False,False,False,False,False,False,False,False
+.75 contrast,red-blue,tesseract,0.49282470600019224,4,4,5,8,True,True,True,True,False,True,False,True,True,True,False,True
+.75 contrast,red-blue,tesseract,0.56937270599974,0,4,0,8,False,False,False,False,False,False,False,False,False,False,False,False
+.75 contrast,red-blue,tesseract,0.5170119800000066,1,4,3,8,False,False,False,True,False,True,True,False,True,False,False,False
+.75 contrast,red-blue,tesseract,0.7063869610001348,2,4,3,8,False,True,False,True,False,True,False,True,True,False,False,False
+.75 contrast,red-blue,tesseract,0.5269184429998859,2,4,6,8,False,True,False,True,False,True,True,True,True,True,False,True
+.75 contrast,red-blue,tesseract,0.4638517100001991,0,4,0,8,False,False,False,False,False,False,False,False,False,False,False,False
+.75 contrast,red-blue,tesseract,0.5651679469997362,0,4,1,8,False,False,False,False,False,False,False,True,False,False,False,False
+.75 contrast,red-blue,tesseract,0.5555338529998153,4,4,6,8,True,True,True,True,False,True,True,True,True,True,False,True
+.75 contrast,red-blue,tesseract,0.45818107599961877,0,4,3,8,False,False,False,False,True,False,False,True,False,True,False,False
+.75 contrast,red-blue,tesseract,0.4219266090003657,3,4,4,8,True,True,False,True,False,True,False,True,False,True,False,True
+.75 contrast,red-blue,easyocr,2.325623973999882,1,4,3,8,False,False,False,True,False,True,False,True,False,True,False,False
+.75 contrast,red-blue,easyocr,2.1883768389998295,3,4,5,8,True,True,False,True,True,True,False,True,False,True,False,True
+.75 contrast,red-blue,easyocr,2.210412406999694,1,4,1,8,False,True,False,False,False,False,False,False,True,False,False,False
+.75 contrast,red-blue,easyocr,2.3993796120003026,1,4,0,8,False,True,False,False,False,False,False,False,False,False,False,False
+.75 contrast,red-blue,easyocr,2.556591400999878,1,4,5,8,False,False,False,True,False,True,False,True,True,True,True,False
+.75 contrast,red-blue,easyocr,2.2329877700003635,0,4,1,8,False,False,False,False,False,False,False,False,True,False,False,False
+.75 contrast,red-blue,easyocr,2.2683016480000333,2,4,4,8,True,False,False,True,False,True,False,True,True,True,False,False
+.75 contrast,red-blue,easyocr,2.4720509310000125,0,4,1,8,False,False,False,False,False,False,False,False,False,True,False,False
+.75 contrast,red-blue,easyocr,2.200234403000195,2,4,5,8,False,True,False,True,True,True,False,True,False,True,False,True
+.75 contrast,red-blue,easyocr,2.3014917290001904,0,4,1,8,False,False,False,False,False,False,False,False,False,True,False,False
+.75 contrast,red-blue,easyocr,2.2293474029997924,1,4,2,8,False,True,False,False,False,False,False,True,False,False,False,True
+.75 contrast,red-blue,easyocr,2.332340449000185,0,4,0,8,False,False,False,False,False,False,False,False,False,False,False,False
+.75 contrast,red-blue,easyocr,2.2815141800001584,2,4,5,8,False,True,False,True,False,True,False,True,True,True,False,True
+.75 contrast,red-blue,easyocr,2.4971698730000753,0,4,0,8,False,False,False,False,False,False,False,False,False,False,False,False
+.75 contrast,red-blue,easyocr,2.2472527649997573,2,4,4,8,False,True,False,True,False,True,False,True,False,True,False,True
+.75 contrast,red-blue,easyocr,2.350278354999773,0,4,1,8,False,False,False,False,False,False,False,False,False,True,False,False
+.75 contrast,red-blue,easyocr,2.443155361999743,1,4,3,8,False,False,False,True,False,True,False,True,True,False,False,False
+.75 contrast,red-blue,easyocr,2.230179735999627,3,4,6,8,True,True,False,True,True,True,False,True,True,False,True,True
+.75 contrast,red-blue,easyocr,2.123437684000237,0,4,0,8,False,False,False,False,False,False,False,False,False,False,False,False
+.75 contrast,red-blue,easyocr,2.3621663520002585,1,4,4,8,False,False,False,True,False,True,False,True,True,False,False,True
+.75 contrast,grayscale,tesseract,0.503252115000123,0,4,0,8,False,False,False,False,False,False,False,False,False,False,False,False
+.75 contrast,grayscale,tesseract,0.7143569820000266,3,4,4,8,True,True,False,True,False,True,True,False,True,False,False,True
+.75 contrast,grayscale,tesseract,0.7686192790001769,1,4,4,8,False,True,False,False,False,False,True,False,True,True,False,True
+.75 contrast,grayscale,tesseract,0.7172142089998488,3,4,5,8,True,True,True,False,False,False,True,True,True,True,False,True
+.75 contrast,grayscale,tesseract,0.46804474400005347,1,4,6,8,False,True,False,False,False,False,True,True,True,True,True,True
+.75 contrast,grayscale,tesseract,0.5184492640000826,0,4,0,8,False,False,False,False,False,False,False,False,False,False,False,False
+.75 contrast,grayscale,tesseract,0.5628901289996975,2,4,2,8,True,False,False,True,False,True,False,True,False,False,False,False
+.75 contrast,grayscale,tesseract,0.49030094799991275,0,4,0,8,False,False,False,False,False,False,False,False,False,False,False,False
+.75 contrast,grayscale,tesseract,0.5403970070001378,3,4,5,8,True,True,False,True,False,True,True,True,True,False,False,True
+.75 contrast,grayscale,tesseract,0.5376036709999426,1,4,2,8,False,False,False,True,False,True,False,False,False,True,False,False
+.75 contrast,grayscale,tesseract,0.5546829099998831,2,4,5,8,True,False,False,True,False,True,True,True,True,True,False,False
+.75 contrast,grayscale,tesseract,0.740450552999846,0,4,0,8,False,False,False,False,False,False,False,False,False,False,False,False
+.75 contrast,grayscale,tesseract,0.4900403679998817,2,4,3,8,False,True,False,True,False,True,True,False,True,False,False,False
+.75 contrast,grayscale,tesseract,0.7172162639999442,1,4,3,8,False,False,False,True,False,True,False,True,True,False,False,False
+.75 contrast,grayscale,tesseract,0.7507696729999225,1,4,5,8,False,False,False,True,False,True,True,True,True,True,False,False
+.75 contrast,grayscale,tesseract,0.39754049500015753,0,4,1,8,False,False,False,False,False,False,False,True,False,False,False,False
+.75 contrast,grayscale,tesseract,0.5906182600001557,0,4,2,8,False,False,False,False,False,False,False,True,False,True,False,False
+.75 contrast,grayscale,tesseract,0.47417741799972646,4,4,6,8,True,True,True,True,False,True,True,True,True,True,False,True
+.75 contrast,grayscale,tesseract,0.4208425189999616,0,4,0,8,False,False,False,False,False,False,False,False,False,False,False,False
+.75 contrast,grayscale,tesseract,0.4529939720000584,2,4,6,8,False,True,False,True,False,True,True,True,True,True,True,False
+.75 contrast,grayscale,easyocr,2.2354643899998337,1,4,2,8,False,False,False,True,False,True,False,False,False,True,False,False
+.75 contrast,grayscale,easyocr,2.141290566999942,3,4,5,8,True,True,False,True,True,True,False,True,False,True,False,True
+.75 contrast,grayscale,easyocr,2.1381683479999083,1,4,1,8,False,True,False,False,False,False,False,False,True,False,False,False
+.75 contrast,grayscale,easyocr,2.4258224139998674,1,4,1,8,False,True,False,False,False,False,False,False,False,True,False,False
+.75 contrast,grayscale,easyocr,2.5298771150000903,1,4,6,8,False,False,False,True,False,True,True,True,True,True,True,False
+.75 contrast,grayscale,easyocr,2.177829374999874,0,4,1,8,False,False,False,False,False,False,False,False,True,False,False,False
+.75 contrast,grayscale,easyocr,2.244891227000153,2,4,4,8,True,False,False,True,False,True,False,True,True,True,False,False
+.75 contrast,grayscale,easyocr,2.3720286419998047,1,4,1,8,False,False,False,True,False,True,False,False,False,False,False,False
+.75 contrast,grayscale,easyocr,2.217196162000164,2,4,5,8,False,True,False,True,True,True,False,True,False,True,False,True
+.75 contrast,grayscale,easyocr,2.432691767000051,0,4,1,8,False,False,False,False,False,False,False,False,False,True,False,False
+.75 contrast,grayscale,easyocr,2.21634721800001,1,4,2,8,False,True,False,False,False,False,False,True,False,False,False,True
+.75 contrast,grayscale,easyocr,2.350730793999901,0,4,0,8,False,False,False,False,False,False,False,False,False,False,False,False
+.75 contrast,grayscale,easyocr,2.3239066979999734,2,4,4,8,False,True,False,True,False,True,False,True,False,True,False,True
+.75 contrast,grayscale,easyocr,2.5053393150001284,0,4,0,8,False,False,False,False,False,False,False,False,False,False,False,False
+.75 contrast,grayscale,easyocr,2.268518617999689,2,4,4,8,False,True,False,True,False,True,False,True,False,True,False,True
+.75 contrast,grayscale,easyocr,2.345277996999812,0,4,1,8,False,False,False,False,False,False,False,False,False,True,False,False
+.75 contrast,grayscale,easyocr,2.4055691250000564,1,4,5,8,False,False,False,True,False,True,True,True,True,True,False,False
+.75 contrast,grayscale,easyocr,2.218440804999773,4,4,7,8,True,True,True,True,True,True,False,True,True,True,True,True
+.75 contrast,grayscale,easyocr,2.1419351080003253,0,4,0,8,False,False,False,False,False,False,False,False,False,False,False,False
+.75 contrast,grayscale,easyocr,2.374669322000045,1,4,3,8,False,False,False,True,False,True,False,True,False,False,False,True
-50 brightness,none,tesseract,0.73098302399967,3,4,4,8,True,True,True,False,False,False,False,True,True,True,False,True
-50 brightness,none,tesseract,0.4544875149999825,2,4,4,8,False,True,False,True,True,True,True,False,False,False,False,True
-50 brightness,none,tesseract,0.6190280350001558,2,4,6,8,False,True,False,True,True,True,True,True,False,False,True,True
-50 brightness,none,tesseract,0.7485192389999611,2,4,6,8,False,True,False,True,False,True,True,True,True,False,True,True
-50 brightness,none,tesseract,0.8057446140001048,1,4,6,8,True,False,False,False,False,False,True,True,True,True,True,True
-50 brightness,none,tesseract,0.8855678649997571,4,4,6,8,True,True,True,True,False,True,True,True,True,True,False,True
-50 brightness,none,tesseract,0.5804161239998393,1,4,2,8,False,False,False,True,False,True,False,True,False,False,False,False
-50 brightness,none,tesseract,0.7501738180003485,2,4,5,8,False,True,False,True,False,True,True,True,False,True,False,True
-50 brightness,none,tesseract,0.5334436299999652,4,4,7,8,True,True,True,True,False,True,True,True,True,True,True,True
-50 brightness,none,tesseract,0.7294641810003668,0,4,3,8,False,False,False,False,False,False,True,True,True,False,False,False
-50 brightness,none,tesseract,0.7161523149998175,4,4,6,8,True,True,True,True,False,True,True,True,True,True,False,True
-50 brightness,none,tesseract,0.4291579810001167,1,4,3,8,False,False,False,True,True,True,True,False,False,False,False,False
-50 brightness,none,tesseract,0.6315846520001287,1,4,3,8,False,False,False,True,False,True,True,False,True,False,False,False
-50 brightness,none,tesseract,0.7148549739999908,3,4,5,8,True,True,True,False,False,False,True,True,True,True,False,True
-50 brightness,none,tesseract,0.854382921999786,4,4,5,8,True,True,True,True,False,True,False,True,True,True,False,True
-50 brightness,none,tesseract,0.5510583269997369,0,4,2,8,False,False,False,False,False,False,True,False,False,True,False,False
-50 brightness,none,tesseract,0.7478289949999635,2,4,3,8,False,True,False,True,False,True,False,True,False,False,False,True
-50 brightness,none,tesseract,0.5795743070002572,4,4,7,8,True,True,True,True,False,True,True,True,True,True,True,True
-50 brightness,none,tesseract,0.6846932680000464,0,4,1,8,False,False,False,False,False,False,False,True,False,False,False,False
-50 brightness,none,tesseract,0.47934265900039463,2,4,4,8,False,True,False,True,False,True,True,False,False,True,False,True
-50 brightness,none,easyocr,2.2978648620000968,4,4,7,8,True,True,True,True,True,True,True,True,True,True,False,True
-50 brightness,none,easyocr,2.213682910999978,2,4,5,8,False,True,False,True,True,True,True,True,False,False,False,True
-50 brightness,none,easyocr,2.2736459230000037,4,4,8,8,True,True,True,True,True,True,True,True,True,True,True,True
-50 brightness,none,easyocr,2.439774252999996,2,4,5,8,False,True,False,True,True,True,False,True,False,True,False,True
-50 brightness,none,easyocr,2.5817097099998136,1,4,6,8,False,False,False,True,False,True,True,True,True,True,True,False
-50 brightness,none,easyocr,2.4477919629998723,4,4,5,8,True,True,True,True,False,True,False,True,True,True,False,True
-50 brightness,none,easyocr,2.326878937999936,1,4,2,8,False,False,False,True,False,True,False,True,False,False,False,False
-50 brightness,none,easyocr,2.6835377880001943,4,4,7,8,True,True,True,True,True,True,True,True,True,True,False,True
-50 brightness,none,easyocr,2.4573289320001095,2,4,6,8,False,True,False,True,True,True,True,True,True,False,False,True
-50 brightness,none,easyocr,2.5644302000000607,2,4,2,8,False,True,False,True,False,True,False,False,False,True,False,False
-50 brightness,none,easyocr,2.5294769369997994,2,4,7,8,False,True,False,True,True,True,True,True,True,False,True,True
-50 brightness,none,easyocr,2.4244747379998444,1,4,5,8,False,False,False,True,False,True,True,True,True,True,False,False
-50 brightness,none,easyocr,2.5094561959999737,2,4,3,8,False,True,False,True,False,True,False,True,False,False,False,True
-50 brightness,none,easyocr,2.709593699999914,4,4,5,8,True,True,True,True,False,True,False,True,True,True,False,True
-50 brightness,none,easyocr,2.3594736189998002,2,4,5,8,False,True,False,True,False,True,True,True,False,False,True,True
-50 brightness,none,easyocr,2.4098834379997243,0,4,0,8,False,False,False,False,False,False,False,False,False,False,False,False
-50 brightness,none,easyocr,2.3669652950002273,1,4,4,8,False,False,False,True,True,True,True,True,False,False,False,False
-50 brightness,none,easyocr,2.2650083849998737,2,4,5,8,False,True,False,True,True,True,True,True,False,False,False,True
-50 brightness,none,easyocr,2.356439069999851,2,4,4,8,False,True,False,True,True,True,False,True,False,False,False,True
-50 brightness,none,easyocr,2.3696997849997388,2,4,4,8,False,True,False,True,False,True,False,True,True,False,False,True
-50 brightness,blue,tesseract,0.5195090550000714,3,4,5,8,True,True,True,False,False,False,True,True,True,True,False,True
-50 brightness,blue,tesseract,0.6743943409996973,2,4,6,8,False,True,False,True,True,True,True,False,True,True,False,True
-50 brightness,blue,tesseract,0.5054580830001214,4,4,8,8,True,True,True,True,True,True,True,True,True,True,True,True
-50 brightness,blue,tesseract,0.6172907240002132,2,4,5,8,False,True,False,True,False,True,True,True,True,False,False,True
-50 brightness,blue,tesseract,0.5963525060001302,1,4,6,8,True,False,False,False,False,False,True,True,True,True,True,True
-50 brightness,blue,tesseract,0.5125360080000974,3,4,5,8,True,True,False,True,False,True,True,True,True,False,False,True
-50 brightness,blue,tesseract,0.40419869600009406,2,4,4,8,True,False,False,True,False,True,False,True,True,True,False,False
-50 brightness,blue,tesseract,0.4243097169996872,1,4,3,8,False,True,False,False,False,False,True,True,False,False,False,True
-50 brightness,blue,tesseract,0.4678312519999963,4,4,6,8,True,True,True,True,False,True,True,True,True,True,False,True
-50 brightness,blue,tesseract,0.5236405159998867,0,4,1,8,False,False,False,False,False,False,False,False,False,True,False,False
-50 brightness,blue,tesseract,0.534199248999812,2,4,4,8,False,True,False,True,False,True,True,True,False,False,False,True
-50 brightness,blue,tesseract,0.37426047899998593,1,4,3,8,True,False,False,False,False,False,True,False,True,True,False,False
-50 brightness,blue,tesseract,0.5093984860000091,1,4,2,8,False,False,False,True,False,True,True,False,False,False,False,False
-50 brightness,blue,tesseract,0.5471606079995581,4,4,6,8,True,True,True,True,False,True,True,True,True,True,False,True
-50 brightness,blue,tesseract,0.6890640270003132,4,4,8,8,True,True,True,True,True,True,True,True,True,True,True,True
-50 brightness,blue,tesseract,0.4077095269999518,0,4,1,8,False,False,False,False,False,False,True,False,False,False,False,False
-50 brightness,blue,tesseract,0.650215907999609,2,4,5,8,False,True,False,True,True,True,False,True,False,True,False,True
-50 brightness,blue,tesseract,0.48467670600030033,4,4,7,8,True,True,True,True,False,True,True,True,True,True,True,True
-50 brightness,blue,tesseract,0.4194122750000133,0,4,3,8,False,False,False,False,False,False,True,False,True,True,False,False
-50 brightness,blue,tesseract,0.45640854700013733,2,4,4,8,False,True,False,True,False,True,True,False,False,True,False,True
-50 brightness,blue,easyocr,2.3046002549999685,2,4,6,8,True,False,False,True,True,True,True,True,True,True,False,False
-50 brightness,blue,easyocr,2.240769562999958,2,4,6,8,False,True,False,True,True,True,True,True,True,False,False,True
-50 brightness,blue,easyocr,2.19615266899973,4,4,8,8,True,True,True,True,True,True,True,True,True,True,True,True
-50 brightness,blue,easyocr,2.2903035270001055,4,4,6,8,True,True,True,True,True,True,False,True,True,True,False,True
-50 brightness,blue,easyocr,2.2533698550000736,1,4,6,8,False,False,False,True,False,True,True,True,True,True,True,False
-50 brightness,blue,easyocr,2.244982200999857,3,4,5,8,True,True,False,True,False,True,True,False,True,True,False,True
-50 brightness,blue,easyocr,2.252827453000009,2,4,4,8,True,False,False,True,False,True,True,False,True,True,False,False
-50 brightness,blue,easyocr,2.6668646220000483,4,4,6,8,True,True,True,True,True,True,False,True,True,True,False,True
-50 brightness,blue,easyocr,2.394873232000009,4,4,7,8,True,True,True,True,True,True,True,True,True,True,False,True
-50 brightness,blue,easyocr,2.2635627280001245,1,4,1,8,False,True,False,False,False,False,False,False,False,True,False,False
-50 brightness,blue,easyocr,2.231754826999804,4,4,8,8,True,True,True,True,True,True,True,True,True,True,True,True
-50 brightness,blue,easyocr,2.209398174999933,2,4,5,8,True,False,False,True,False,True,True,True,True,True,False,False
-50 brightness,blue,easyocr,2.5511245369998505,2,4,4,8,False,True,False,True,False,True,True,True,False,False,False,True
-50 brightness,blue,easyocr,2.417105940000056,4,4,7,8,True,True,True,True,True,True,True,True,True,True,False,True
-50 brightness,blue,easyocr,2.2967125000000124,4,4,6,8,True,True,True,True,False,True,True,True,True,True,False,True
-50 brightness,blue,easyocr,2.4486096050000015,1,4,3,8,False,False,False,True,False,True,False,True,False,True,False,False
-50 brightness,blue,easyocr,2.233924720000232,1,4,5,8,False,False,False,True,True,True,True,True,True,False,False,False
-50 brightness,blue,easyocr,2.2598370450000402,4,4,7,8,True,True,True,True,True,True,True,True,True,True,False,True
-50 brightness,blue,easyocr,2.208874367000135,2,4,3,8,False,True,False,True,False,True,False,True,False,False,False,True
-50 brightness,blue,easyocr,2.3393302080003195,2,4,3,8,True,False,False,True,False,True,False,True,False,True,False,False
-50 brightness,green,tesseract,0.48032187199987675,4,4,6,8,True,True,True,True,False,True,True,True,True,True,False,True
-50 brightness,green,tesseract,0.4321472309998171,2,4,4,8,False,True,False,True,True,True,True,False,False,False,False,True
-50 brightness,green,tesseract,0.4455682880002314,4,4,8,8,True,True,True,True,True,True,True,True,True,True,True,True
-50 brightness,green,tesseract,0.6139885999996295,2,4,6,8,False,True,False,True,False,True,True,True,True,False,True,True
-50 brightness,green,tesseract,0.5656869990002633,1,4,5,8,True,False,False,False,False,False,True,True,True,True,True,False
-50 brightness,green,tesseract,0.5320326259998183,3,4,5,8,True,True,False,True,False,True,True,True,True,False,False,True
-50 brightness,green,tesseract,0.6108823580002536,1,4,1,8,False,False,False,True,False,True,False,False,False,False,False,False
-50 brightness,green,tesseract,0.5752659839999978,2,4,6,8,False,True,False,True,False,True,True,True,False,True,True,True
-50 brightness,green,tesseract,0.7470629620002001,4,4,6,8,True,True,True,True,False,True,True,True,True,True,False,True
-50 brightness,green,tesseract,0.5383781240002463,1,4,1,8,False,True,False,False,False,False,False,False,False,False,False,True
-50 brightness,green,tesseract,0.5302177970002049,4,4,6,8,True,True,True,True,False,True,True,True,True,True,False,True
-50 brightness,green,tesseract,0.401691118999679,1,4,3,8,False,False,False,True,True,True,True,False,False,False,False,False
-50 brightness,green,tesseract,0.49625152299995534,0,4,1,8,False,False,False,False,False,False,False,False,True,False,False,False
-50 brightness,green,tesseract,0.6500237199998082,4,4,6,8,True,True,True,True,False,True,True,True,True,True,False,True
-50 brightness,green,tesseract,0.7138009850000344,2,4,5,8,False,True,False,True,False,True,True,True,False,True,False,True
-50 brightness,green,tesseract,0.4594464639999387,0,4,1,8,False,False,False,False,False,False,True,False,False,False,False,False
-50 brightness,green,tesseract,0.6873597819999304,0,4,2,8,False,False,False,False,False,False,True,True,False,False,False,False
-50 brightness,green,tesseract,0.506262302000323,2,4,4,8,False,True,False,True,False,True,True,True,False,False,False,True
-50 brightness,green,tesseract,0.5595103810001092,1,4,1,8,False,False,False,True,False,True,False,False,False,False,False,False
-50 brightness,green,tesseract,0.5900653029998466,2,4,5,8,False,True,False,True,False,True,True,True,True,False,False,True
-50 brightness,green,easyocr,2.286311575000127,4,4,7,8,True,True,True,True,True,True,True,True,True,True,False,True
-50 brightness,green,easyocr,2.20414498800028,2,4,5,8,False,True,False,True,True,True,True,True,False,False,False,True
-50 brightness,green,easyocr,2.179977716000394,4,4,8,8,True,True,True,True,True,True,True,True,True,True,True,True
-50 brightness,green,easyocr,2.3964006259998314,2,4,5,8,False,True,False,True,True,True,False,True,False,True,False,True
-50 brightness,green,easyocr,2.2860075989997313,1,4,6,8,False,False,False,True,False,True,True,True,True,True,True,False
-50 brightness,green,easyocr,2.3357679139999163,3,4,5,8,True,True,False,True,False,True,True,False,True,True,False,True
-50 brightness,green,easyocr,2.374584118999792,1,4,2,8,False,False,False,True,False,True,False,True,False,False,False,False
-50 brightness,green,easyocr,2.696303651999642,4,4,7,8,True,True,True,True,True,True,True,True,True,True,False,True
-50 brightness,green,easyocr,2.5422059219999937,2,4,6,8,False,True,False,True,True,True,True,True,True,False,False,True
-50 brightness,green,easyocr,2.2998166549996313,1,4,1,8,False,True,False,False,False,False,False,False,False,True,False,False
-50 brightness,green,easyocr,2.4539880810002614,2,4,6,8,False,True,False,True,True,True,True,True,False,False,True,True
-50 brightness,green,easyocr,2.1927124489998278,2,4,5,8,True,False,False,True,False,True,True,True,True,True,False,False
-50 brightness,green,easyocr,2.4518416040000375,1,4,4,8,False,True,False,False,False,False,False,True,True,True,False,True
-50 brightness,green,easyocr,2.754910192999887,4,4,5,8,True,True,True,True,False,True,False,True,True,True,False,True
-50 brightness,green,easyocr,2.3588249219997124,2,4,5,8,False,True,False,True,False,True,True,True,False,False,True,True
-50 brightness,green,easyocr,2.456527420999919,1,4,1,8,False,False,False,True,False,True,False,False,False,False,False,False
-50 brightness,green,easyocr,2.4031476080003813,1,4,3,8,False,False,False,True,False,True,True,True,False,False,False,False
-50 brightness,green,easyocr,2.2799459960001514,2,4,6,8,False,True,False,True,True,True,True,True,False,True,False,True
-50 brightness,green,easyocr,2.405144994999773,2,4,5,8,False,True,False,True,True,True,True,True,False,False,False,True
-50 brightness,green,easyocr,2.4082678059999125,2,4,4,8,False,True,False,True,False,True,False,True,True,False,False,True
-50 brightness,red,tesseract,0.6466609979997884,4,4,6,8,True,True,True,True,False,True,True,True,True,True,False,True
-50 brightness,red,tesseract,0.8229978900003516,4,4,7,8,True,True,True,True,True,True,True,True,True,True,False,True
-50 brightness,red,tesseract,0.5807661240000925,4,4,8,8,True,True,True,True,True,True,True,True,True,True,True,True
-50 brightness,red,tesseract,0.6449204460000146,2,4,4,8,False,True,False,True,False,True,False,True,True,False,False,True
-50 brightness,red,tesseract,0.689181039000232,1,4,5,8,True,False,False,False,False,False,True,True,True,True,True,False
-50 brightness,red,tesseract,0.7550104789997931,4,4,6,8,True,True,True,True,False,True,True,True,True,True,False,True
-50 brightness,red,tesseract,0.5746644719997676,1,4,2,8,False,False,False,True,False,True,False,True,False,False,False,False
-50 brightness,red,tesseract,0.7147936900000786,2,4,5,8,False,True,False,True,False,True,True,True,False,True,False,True
-50 brightness,red,tesseract,0.5004258069998286,4,4,7,8,True,True,True,True,False,True,True,True,True,True,True,True
-50 brightness,red,tesseract,0.5752658350002093,1,4,3,8,True,False,False,False,False,False,True,False,True,True,False,False
-50 brightness,red,tesseract,0.6316358970002511,4,4,6,8,True,True,True,True,False,True,True,True,True,True,False,True
-50 brightness,red,tesseract,0.4159162500000093,0,4,2,8,False,False,False,False,False,False,True,True,False,False,False,False
-50 brightness,red,tesseract,0.6140454430001228,1,4,3,8,False,False,False,True,False,True,True,False,True,False,False,False
-50 brightness,red,tesseract,0.8385235870000542,4,4,6,8,True,True,True,True,False,True,True,True,True,True,False,True
-50 brightness,red,tesseract,0.6330090900000869,2,4,5,8,False,True,False,True,True,True,False,True,False,True,False,True
-50 brightness,red,tesseract,0.5253144359999169,0,4,1,8,False,False,False,False,False,False,True,False,False,False,False,False
-50 brightness,red,tesseract,0.6539239070002623,2,4,4,8,False,True,False,True,False,True,True,True,False,False,False,True
-50 brightness,red,tesseract,0.6247595639997598,4,4,7,8,True,True,True,True,False,True,True,True,True,True,True,True
-50 brightness,red,tesseract,0.42074667899987617,0,4,2,8,False,False,False,False,False,False,True,True,False,False,False,False
-50 brightness,red,tesseract,0.6683100200002627,3,4,6,8,True,True,True,False,False,False,True,True,True,True,True,True
-50 brightness,red,easyocr,2.320966464999856,2,4,6,8,False,True,False,True,True,True,True,True,True,False,False,True
-50 brightness,red,easyocr,2.156417953000073,2,4,6,8,False,True,False,True,True,True,True,True,True,False,False,True
-50 brightness,red,easyocr,2.2885500889997274,2,4,6,8,False,True,False,True,True,True,True,True,False,False,True,True
-50 brightness,red,easyocr,2.364040142000249,2,4,6,8,False,True,False,True,False,True,True,True,True,True,False,True
-50 brightness,red,easyocr,2.5378155099997457,1,4,4,8,False,False,False,True,False,True,True,True,False,False,True,False
-50 brightness,red,easyocr,2.4980718179999712,2,4,4,8,False,True,False,True,False,True,False,True,True,False,False,True
-50 brightness,red,easyocr,2.297006772000259,1,4,1,8,False,False,False,True,False,True,False,False,False,False,False,False
-50 brightness,red,easyocr,2.6633884379998563,4,4,7,8,True,True,True,True,True,True,True,True,True,True,False,True
-50 brightness,red,easyocr,2.5069379560000016,2,4,6,8,False,True,False,True,True,True,True,True,True,False,False,True
-50 brightness,red,easyocr,2.627416108000034,2,4,1,8,False,True,False,True,False,True,False,False,False,False,False,False
-50 brightness,red,easyocr,2.557146490999912,2,4,6,8,False,True,False,True,True,True,True,True,False,False,True,True
-50 brightness,red,easyocr,2.4783041779996893,1,4,3,8,False,False,False,True,False,True,True,True,False,False,False,False
-50 brightness,red,easyocr,2.516178101999685,2,4,3,8,False,True,False,True,False,True,False,True,False,False,False,True
-50 brightness,red,easyocr,2.773795472999609,4,4,5,8,True,True,True,True,False,True,False,True,True,True,False,True
-50 brightness,red,easyocr,2.339874755999972,2,4,5,8,False,True,False,True,False,True,True,True,False,False,True,True
-50 brightness,red,easyocr,2.446278807999988,1,4,2,8,False,False,False,True,False,True,False,True,False,False,False,False
-50 brightness,red,easyocr,2.4397408840000026,1,4,4,8,False,False,False,True,False,True,True,True,True,False,False,False
-50 brightness,red,easyocr,2.2380431159999716,2,4,6,8,False,True,False,True,True,True,True,True,True,False,False,True
-50 brightness,red,easyocr,2.4180516389997138,2,4,4,8,False,True,False,True,False,True,True,True,False,False,False,True
-50 brightness,red,easyocr,2.3742822300000626,2,4,4,8,False,True,False,True,False,True,False,True,True,False,False,True
-50 brightness,red-green,tesseract,0.5539658570000938,2,4,5,8,True,False,False,True,False,True,True,True,True,True,False,False
-50 brightness,red-green,tesseract,0.7131936750001842,4,4,7,8,True,True,True,True,True,True,True,True,True,True,False,True
-50 brightness,red-green,tesseract,0.4738515849999203,2,4,6,8,False,True,False,True,True,True,True,True,False,False,True,True
-50 brightness,red-green,tesseract,0.5480855739997423,2,4,5,8,False,True,False,True,False,True,True,True,True,False,False,True
-50 brightness,red-green,tesseract,0.5543324459999894,0,4,6,8,False,False,False,False,False,False,True,True,True,True,True,True
-50 brightness,red-green,tesseract,0.6977419469999404,2,4,5,8,False,True,False,True,False,True,True,False,True,True,False,True
-50 brightness,red-green,tesseract,0.5778839900003732,1,4,2,8,False,False,False,True,False,True,False,True,False,False,False,False
-50 brightness,red-green,tesseract,0.7749258310000187,2,4,6,8,False,True,False,True,False,True,True,True,False,True,True,True
-50 brightness,red-green,tesseract,0.7327728749996822,4,4,7,8,True,True,True,True,False,True,True,True,True,True,True,True
-50 brightness,red-green,tesseract,0.5636693060000653,0,4,1,8,False,False,False,False,False,False,False,False,True,False,False,False
-50 brightness,red-green,tesseract,0.5142788909997762,4,4,6,8,True,True,True,True,False,True,True,True,True,True,False,True
-50 brightness,red-green,tesseract,0.4170292399999198,0,4,2,8,False,False,False,False,True,False,True,False,False,False,False,False
-50 brightness,red-green,tesseract,0.5223052910000661,0,4,0,8,False,False,False,False,False,False,False,False,False,False,False,False
-50 brightness,red-green,tesseract,0.7712954300000092,4,4,6,8,True,True,True,True,False,True,True,True,True,True,False,True
-50 brightness,red-green,tesseract,0.8323890859996936,2,4,6,8,False,True,False,True,False,True,True,True,True,True,False,True
-50 brightness,red-green,tesseract,0.45350538799993956,0,4,2,8,False,False,False,False,False,False,True,False,False,True,False,False
-50 brightness,red-green,tesseract,0.8242443799999819,1,4,3,8,False,True,False,False,False,False,True,True,False,False,False,True
-50 brightness,red-green,tesseract,0.5878520940000271,4,4,6,8,True,True,True,True,False,True,True,True,True,True,False,True
-50 brightness,red-green,tesseract,0.5159548619999441,0,4,1,8,False,False,False,False,False,False,True,False,False,False,False,False
-50 brightness,red-green,tesseract,0.7923939440001959,1,4,3,8,False,True,False,False,False,False,True,False,True,False,False,True
-50 brightness,red-green,easyocr,2.4976704420000715,2,4,5,8,False,True,False,True,True,True,True,True,False,False,False,True
-50 brightness,red-green,easyocr,2.2282722370000556,2,4,5,8,False,True,False,True,True,True,True,True,False,False,False,True
-50 brightness,red-green,easyocr,2.352021580999917,2,4,6,8,False,True,False,True,True,True,True,True,False,False,True,True
-50 brightness,red-green,easyocr,2.5882210509998913,2,4,4,8,False,True,False,True,False,True,True,True,False,False,False,True
-50 brightness,red-green,easyocr,2.712318862000302,1,4,4,8,False,False,False,True,False,True,True,True,False,False,True,False
-50 brightness,red-green,easyocr,2.637982132000161,2,4,4,8,False,True,False,True,False,True,True,True,False,False,False,True
-50 brightness,red-green,easyocr,2.4532701329999327,1,4,2,8,False,False,False,True,False,True,False,True,False,False,False,False
-50 brightness,red-green,easyocr,2.8122835839999425,4,4,7,8,True,True,True,True,True,True,True,True,True,True,False,True
-50 brightness,red-green,easyocr,2.6652582929996242,2,4,6,8,False,True,False,True,True,True,True,True,True,False,False,True
-50 brightness,red-green,easyocr,2.849055822000082,2,4,1,8,False,True,False,True,False,True,False,False,False,False,False,False
-50 brightness,red-green,easyocr,2.7541269139996984,2,4,6,8,False,True,False,True,True,True,True,True,False,False,True,True
-50 brightness,red-green,easyocr,2.7507243350000863,1,4,3,8,False,False,False,True,False,True,False,True,True,False,False,False
-50 brightness,red-green,easyocr,2.6201238660000854,2,4,4,8,False,True,False,True,False,True,True,True,False,False,False,True
-50 brightness,red-green,easyocr,2.910972435000076,2,4,4,8,False,True,False,True,False,True,False,True,True,False,False,True
-50 brightness,red-green,easyocr,2.4407442889996673,2,4,5,8,False,True,False,True,False,True,True,True,False,False,True,True
-50 brightness,red-green,easyocr,2.470729287999802,1,4,2,8,False,False,False,True,False,True,False,True,False,False,False,False
-50 brightness,red-green,easyocr,2.5174737869997443,1,4,5,8,False,False,False,True,True,True,True,True,True,False,False,False
-50 brightness,red-green,easyocr,2.3870826969996415,2,4,6,8,False,True,False,True,True,True,True,True,True,False,False,True
-50 brightness,red-green,easyocr,2.4595829740001136,2,4,5,8,False,True,False,True,True,True,True,True,False,False,False,True
-50 brightness,red-green,easyocr,2.4645892920002552,2,4,5,8,False,True,False,True,False,True,True,True,True,False,False,True
-50 brightness,green-blue,tesseract,0.5756524919997901,3,4,5,8,True,True,True,False,False,False,True,True,True,True,False,True
-50 brightness,green-blue,tesseract,0.7249049219999506,2,4,4,8,False,True,False,True,True,True,True,False,False,False,False,True
-50 brightness,green-blue,tesseract,0.46284278399980394,4,4,8,8,True,True,True,True,True,True,True,True,True,True,True,True
-50 brightness,green-blue,tesseract,0.5315135480000208,2,4,6,8,False,True,False,True,False,True,True,True,True,False,True,True
-50 brightness,green-blue,tesseract,0.5315087640001366,1,4,5,8,True,False,False,False,False,False,True,True,True,True,True,False
-50 brightness,green-blue,tesseract,0.5387744979998388,3,4,5,8,True,True,False,True,False,True,True,True,True,False,False,True
-50 brightness,green-blue,tesseract,0.5154543949997787,1,4,3,8,False,False,False,True,False,True,False,True,True,False,False,False
-50 brightness,green-blue,tesseract,0.5438778040002035,1,4,5,8,False,False,False,True,False,True,True,True,False,False,True,True
-50 brightness,green-blue,tesseract,0.5575190049999037,2,4,5,8,False,True,False,True,False,True,True,True,True,False,False,True
-50 brightness,green-blue,tesseract,0.52863365300027,2,4,3,8,True,True,False,False,False,False,False,False,True,True,False,True
-50 brightness,green-blue,tesseract,0.5179392049999478,4,4,6,8,True,True,True,True,False,True,True,True,True,True,False,True
-50 brightness,green-blue,tesseract,0.40437427300003037,0,4,2,8,False,False,False,False,True,False,True,False,False,False,False,False
-50 brightness,green-blue,tesseract,0.5210278259996812,0,4,1,8,False,False,False,False,False,False,False,False,True,False,False,False
-50 brightness,green-blue,tesseract,0.5828041680001661,2,4,5,8,False,True,False,True,False,True,True,True,True,False,False,True
-50 brightness,green-blue,tesseract,0.7133356260001165,2,4,8,8,False,True,False,True,True,True,True,True,True,True,True,True
-50 brightness,green-blue,tesseract,0.41915012400022533,0,4,1,8,False,False,False,False,False,False,True,False,False,False,False,False
-50 brightness,green-blue,tesseract,0.6073023899998589,2,4,4,8,False,True,False,True,False,True,False,True,False,True,False,True
-50 brightness,green-blue,tesseract,0.4423760829999992,2,4,4,8,False,True,False,True,False,True,True,True,False,False,False,True
-50 brightness,green-blue,tesseract,0.47575786700008393,0,4,3,8,False,False,False,False,False,False,True,True,False,True,False,False
-50 brightness,green-blue,tesseract,0.4517250570002034,1,4,4,8,False,True,False,False,False,False,True,False,True,True,False,True
-50 brightness,green-blue,easyocr,2.3322395360000883,2,4,6,8,True,False,False,True,True,True,True,True,True,True,False,False
-50 brightness,green-blue,easyocr,2.343012302999796,2,4,5,8,False,True,False,True,True,True,True,True,False,False,False,True
-50 brightness,green-blue,easyocr,2.223994776999916,4,4,8,8,True,True,True,True,True,True,True,True,True,True,True,True
-50 brightness,green-blue,easyocr,2.4424060370001826,4,4,6,8,True,True,True,True,True,True,False,True,True,True,False,True
-50 brightness,green-blue,easyocr,2.281145262999871,1,4,6,8,False,False,False,True,False,True,True,True,True,True,True,False
-50 brightness,green-blue,easyocr,2.385723798000072,3,4,5,8,True,True,False,True,False,True,True,False,True,True,False,True
-50 brightness,green-blue,easyocr,2.3701560989998143,1,4,2,8,False,False,False,True,False,True,False,False,True,False,False,False
-50 brightness,green-blue,easyocr,2.8137658069999816,2,4,6,8,False,True,False,True,True,True,True,True,True,False,False,True
-50 brightness,green-blue,easyocr,2.592965789000118,2,4,5,8,False,True,False,True,True,True,True,True,False,False,False,True
-50 brightness,green-blue,easyocr,2.41701127000033,1,4,1,8,False,True,False,False,False,False,False,False,False,True,False,False
-50 brightness,green-blue,easyocr,2.3557008689999748,2,4,6,8,False,True,False,True,True,True,True,True,False,False,True,True
-50 brightness,green-blue,easyocr,2.244521260000056,2,4,5,8,True,False,False,True,False,True,True,True,True,True,False,False
-50 brightness,green-blue,easyocr,2.4866410789995825,1,4,2,8,False,True,False,False,False,False,False,True,False,False,False,True
-50 brightness,green-blue,easyocr,2.911623067000164,4,4,5,8,True,True,True,True,False,True,False,True,True,True,False,True
-50 brightness,green-blue,easyocr,2.385358211000039,4,4,7,8,True,True,True,True,False,True,True,True,True,True,True,True
-50 brightness,green-blue,easyocr,2.584459141000025,1,4,2,8,False,False,False,True,False,True,False,False,False,True,False,False
-50 brightness,green-blue,easyocr,2.5023988109996935,1,4,5,8,False,False,False,True,True,True,True,True,False,True,False,False
-50 brightness,green-blue,easyocr,2.420265210999787,2,4,5,8,False,True,False,True,True,True,True,True,False,False,False,True
-50 brightness,green-blue,easyocr,2.468987847000335,2,4,5,8,False,True,False,True,True,True,True,True,False,False,False,True
-50 brightness,green-blue,easyocr,2.4593037629997525,4,4,5,8,True,True,True,True,False,True,False,True,True,True,False,True
-50 brightness,red-blue,tesseract,0.6101867509996737,2,4,5,8,True,False,False,True,False,True,True,True,True,True,False,False
-50 brightness,red-blue,tesseract,0.7074626549997447,2,4,6,8,False,True,False,True,True,True,True,False,True,True,False,True
-50 brightness,red-blue,tesseract,0.483843412999704,2,4,6,8,False,True,False,True,True,True,True,True,False,False,True,True
-50 brightness,red-blue,tesseract,0.6584766729997682,2,4,5,8,False,True,False,True,False,True,True,True,True,False,False,True
-50 brightness,red-blue,tesseract,0.6384230520002347,0,4,6,8,False,False,False,False,False,False,True,True,True,True,True,True
-50 brightness,red-blue,tesseract,0.5610237570003846,3,4,5,8,True,True,False,True,False,True,True,True,True,False,False,True
-50 brightness,red-blue,tesseract,0.6006002640001498,1,4,2,8,False,False,False,True,False,True,False,False,True,False,False,False
-50 brightness,red-blue,tesseract,0.5633035480000217,2,4,4,8,False,True,False,True,False,True,True,True,False,True,False,False
-50 brightness,red-blue,tesseract,0.5158925529999578,2,4,4,8,False,True,False,True,False,True,True,True,False,False,False,True
-50 brightness,red-blue,tesseract,0.5452961159999177,0,4,0,8,False,False,False,False,False,False,False,False,False,False,False,False
-50 brightness,red-blue,tesseract,0.5131231729997126,4,4,6,8,True,True,True,True,False,True,True,True,True,True,False,True
-50 brightness,red-blue,tesseract,0.4029171319998568,0,4,1,8,False,False,False,False,False,False,True,False,False,False,False,False
-50 brightness,red-blue,tesseract,0.5176355839998905,0,4,0,8,False,False,False,False,False,False,False,False,False,False,False,False
-50 brightness,red-blue,tesseract,0.7426388099997894,2,4,5,8,False,True,False,True,False,True,True,True,True,False,False,True
-50 brightness,red-blue,tesseract,0.8191394049999872,2,4,8,8,False,True,False,True,True,True,True,True,True,True,True,True
-50 brightness,red-blue,tesseract,0.45425980199979676,0,4,2,8,False,False,False,False,False,False,True,False,False,True,False,False
-50 brightness,red-blue,tesseract,0.6257501230002163,2,4,4,8,False,True,False,True,False,True,False,True,False,True,False,True
-50 brightness,red-blue,tesseract,0.5360203779996482,2,4,6,8,False,True,False,True,False,True,True,True,True,False,True,True
-50 brightness,red-blue,tesseract,0.4414460490002057,0,4,2,8,False,False,False,False,False,False,True,True,False,False,False,False
-50 brightness,red-blue,tesseract,0.46303303799959394,2,4,5,8,False,True,False,True,False,True,True,False,True,True,False,True
-50 brightness,red-blue,easyocr,2.3971814370001994,2,4,5,8,False,True,False,True,True,True,True,True,False,False,False,True
-50 brightness,red-blue,easyocr,2.3372827370003506,2,4,5,8,False,True,False,True,True,True,True,True,False,False,False,True
-50 brightness,red-blue,easyocr,2.3323832569999468,2,4,6,8,False,True,False,True,True,True,True,True,False,False,True,True
-50 brightness,red-blue,easyocr,2.531449323999823,2,4,5,8,False,True,False,True,True,True,False,True,True,False,False,True
-50 brightness,red-blue,easyocr,2.693771149999975,1,4,5,8,False,False,False,True,False,True,True,True,True,False,True,False
-50 brightness,red-blue,easyocr,2.437050996999915,1,4,4,8,False,False,False,True,False,True,True,True,False,False,False,True
-50 brightness,red-blue,easyocr,2.411328825000055,1,4,1,8,False,False,False,True,False,True,False,False,False,False,False,False
-50 brightness,red-blue,easyocr,2.827670345000115,2,4,7,8,False,True,False,True,True,True,True,True,True,True,False,True
-50 brightness,red-blue,easyocr,2.594846413000141,2,4,5,8,False,True,False,True,True,True,True,True,False,False,False,True
-50 brightness,red-blue,easyocr,2.6751658870002757,2,4,2,8,False,True,False,True,False,True,False,False,False,True,False,False
-50 brightness,red-blue,easyocr,2.6179369790002056,2,4,6,8,False,True,False,True,True,True,True,True,False,False,True,True
-50 brightness,red-blue,easyocr,2.5875710209998033,1,4,3,8,False,False,False,True,False,True,False,True,True,False,False,False
-50 brightness,red-blue,easyocr,2.6307534880002095,2,4,3,8,False,True,False,True,False,True,False,True,False,False,False,True
-50 brightness,red-blue,easyocr,2.893857398000364,4,4,5,8,True,True,True,True,False,True,False,True,True,True,False,True
-50 brightness,red-blue,easyocr,2.4804368109998904,2,4,5,8,False,True,False,True,False,True,True,True,False,False,True,True
-50 brightness,red-blue,easyocr,2.536934452999958,1,4,3,8,False,False,False,True,False,True,True,False,False,True,False,False
-50 brightness,red-blue,easyocr,2.526814440999715,1,4,4,8,False,False,False,True,True,True,True,True,False,False,False,False
-50 brightness,red-blue,easyocr,2.35292900200011,2,4,6,8,False,True,False,True,True,True,True,True,True,False,False,True
-50 brightness,red-blue,easyocr,2.423808180999913,2,4,5,8,False,True,False,True,False,True,False,True,True,True,False,True
-50 brightness,red-blue,easyocr,2.4890392610000163,2,4,4,8,False,True,False,True,False,True,False,True,True,False,False,True
-50 brightness,grayscale,tesseract,0.5405527360003362,1,4,3,8,False,True,False,False,False,False,True,True,False,False,False,True
-50 brightness,grayscale,tesseract,0.7870553600000676,2,4,6,8,False,True,False,True,True,True,True,True,True,False,False,True
-50 brightness,grayscale,tesseract,0.48070447800000693,2,4,5,8,False,True,False,True,False,True,True,True,False,False,True,True
-50 brightness,grayscale,tesseract,0.64024709000023,2,4,6,8,False,True,False,True,False,True,True,True,True,False,True,True
-50 brightness,grayscale,tesseract,0.5571490749998702,0,4,6,8,False,False,False,False,False,False,True,True,True,True,True,True
-50 brightness,grayscale,tesseract,0.5340214120001292,1,4,3,8,False,True,False,False,False,False,True,True,False,False,False,True
-50 brightness,grayscale,tesseract,0.6605538030003117,1,4,3,8,False,False,False,True,False,True,False,True,False,True,False,False
-50 brightness,grayscale,tesseract,0.6625920569999835,1,4,6,8,False,False,False,True,False,True,True,True,False,True,True,True
-50 brightness,grayscale,tesseract,0.7910529289997612,4,4,6,8,True,True,True,True,False,True,True,True,True,True,False,True
-50 brightness,grayscale,tesseract,0.534906564999801,0,4,1,8,False,False,False,False,False,False,False,False,True,False,False,False
-50 brightness,grayscale,tesseract,0.5553401360002681,4,4,6,8,True,True,True,True,False,True,True,True,True,True,False,True
-50 brightness,grayscale,tesseract,0.45695281300004353,1,4,4,8,True,False,False,False,True,False,True,False,True,True,False,False
-50 brightness,grayscale,tesseract,0.5357153640002252,0,4,0,8,False,False,False,False,False,False,False,False,False,False,False,False
-50 brightness,grayscale,tesseract,0.6929862259999027,2,4,5,8,False,True,False,True,False,True,True,True,True,False,False,True
-50 brightness,grayscale,tesseract,0.811832222999783,2,4,7,8,False,True,False,True,True,True,True,True,True,True,False,True
-50 brightness,grayscale,tesseract,0.4215522750000673,0,4,1,8,False,False,False,False,False,False,True,False,False,False,False,False
-50 brightness,grayscale,tesseract,0.6367074469999352,2,4,3,8,False,True,False,True,False,True,False,True,False,False,False,True
-50 brightness,grayscale,tesseract,0.5468886209996526,4,4,7,8,True,True,True,True,False,True,True,True,True,True,True,True
-50 brightness,grayscale,tesseract,0.48686249399997905,0,4,1,8,False,False,False,False,False,False,True,False,False,False,False,False
-50 brightness,grayscale,tesseract,0.6253298970000287,2,4,6,8,False,True,False,True,True,True,True,False,True,True,False,True
-50 brightness,grayscale,easyocr,2.3749004530000093,2,4,5,8,False,True,False,True,True,True,True,True,False,False,False,True
-50 brightness,grayscale,easyocr,2.2226279050000812,2,4,5,8,False,True,False,True,True,True,True,True,False,False,False,True
-50 brightness,grayscale,easyocr,2.30646588899981,2,4,6,8,False,True,False,True,True,True,True,True,False,False,True,True
-50 brightness,grayscale,easyocr,2.4997483699999066,2,4,6,8,False,True,False,True,True,True,True,True,False,True,False,True
-50 brightness,grayscale,easyocr,2.506723245000103,1,4,4,8,False,False,False,True,False,True,True,True,False,False,True,False
-50 brightness,grayscale,easyocr,2.553618674000063,2,4,4,8,False,True,False,True,False,True,True,True,False,False,False,True
-50 brightness,grayscale,easyocr,2.401467042999684,1,4,2,8,False,False,False,True,False,True,False,True,False,False,False,False
-50 brightness,grayscale,easyocr,2.704617763999522,4,4,7,8,True,True,True,True,True,True,True,True,True,True,False,True
-50 brightness,grayscale,easyocr,2.537015791000158,2,4,6,8,False,True,False,True,True,True,True,True,True,False,False,True
-50 brightness,grayscale,easyocr,2.613437367000188,2,4,2,8,False,True,False,True,False,True,False,False,False,True,False,False
-50 brightness,grayscale,easyocr,2.57161531499969,2,4,7,8,False,True,False,True,True,True,True,True,True,False,True,True
-50 brightness,grayscale,easyocr,2.4524288539996633,2,4,5,8,True,False,False,True,False,True,True,True,True,True,False,False
-50 brightness,grayscale,easyocr,2.595653952000248,2,4,4,8,False,True,False,True,False,True,True,True,False,False,False,True
-50 brightness,grayscale,easyocr,2.7933335640000223,2,4,4,8,False,True,False,True,False,True,False,True,True,False,False,True
-50 brightness,grayscale,easyocr,2.4660172100002455,2,4,5,8,False,True,False,True,False,True,True,True,False,False,True,True
-50 brightness,grayscale,easyocr,2.5326830069998323,1,4,1,8,False,False,False,True,False,True,False,False,False,False,False,False
-50 brightness,grayscale,easyocr,2.459994924000057,1,4,4,8,False,False,False,True,True,True,True,True,False,False,False,False
-50 brightness,grayscale,easyocr,2.3168530490002013,2,4,6,8,False,True,False,True,True,True,True,True,True,False,False,True
-50 brightness,grayscale,easyocr,2.426706367999941,2,4,4,8,False,True,False,True,True,True,False,True,False,False,False,True
-50 brightness,grayscale,easyocr,2.4384758779997355,2,4,5,8,False,True,False,True,False,True,True,True,True,False,False,True
+50 brightness,none,tesseract,0.6915111669995895,4,4,6,8,True,True,True,True,False,True,True,True,True,True,False,True
+50 brightness,none,tesseract,0.4656062459998793,2,4,4,8,False,True,False,True,True,True,True,False,False,False,False,True
+50 brightness,none,tesseract,0.523655281000174,4,4,7,8,True,True,True,True,False,True,True,True,True,True,True,True
+50 brightness,none,tesseract,0.6720465010002954,2,4,5,8,False,True,False,True,False,True,False,False,True,True,True,True
+50 brightness,none,tesseract,0.8285251870001957,1,4,6,8,True,False,False,False,False,False,True,True,True,True,True,True
+50 brightness,none,tesseract,0.7463171019999209,1,4,2,8,False,False,False,True,False,True,True,False,False,False,False,False
+50 brightness,none,tesseract,0.5523293050000575,1,4,3,8,False,False,False,True,False,True,False,True,True,False,False,False
+50 brightness,none,tesseract,0.5832204469998032,1,4,6,8,False,False,False,True,False,True,True,False,True,True,True,True
+50 brightness,none,tesseract,0.5188126339999144,4,4,7,8,True,True,True,True,False,True,True,True,True,True,True,True
+50 brightness,none,tesseract,0.6500376479998522,1,4,2,8,True,False,False,False,False,False,True,False,True,False,False,False
+50 brightness,none,tesseract,0.5359967539998252,4,4,6,8,True,True,True,True,False,True,True,True,True,True,False,True
+50 brightness,none,tesseract,0.4690200539998841,2,4,2,8,True,True,False,False,False,False,False,False,True,True,False,False
+50 brightness,none,tesseract,0.6820253109999612,2,4,5,8,True,False,False,True,False,True,True,True,True,True,False,False
+50 brightness,none,tesseract,0.7061775180000041,4,4,6,8,True,True,True,True,False,True,True,True,True,True,False,True
+50 brightness,none,tesseract,0.7854444569993575,2,4,7,8,False,True,False,True,True,True,True,True,True,True,False,True
+50 brightness,none,tesseract,0.6177793820006627,0,4,1,8,False,False,False,False,False,False,True,False,False,False,False,False
+50 brightness,none,tesseract,0.7194221079998897,1,4,4,8,False,True,False,False,True,False,True,True,False,False,False,True
+50 brightness,none,tesseract,0.644420405999881,2,4,4,8,False,True,False,True,False,True,True,True,False,False,False,True
+50 brightness,none,tesseract,0.5661439269997572,0,4,2,8,False,False,False,False,False,False,False,True,False,True,False,False
+50 brightness,none,tesseract,0.5920666609999898,2,4,4,8,False,True,False,True,False,True,True,False,False,True,False,True
+50 brightness,none,easyocr,2.395819644999392,2,4,6,8,True,False,False,True,True,True,True,True,True,True,False,False
+50 brightness,none,easyocr,2.3023289289994864,2,4,5,8,False,True,False,True,True,True,True,True,False,False,False,True
+50 brightness,none,easyocr,2.3150316800001747,4,4,8,8,True,True,True,True,True,True,True,True,True,True,True,True
+50 brightness,none,easyocr,2.4908262490007473,4,4,7,8,True,True,True,True,True,True,True,True,True,True,False,True
+50 brightness,none,easyocr,2.600083844999972,1,4,7,8,False,False,False,True,True,True,True,True,True,True,True,False
+50 brightness,none,easyocr,2.458044781999888,4,4,6,8,True,True,True,True,False,True,True,True,True,True,False,True
+50 brightness,none,easyocr,2.5096850249992713,2,4,5,8,True,False,False,True,True,True,False,True,True,True,False,False
+50 brightness,none,easyocr,2.984854604999782,1,4,6,8,False,False,False,True,True,True,True,True,True,True,False,False
+50 brightness,none,easyocr,2.6070507169997654,2,4,5,8,False,True,False,True,True,True,True,True,False,False,False,True
+50 brightness,none,easyocr,2.5263426809997327,2,4,4,8,False,True,False,True,False,True,True,False,False,True,False,True
+50 brightness,none,easyocr,2.5258069809997323,4,4,7,8,True,True,True,True,True,True,True,True,True,True,False,True
+50 brightness,none,easyocr,2.2675133220000134,2,4,5,8,True,False,False,True,False,True,True,True,True,True,False,False
+50 brightness,none,easyocr,2.5619926760000453,2,4,4,8,False,True,False,True,False,True,False,True,True,True,False,False
+50 brightness,none,easyocr,2.976251922999836,4,4,6,8,True,True,True,True,True,True,False,True,True,True,False,True
+50 brightness,none,easyocr,2.4197139210000387,4,4,6,8,True,True,True,True,False,True,True,True,True,True,False,True
+50 brightness,none,easyocr,2.5580356580003354,1,4,2,8,False,False,False,True,False,True,False,False,False,True,False,False
+50 brightness,none,easyocr,2.49153925399969,1,4,4,8,False,False,False,True,False,True,True,True,False,True,False,False
+50 brightness,none,easyocr,2.3882731919993603,2,4,4,8,False,True,False,True,True,True,False,True,False,False,False,True
+50 brightness,none,easyocr,2.475090492000163,2,4,4,8,False,True,False,True,False,True,False,True,True,True,False,False
+50 brightness,none,easyocr,2.420320709000407,2,4,3,8,False,True,False,True,False,True,False,True,False,False,False,True
+50 brightness,blue,tesseract,0.5274960099995951,4,4,5,8,True,True,True,True,False,True,False,True,True,True,False,True
+50 brightness,blue,tesseract,0.7926432850008496,3,4,6,8,True,True,False,True,True,True,True,True,True,False,False,True
+50 brightness,blue,tesseract,0.8012455640000553,3,4,5,8,True,True,False,True,False,True,False,True,True,False,True,True
+50 brightness,blue,tesseract,0.5858107889998792,4,4,7,8,True,True,True,True,False,True,True,True,True,True,True,True
+50 brightness,blue,tesseract,0.5809446290004416,1,4,4,8,True,False,False,False,False,False,True,True,True,True,False,False
+50 brightness,blue,tesseract,0.5133844390002196,2,4,4,8,False,True,False,True,False,True,False,True,True,False,False,True
+50 brightness,blue,tesseract,0.4485090930002116,2,4,3,8,True,False,False,True,False,True,False,True,True,False,False,False
+50 brightness,blue,tesseract,0.6143935549998787,1,4,5,8,False,False,False,True,False,True,True,False,True,True,False,True
+50 brightness,blue,tesseract,0.49057337600061146,4,4,7,8,True,True,True,True,False,True,True,True,True,True,True,True
+50 brightness,blue,tesseract,0.5102886180002315,0,4,1,8,False,False,False,False,False,False,False,False,True,False,False,False
+50 brightness,blue,tesseract,0.47057695200055605,4,4,6,8,True,True,True,True,False,True,True,True,True,True,False,True
+50 brightness,blue,tesseract,0.6113783420005348,2,4,2,8,True,False,False,True,False,True,False,False,True,False,False,False
+50 brightness,blue,tesseract,0.5442981169999257,1,4,3,8,False,False,False,True,False,True,True,False,True,False,False,False
+50 brightness,blue,tesseract,0.5860438479994627,4,4,6,8,True,True,True,True,False,True,True,True,True,True,False,True
+50 brightness,blue,tesseract,0.6971217350001098,2,4,8,8,False,True,False,True,True,True,True,True,True,True,True,True
+50 brightness,blue,tesseract,0.4236715590004678,0,4,1,8,False,False,False,False,False,False,True,False,False,False,False,False
+50 brightness,blue,tesseract,0.6470255139993242,1,4,4,8,False,True,False,False,True,False,True,True,False,False,False,True
+50 brightness,blue,tesseract,0.5851390690004337,4,4,5,8,True,True,True,True,False,True,False,True,True,True,False,True
+50 brightness,blue,tesseract,0.4276164049997533,0,4,4,8,False,False,False,False,False,False,True,True,True,True,False,False
+50 brightness,blue,tesseract,0.4483620199998768,2,4,5,8,False,True,False,True,False,True,True,False,False,True,True,True
+50 brightness,blue,easyocr,2.334074717000476,0,4,4,8,False,False,False,False,True,False,True,True,False,True,False,False
+50 brightness,blue,easyocr,2.2427346129998114,4,4,7,8,True,True,True,True,True,True,True,True,True,True,False,True
+50 brightness,blue,easyocr,2.2344260350000695,4,4,8,8,True,True,True,True,True,True,True,True,True,True,True,True
+50 brightness,blue,easyocr,2.358516158999919,2,4,4,8,True,True,False,False,True,False,False,True,False,True,False,True
+50 brightness,blue,easyocr,2.362799434000408,1,4,6,8,False,False,False,True,False,True,True,True,True,True,True,False
+50 brightness,blue,easyocr,2.189151884000239,1,4,2,8,False,True,False,False,False,False,False,False,True,False,False,True
+50 brightness,blue,easyocr,2.3075562920002994,2,4,4,8,True,False,False,True,False,True,False,True,True,True,False,False
+50 brightness,blue,easyocr,2.2949085740001465,2,4,4,8,False,True,False,True,False,True,False,True,True,False,False,True
+50 brightness,blue,easyocr,2.3088525709999885,4,4,7,8,True,True,True,True,True,True,True,True,True,True,False,True
+50 brightness,blue,easyocr,2.3252125140006683,1,4,2,8,False,True,False,False,False,False,False,False,True,True,False,False
+50 brightness,blue,easyocr,2.2597399429996585,2,4,6,8,False,True,False,True,True,True,True,True,False,True,False,True
+50 brightness,blue,easyocr,2.287230327000543,2,4,3,8,True,False,False,True,False,True,False,True,True,False,False,False
+50 brightness,blue,easyocr,2.3506566129999555,4,4,4,8,True,True,True,True,False,True,False,True,True,True,False,False
+50 brightness,blue,easyocr,2.5093440539994845,2,4,3,8,False,True,False,True,False,True,True,False,False,False,False,True
+50 brightness,blue,easyocr,2.316011869999784,1,4,3,8,False,False,False,True,False,True,True,True,False,False,False,False
+50 brightness,blue,easyocr,2.418886117000511,0,4,2,8,False,False,False,False,False,False,True,False,False,True,False,False
+50 brightness,blue,easyocr,2.4106620140000814,1,4,4,8,False,False,False,True,False,True,True,True,True,False,False,False
+50 brightness,blue,easyocr,2.231723726000382,2,4,7,8,False,True,False,True,True,True,True,True,False,True,True,True
+50 brightness,blue,easyocr,2.2726099219999014,2,4,2,8,False,True,False,True,False,True,False,True,False,False,False,False
+50 brightness,blue,easyocr,2.35936000699985,3,4,4,8,True,True,False,True,False,True,False,True,False,True,False,True
+50 brightness,green,tesseract,0.42625792599937995,0,4,0,8,False,False,False,False,False,False,False,False,False,False,False,False
+50 brightness,green,tesseract,0.44906041600006574,2,4,4,8,False,True,False,True,True,True,True,False,False,False,False,True
+50 brightness,green,tesseract,0.4390142950005611,4,4,7,8,True,True,True,True,False,True,True,True,True,True,True,True
+50 brightness,green,tesseract,0.5871956080000018,4,4,7,8,True,True,True,True,False,True,True,True,True,True,True,True
+50 brightness,green,tesseract,0.6117126630006169,1,4,6,8,True,False,False,False,False,False,True,True,True,True,True,True
+50 brightness,green,tesseract,0.4381421729995054,2,4,4,8,False,True,False,True,False,True,True,True,True,False,False,False
+50 brightness,green,tesseract,0.5754403540004205,1,4,2,8,False,False,False,True,False,True,False,True,False,False,False,False
+50 brightness,green,tesseract,0.3871074460003001,1,4,1,8,False,False,False,True,False,True,False,False,False,False,False,False
+50 brightness,green,tesseract,0.7862686789994768,4,4,6,8,True,True,True,True,False,True,True,True,True,True,False,True
+50 brightness,green,tesseract,0.5451728870002626,1,4,2,8,True,False,False,False,False,False,False,False,True,True,False,False
+50 brightness,green,tesseract,0.47690073600006144,4,4,6,8,True,True,True,True,False,True,True,True,True,True,False,True
+50 brightness,green,tesseract,0.49405215400020097,2,4,4,8,True,False,False,True,True,True,False,False,True,True,False,False
+50 brightness,green,tesseract,0.5221112720000747,0,4,1,8,False,False,False,False,False,False,False,False,True,False,False,False
+50 brightness,green,tesseract,0.6507685999995374,4,4,6,8,True,True,True,True,False,True,True,True,True,True,False,True
+50 brightness,green,tesseract,0.6253513210003803,2,4,7,8,False,True,False,True,True,True,True,True,True,True,False,True
+50 brightness,green,tesseract,0.37849509100033174,0,4,1,8,False,False,False,False,False,False,True,False,False,False,False,False
+50 brightness,green,tesseract,0.7033505560002595,0,4,2,8,False,False,False,False,False,False,True,True,False,False,False,False
+50 brightness,green,tesseract,0.5270010140002341,4,4,7,8,True,True,True,True,False,True,True,True,True,True,True,True
+50 brightness,green,tesseract,0.48373699199964904,0,4,1,8,False,False,False,False,False,False,False,True,False,False,False,False
+50 brightness,green,tesseract,0.6659353940003712,4,4,6,8,True,True,True,True,False,True,True,True,True,True,False,True
+50 brightness,green,easyocr,2.2898612070002855,1,4,5,8,True,False,False,False,True,False,True,True,True,True,False,False
+50 brightness,green,easyocr,2.2670502560004024,2,4,5,8,False,True,False,True,True,True,True,True,False,False,False,True
+50 brightness,green,easyocr,2.2335363080001116,4,4,8,8,True,True,True,True,True,True,True,True,True,True,True,True
+50 brightness,green,easyocr,2.4173159920001126,3,4,4,8,True,True,False,True,False,True,False,True,False,True,False,True
+50 brightness,green,easyocr,2.3207642380002653,1,4,6,8,False,False,False,True,True,True,True,True,True,True,False,False
+50 brightness,green,easyocr,2.184525933999794,1,4,3,8,False,True,False,False,False,False,True,False,True,False,False,True
+50 brightness,green,easyocr,2.44219355200039,1,4,2,8,False,False,False,True,False,True,False,True,False,False,False,False
+50 brightness,green,easyocr,2.981219300999328,1,4,6,8,False,False,False,True,True,True,True,True,True,True,False,False
+50 brightness,green,easyocr,2.588291435999963,2,4,5,8,False,True,False,True,True,True,True,True,False,False,False,True
+50 brightness,green,easyocr,2.4821129679994556,2,4,3,8,False,True,False,True,False,True,True,False,False,True,False,False
+50 brightness,green,easyocr,2.206164168000214,4,4,7,8,True,True,True,True,True,True,True,True,True,True,False,True
+50 brightness,green,easyocr,2.326149534000251,1,4,4,8,False,False,False,True,False,True,False,True,True,True,False,False
+50 brightness,green,easyocr,2.31618853100008,2,4,6,8,False,True,False,True,False,True,True,True,True,True,False,True
+50 brightness,green,easyocr,2.7773009779994027,3,4,5,8,True,True,False,True,True,True,False,True,True,True,False,False
+50 brightness,green,easyocr,2.3486348879996513,4,4,6,8,True,True,True,True,False,True,False,True,True,True,True,True
+50 brightness,green,easyocr,2.5927138750002996,2,4,3,8,True,False,False,True,False,True,True,False,False,True,False,False
+50 brightness,green,easyocr,2.560811148000539,1,4,2,8,False,False,False,True,False,True,True,False,False,False,False,False
+50 brightness,green,easyocr,2.301016807000451,2,4,5,8,False,True,False,True,True,True,True,True,False,False,False,True
+50 brightness,green,easyocr,2.480602257999635,2,4,4,8,False,True,False,True,True,True,False,True,False,True,False,False
+50 brightness,green,easyocr,2.419532478000292,3,4,4,8,True,True,False,True,False,True,True,False,True,False,False,True
+50 brightness,red,tesseract,0.6281090789998416,4,4,6,8,True,True,True,True,False,True,True,True,True,True,False,True
+50 brightness,red,tesseract,0.8644968429998698,4,4,7,8,True,True,True,True,True,True,True,True,True,True,False,True
+50 brightness,red,tesseract,0.5906732819994431,1,4,5,8,False,False,False,True,False,True,True,True,False,False,True,True
+50 brightness,red,tesseract,0.6144474239999909,2,4,4,8,False,True,False,True,False,True,False,False,True,True,False,True
+50 brightness,red,tesseract,0.6496722579995549,1,4,5,8,True,False,False,False,False,False,True,True,True,True,True,False
+50 brightness,red,tesseract,0.6756225199997061,2,4,6,8,True,False,False,True,False,True,True,True,True,True,False,True
+50 brightness,red,tesseract,0.41617456399944786,2,4,4,8,True,False,False,True,False,True,False,True,True,True,False,False
+50 brightness,red,tesseract,0.5983564870002738,1,4,4,8,False,False,False,True,False,True,True,True,False,True,False,False
+50 brightness,red,tesseract,0.4727493130003495,2,4,5,8,False,True,False,True,False,True,True,True,False,False,True,True
+50 brightness,red,tesseract,0.5389720209996085,1,4,3,8,True,False,False,False,False,False,True,False,True,True,False,False
+50 brightness,red,tesseract,0.4263119260003805,4,4,6,8,True,True,True,True,False,True,True,True,True,True,False,True
+50 brightness,red,tesseract,0.44144935899930715,2,4,2,8,True,False,False,True,False,True,False,False,True,False,False,False
+50 brightness,red,tesseract,0.6136513980000018,1,4,3,8,False,False,False,True,False,True,True,False,True,False,False,False
+50 brightness,red,tesseract,0.6201718599995729,3,4,4,8,True,True,False,True,False,True,False,True,True,False,False,True
+50 brightness,red,tesseract,0.7141428390004876,2,4,5,8,False,True,False,True,True,True,True,True,False,False,False,True
+50 brightness,red,tesseract,0.5531707069994809,0,4,1,8,False,False,False,False,False,False,True,False,False,False,False,False
+50 brightness,red,tesseract,0.5819857540000157,1,4,3,8,False,True,False,False,False,False,True,True,False,False,False,True
+50 brightness,red,tesseract,0.49715133200061246,4,4,6,8,True,True,True,True,False,True,True,True,True,True,False,True
+50 brightness,red,tesseract,0.37843064999924536,0,4,3,8,False,False,False,False,False,False,True,True,True,False,False,False
+50 brightness,red,tesseract,0.5437269259991808,2,4,4,8,False,True,False,True,False,True,True,False,True,False,False,True
+50 brightness,red,easyocr,2.356039620000047,1,4,5,8,False,False,False,True,True,True,True,True,True,False,False,False
+50 brightness,red,easyocr,2.286103225000261,2,4,5,8,False,True,False,True,True,True,True,True,False,False,False,True
+50 brightness,red,easyocr,2.27874508900004,2,4,6,8,False,True,False,True,True,True,True,True,False,False,True,True
+50 brightness,red,easyocr,2.494926229000157,2,4,6,8,False,True,False,True,True,True,False,True,True,True,False,True
+50 brightness,red,easyocr,2.647320574999867,1,4,5,8,False,False,False,True,False,True,True,True,True,False,True,False
+50 brightness,red,easyocr,2.4468753010005457,2,4,3,8,False,True,False,True,False,True,False,True,False,False,False,True
+50 brightness,red,easyocr,2.3194487119999394,2,4,4,8,True,False,False,True,False,True,False,True,True,True,False,False
+50 brightness,red,easyocr,2.643379193000328,2,4,6,8,False,True,False,True,True,True,False,True,True,True,False,True
+50 brightness,red,easyocr,2.538139173999298,2,4,5,8,False,True,False,True,True,True,True,True,False,False,False,True
+50 brightness,red,easyocr,2.490051735999259,2,4,1,8,False,True,False,True,False,True,False,False,False,False,False,False
+50 brightness,red,easyocr,2.5248906299993905,2,4,5,8,False,True,False,True,True,True,True,True,False,False,False,True
+50 brightness,red,easyocr,2.261560634000489,2,4,4,8,True,False,False,True,False,True,False,True,True,True,False,False
+50 brightness,red,easyocr,2.491543790999458,2,4,4,8,False,True,False,True,False,True,True,True,False,False,False,True
+50 brightness,red,easyocr,2.841859197999838,4,4,7,8,True,True,True,True,True,True,True,True,True,True,False,True
+50 brightness,red,easyocr,2.3954413299998123,2,4,5,8,False,True,False,True,False,True,True,True,False,False,True,True
+50 brightness,red,easyocr,2.5101736280003024,1,4,2,8,False,False,False,True,False,True,False,False,False,True,False,False
+50 brightness,red,easyocr,2.4526691249993746,1,4,3,8,False,False,False,True,False,True,True,True,False,False,False,False
+50 brightness,red,easyocr,2.3076234110003497,2,4,5,8,False,True,False,True,True,True,False,True,True,False,False,True
+50 brightness,red,easyocr,2.4959945269993113,2,4,4,8,False,True,False,True,False,True,False,True,False,True,True,False
+50 brightness,red,easyocr,2.382450969999809,2,4,4,8,False,True,False,True,False,True,True,True,True,False,False,False
+50 brightness,red-green,tesseract,0.5177179080001224,1,4,3,8,False,True,False,False,False,False,True,True,False,False,False,True
+50 brightness,red-green,tesseract,0.8101204060003511,4,4,7,8,True,True,True,True,True,True,True,True,True,True,False,True
+50 brightness,red-green,tesseract,0.47597600599965517,4,4,7,8,True,True,True,True,False,True,True,True,True,True,True,True
+50 brightness,red-green,tesseract,0.5944970000000467,4,4,7,8,True,True,True,True,False,True,True,True,True,True,True,True
+50 brightness,red-green,tesseract,0.5305684529994323,0,4,4,8,False,False,False,False,False,False,True,False,True,True,True,False
+50 brightness,red-green,tesseract,0.4922915960005412,4,4,6,8,True,True,True,True,False,True,True,True,True,True,False,True
+50 brightness,red-green,tesseract,0.5713072079997801,1,4,2,8,False,False,False,True,False,True,False,True,False,False,False,False
+50 brightness,red-green,tesseract,0.5740253699996174,1,4,3,8,False,False,False,True,False,True,False,False,True,True,False,False
+50 brightness,red-green,tesseract,0.5432798140000159,4,4,7,8,True,True,True,True,False,True,True,True,True,True,True,True
+50 brightness,red-green,tesseract,0.5416291820001788,1,4,2,8,True,False,False,False,False,False,False,False,True,True,False,False
+50 brightness,red-green,tesseract,0.49856582499978686,4,4,6,8,True,True,True,True,False,True,True,True,True,True,False,True
+50 brightness,red-green,tesseract,0.44401070499952766,2,4,2,8,True,True,False,False,False,False,False,False,True,True,False,False
+50 brightness,red-green,tesseract,0.5093084199997975,1,4,3,8,False,False,False,True,False,True,True,False,False,True,False,False
+50 brightness,red-green,tesseract,0.6762282370000321,2,4,5,8,False,True,False,True,False,True,True,True,True,False,False,True
+50 brightness,red-green,tesseract,0.6812975479997476,2,4,6,8,False,True,False,True,False,True,True,True,True,True,False,True
+50 brightness,red-green,tesseract,0.4607396930005052,0,4,1,8,False,False,False,False,False,False,True,False,False,False,False,False
+50 brightness,red-green,tesseract,0.6266928549994191,1,4,3,8,False,True,False,False,False,False,False,True,False,True,False,True
+50 brightness,red-green,tesseract,0.5497357399999601,2,4,4,8,False,True,False,True,False,True,True,True,False,False,False,True
+50 brightness,red-green,tesseract,0.4320743690004747,0,4,2,8,False,False,False,False,False,False,True,True,False,False,False,False
+50 brightness,red-green,tesseract,0.5889504090000628,2,4,5,8,False,True,False,True,False,True,True,False,True,True,False,True
+50 brightness,red-green,easyocr,2.2927256209995903,1,4,4,8,False,False,False,True,True,True,True,True,False,False,False,False
+50 brightness,red-green,easyocr,2.297286023000197,2,4,5,8,False,True,False,True,True,True,True,True,False,False,False,True
+50 brightness,red-green,easyocr,2.2104767029995855,4,4,8,8,True,True,True,True,True,True,True,True,True,True,True,True
+50 brightness,red-green,easyocr,2.3896929140000793,2,4,4,8,False,True,False,True,False,True,True,False,False,True,False,True
+50 brightness,red-green,easyocr,2.479336570000669,1,4,4,8,False,False,False,True,True,True,True,True,False,False,False,False
+50 brightness,red-green,easyocr,2.391220452000198,4,4,6,8,True,True,True,True,False,True,True,True,True,True,False,True
+50 brightness,red-green,easyocr,2.355971545000102,1,4,3,8,False,False,False,True,False,True,False,True,True,False,False,False
+50 brightness,red-green,easyocr,2.756402433999938,2,4,7,8,False,True,False,True,True,True,True,True,True,True,False,True
+50 brightness,red-green,easyocr,2.5197315039995374,2,4,5,8,False,True,False,True,True,True,True,True,False,False,False,True
+50 brightness,red-green,easyocr,2.44378588499967,1,4,1,8,False,True,False,False,False,False,False,False,False,False,False,True
+50 brightness,red-green,easyocr,2.5077424740002243,2,4,5,8,False,True,False,True,True,True,True,True,False,False,False,True
+50 brightness,red-green,easyocr,2.280279083000096,2,4,4,8,True,False,False,True,False,True,False,True,True,True,False,False
+50 brightness,red-green,easyocr,2.3624336349994337,2,4,2,8,False,True,False,True,False,True,False,True,False,False,False,False
+50 brightness,red-green,easyocr,2.8355049609999696,4,4,6,8,True,True,True,True,True,True,False,True,True,True,False,True
+50 brightness,red-green,easyocr,2.354718247999699,2,4,5,8,False,True,False,True,False,True,True,True,False,False,True,True
+50 brightness,red-green,easyocr,2.477557574000457,1,4,1,8,False,False,False,True,False,True,False,False,False,False,False,False
+50 brightness,red-green,easyocr,2.494761077000476,1,4,3,8,False,False,False,True,False,True,True,True,False,False,False,False
+50 brightness,red-green,easyocr,2.3544097969997893,2,4,4,8,False,True,False,True,True,True,False,True,False,False,False,True
+50 brightness,red-green,easyocr,2.440656411999953,3,4,6,8,True,True,False,True,True,True,False,True,True,True,True,False
+50 brightness,red-green,easyocr,2.404535209999267,3,4,4,8,True,True,False,True,False,True,True,False,True,False,False,True
+50 brightness,green-blue,tesseract,0.609382204999747,0,4,1,8,False,False,False,False,False,False,False,False,False,True,False,False
+50 brightness,green-blue,tesseract,0.4326538369996342,2,4,6,8,False,True,False,True,True,True,True,False,True,True,False,True
+50 brightness,green-blue,tesseract,0.4587262449995251,4,4,7,8,True,True,True,True,False,True,True,True,True,True,True,True
+50 brightness,green-blue,tesseract,0.6250451180003438,4,4,7,8,True,True,True,True,False,True,True,True,True,True,True,True
+50 brightness,green-blue,tesseract,0.5261080329992183,0,4,5,8,False,False,False,False,False,False,True,True,True,True,True,False
+50 brightness,green-blue,tesseract,0.4867571669992685,3,4,4,8,True,True,False,True,False,True,True,True,True,False,False,False
+50 brightness,green-blue,tesseract,0.46362435999981244,2,4,3,8,True,False,False,True,False,True,False,True,True,False,False,False
+50 brightness,green-blue,tesseract,0.5180549260003318,1,4,4,8,False,False,False,True,False,True,False,True,True,True,False,False
+50 brightness,green-blue,tesseract,0.5286893330003295,2,4,4,8,False,True,False,True,False,True,True,True,False,False,False,True
+50 brightness,green-blue,tesseract,0.5446825449998869,1,4,2,8,True,False,False,False,False,False,False,False,True,True,False,False
+50 brightness,green-blue,tesseract,0.4959739500000069,4,4,6,8,True,True,True,True,False,True,True,True,True,True,False,True
+50 brightness,green-blue,tesseract,0.448293761000059,1,4,2,8,True,False,False,False,False,False,False,False,True,True,False,False
+50 brightness,green-blue,tesseract,0.5150878499998726,1,4,3,8,False,False,False,True,False,True,True,False,True,False,False,False
+50 brightness,green-blue,tesseract,0.6074239099998522,4,4,6,8,True,True,True,True,False,True,True,True,True,True,False,True
+50 brightness,green-blue,tesseract,0.6487616510003136,2,4,7,8,False,True,False,True,True,True,True,True,True,True,False,True
+50 brightness,green-blue,tesseract,0.4408586159997867,0,4,1,8,False,False,False,False,False,False,True,False,False,False,False,False
+50 brightness,green-blue,tesseract,0.6487443030000577,2,4,4,8,False,True,False,True,False,True,False,True,False,True,False,True
+50 brightness,green-blue,tesseract,0.4581769689993962,4,4,7,8,True,True,True,True,False,True,True,True,True,True,True,True
+50 brightness,green-blue,tesseract,0.4067878309997468,0,4,2,8,False,False,False,False,False,False,True,True,False,False,False,False
+50 brightness,green-blue,tesseract,0.4534916869997687,2,4,3,8,False,True,False,True,False,True,True,False,False,False,False,True
+50 brightness,green-blue,easyocr,2.2437402460000158,0,4,4,8,False,False,False,False,True,False,True,True,False,True,False,False
+50 brightness,green-blue,easyocr,2.2243242479999026,4,4,6,8,True,True,True,True,True,True,False,True,True,True,False,True
+50 brightness,green-blue,easyocr,2.2002248099997814,4,4,8,8,True,True,True,True,True,True,True,True,True,True,True,True
+50 brightness,green-blue,easyocr,2.368964410999979,3,4,5,8,True,True,False,True,True,True,False,True,False,True,False,True
+50 brightness,green-blue,easyocr,2.296902343000511,1,4,5,8,False,False,False,True,False,True,True,True,True,True,False,False
+50 brightness,green-blue,easyocr,2.198476411000229,1,4,2,8,False,True,False,False,False,False,False,False,True,False,False,True
+50 brightness,green-blue,easyocr,2.3383577770000556,2,4,4,8,True,False,False,True,False,True,False,True,True,True,False,False
+50 brightness,green-blue,easyocr,2.60874990100001,2,4,6,8,False,True,False,True,True,True,False,True,True,True,False,True
+50 brightness,green-blue,easyocr,2.5055450090003433,2,4,5,8,False,True,False,True,True,True,True,True,False,False,False,True
+50 brightness,green-blue,easyocr,2.346333873000731,1,4,2,8,False,True,False,False,False,False,False,True,False,True,False,False
+50 brightness,green-blue,easyocr,2.223629985000116,4,4,7,8,True,True,True,True,True,True,True,True,True,True,False,True
+50 brightness,green-blue,easyocr,2.2602045630001157,2,4,4,8,True,False,False,True,False,True,True,True,True,False,False,False
+50 brightness,green-blue,easyocr,2.2944517229998382,2,4,5,8,False,True,False,True,False,True,True,True,True,True,False,False
+50 brightness,green-blue,easyocr,2.651023415999589,3,4,2,8,True,True,False,True,False,True,False,False,True,False,False,False
+50 brightness,green-blue,easyocr,2.257372987999588,2,4,4,8,False,True,False,True,False,True,True,True,False,False,False,True
+50 brightness,green-blue,easyocr,2.4607408510000823,1,4,4,8,False,False,False,True,False,True,False,True,True,True,False,False
+50 brightness,green-blue,easyocr,2.496263689999978,1,4,4,8,False,False,False,True,False,True,True,True,False,True,False,False
+50 brightness,green-blue,easyocr,2.249886659999902,4,4,7,8,True,True,True,True,True,True,True,True,True,True,False,True
+50 brightness,green-blue,easyocr,2.4096190879999995,2,4,3,8,False,True,False,True,False,True,False,True,False,True,False,False
+50 brightness,green-blue,easyocr,2.3934867269999813,2,4,3,8,False,True,False,True,False,True,False,True,False,False,False,True
+50 brightness,red-blue,tesseract,0.5501894330000141,2,4,4,8,False,True,False,True,False,True,True,True,False,False,False,True
+50 brightness,red-blue,tesseract,0.7047409249998964,2,4,4,8,False,True,False,True,True,True,True,False,False,False,False,True
+50 brightness,red-blue,tesseract,0.4637713279998934,4,4,7,8,True,True,True,True,False,True,True,True,True,True,True,True
+50 brightness,red-blue,tesseract,0.6376247139996849,2,4,7,8,False,True,False,True,False,True,True,True,True,True,True,True
+50 brightness,red-blue,tesseract,0.6371771589992932,1,4,6,8,True,False,False,False,False,False,True,True,True,True,True,True
+50 brightness,red-blue,tesseract,0.5045402690002447,4,4,5,8,True,True,True,True,False,True,False,True,True,True,False,True
+50 brightness,red-blue,tesseract,0.5581431319997137,2,4,3,8,True,False,False,True,False,True,False,True,True,False,False,False
+50 brightness,red-blue,tesseract,0.5990862419994301,1,4,4,8,False,False,False,True,False,True,True,True,False,True,False,False
+50 brightness,red-blue,tesseract,0.4879382099998111,4,4,7,8,True,True,True,True,False,True,True,True,True,True,True,True
+50 brightness,red-blue,tesseract,0.49864800999966974,0,4,2,8,False,False,False,False,False,False,False,False,True,True,False,False
+50 brightness,red-blue,tesseract,0.5002561540004535,4,4,6,8,True,True,True,True,False,True,True,True,True,True,False,True
+50 brightness,red-blue,tesseract,0.4460413750002772,1,4,2,8,False,False,False,True,False,True,False,False,True,False,False,False
+50 brightness,red-blue,tesseract,0.5337244070005909,1,4,3,8,False,False,False,True,False,True,True,False,False,True,False,False
+50 brightness,red-blue,tesseract,0.6607113310001296,2,4,5,8,False,True,False,True,False,True,True,True,True,False,False,True
+50 brightness,red-blue,tesseract,0.6603907349999645,2,4,7,8,False,True,False,True,True,True,True,True,True,True,False,True
+50 brightness,red-blue,tesseract,0.4590097069994954,0,4,1,8,False,False,False,False,False,False,True,False,False,False,False,False
+50 brightness,red-blue,tesseract,0.6314327179998145,0,4,2,8,False,False,False,False,False,False,True,True,False,False,False,False
+50 brightness,red-blue,tesseract,0.48629099700065126,2,4,4,8,False,True,False,True,False,True,True,True,False,False,False,True
+50 brightness,red-blue,tesseract,0.4447298850000152,0,4,2,8,False,False,False,False,False,False,True,True,False,False,False,False
+50 brightness,red-blue,tesseract,0.5105604780001158,2,4,3,8,False,True,False,True,False,True,True,False,False,False,False,True
+50 brightness,red-blue,easyocr,2.3556788659998347,1,4,4,8,False,False,False,True,True,True,True,True,False,False,False,False
+50 brightness,red-blue,easyocr,2.2539554510003654,2,4,4,8,False,True,False,True,True,True,False,True,False,False,False,True
+50 brightness,red-blue,easyocr,2.178410399999848,4,4,8,8,True,True,True,True,True,True,True,True,True,True,True,True
+50 brightness,red-blue,easyocr,2.353554078000343,4,4,6,8,True,True,True,True,False,True,True,True,True,True,False,True
+50 brightness,red-blue,easyocr,2.504481250999561,1,4,3,8,False,False,False,True,False,True,True,True,False,False,False,False
+50 brightness,red-blue,easyocr,2.398629667000023,2,4,4,8,False,True,False,True,False,True,True,False,False,True,False,True
+50 brightness,red-blue,easyocr,2.335117337000156,2,4,5,8,True,False,False,True,False,True,True,True,True,True,False,False
+50 brightness,red-blue,easyocr,2.6358810960000483,2,4,5,8,False,True,False,True,False,True,False,True,True,True,False,True
+50 brightness,red-blue,easyocr,2.4537894850000157,4,4,7,8,True,True,True,True,True,True,True,True,True,True,False,True
+50 brightness,red-blue,easyocr,2.4693948049998653,1,4,2,8,False,True,False,False,False,False,False,True,False,True,False,False
+50 brightness,red-blue,easyocr,2.476854866999929,4,4,7,8,True,True,True,True,True,True,True,True,True,True,False,True
+50 brightness,red-blue,easyocr,2.28366091099997,2,4,4,8,True,False,False,True,False,True,False,True,True,True,False,False
+50 brightness,red-blue,easyocr,2.3939060289994814,2,4,2,8,False,True,False,True,False,True,False,True,False,False,False,False
+50 brightness,red-blue,easyocr,2.8808229630003552,2,4,4,8,False,True,False,True,True,True,False,True,True,False,False,False
+50 brightness,red-blue,easyocr,2.360283316999812,2,4,5,8,False,True,False,True,True,True,True,True,False,False,False,True
+50 brightness,red-blue,easyocr,2.501881963999949,1,4,3,8,False,False,False,True,False,True,True,False,False,True,False,False
+50 brightness,red-blue,easyocr,2.561632326000108,1,4,3,8,False,False,False,True,False,True,True,True,False,False,False,False
+50 brightness,red-blue,easyocr,2.33834441900035,2,4,5,8,False,True,False,True,True,True,False,True,False,True,False,True
+50 brightness,red-blue,easyocr,2.4469847640002627,2,4,5,8,False,True,False,True,False,True,False,True,False,True,True,True
+50 brightness,red-blue,easyocr,2.402089643999716,2,4,4,8,False,True,False,True,False,True,True,True,False,False,False,True
+50 brightness,grayscale,tesseract,0.522123929999907,4,4,5,8,True,True,True,True,False,True,False,True,True,True,False,True
+50 brightness,grayscale,tesseract,0.7538921769992157,2,4,6,8,False,True,False,True,True,True,True,False,True,True,False,True
+50 brightness,grayscale,tesseract,0.5011613890001172,4,4,7,8,True,True,True,True,False,True,True,True,True,True,True,True
+50 brightness,grayscale,tesseract,0.5718169349993332,4,4,7,8,True,True,True,True,False,True,True,True,True,True,True,True
+50 brightness,grayscale,tesseract,0.5937085690002277,0,4,4,8,False,False,False,False,False,False,True,False,True,False,True,True
+50 brightness,grayscale,tesseract,0.43217523399925994,2,4,5,8,False,True,False,True,False,True,True,True,True,False,False,True
+50 brightness,grayscale,tesseract,0.589091969999572,1,4,2,8,False,False,False,True,False,True,False,True,False,False,False,False
+50 brightness,grayscale,tesseract,0.5590478889998849,1,4,3,8,False,False,False,True,False,True,False,False,False,True,True,False
+50 brightness,grayscale,tesseract,0.7447406930004945,4,4,6,8,True,True,True,True,False,True,True,True,True,True,False,True
+50 brightness,grayscale,tesseract,0.5824354030000904,0,4,1,8,False,False,False,False,False,False,True,False,False,False,False,False
+50 brightness,grayscale,tesseract,0.4971018090000143,4,4,6,8,True,True,True,True,False,True,True,True,True,True,False,True
+50 brightness,grayscale,tesseract,0.4547423180001715,2,4,2,8,True,True,False,False,False,False,False,False,True,True,False,False
+50 brightness,grayscale,tesseract,0.5082541519996084,0,4,1,8,False,False,False,False,False,False,False,False,True,False,False,False
+50 brightness,grayscale,tesseract,0.6285517439991963,2,4,5,8,False,True,False,True,False,True,True,True,True,False,False,True
+50 brightness,grayscale,tesseract,0.6714038350000919,2,4,7,8,False,True,False,True,True,True,True,True,True,True,False,True
+50 brightness,grayscale,tesseract,0.4685151350004162,0,4,1,8,False,False,False,False,False,False,True,False,False,False,False,False
+50 brightness,grayscale,tesseract,0.6254921310001009,2,4,4,8,False,True,False,True,False,True,False,True,False,True,False,True
+50 brightness,grayscale,tesseract,0.5417409129995576,2,4,5,8,False,True,False,True,False,True,True,True,False,False,True,True
+50 brightness,grayscale,tesseract,0.4372310729995661,0,4,2,8,False,False,False,False,False,False,True,True,False,False,False,False
+50 brightness,grayscale,tesseract,0.5202484830006142,2,4,5,8,False,True,False,True,False,True,True,True,False,True,False,True
+50 brightness,grayscale,easyocr,2.3958491039993532,2,4,6,8,True,False,False,True,True,True,True,True,True,True,False,False
+50 brightness,grayscale,easyocr,2.3232554870000968,2,4,5,8,False,True,False,True,True,True,True,True,False,False,False,True
+50 brightness,grayscale,easyocr,2.208380641999611,4,4,8,8,True,True,True,True,True,True,True,True,True,True,True,True
+50 brightness,grayscale,easyocr,2.450758445000247,2,4,3,8,False,True,False,True,False,True,True,False,False,False,False,True
+50 brightness,grayscale,easyocr,2.412157649000619,1,4,4,8,False,False,False,True,True,True,True,True,False,False,False,False
+50 brightness,grayscale,easyocr,2.4417215710000164,2,4,4,8,False,True,False,True,False,True,False,True,True,False,False,True
+50 brightness,grayscale,easyocr,2.4432093430004898,2,4,3,8,True,False,False,True,False,True,False,True,True,False,False,False
+50 brightness,grayscale,easyocr,2.858305802999894,2,4,7,8,False,True,False,True,True,True,True,True,True,True,False,True
+50 brightness,grayscale,easyocr,2.5787546300007307,2,4,5,8,False,True,False,True,True,True,True,True,False,False,False,True
+50 brightness,grayscale,easyocr,2.543310692999512,1,4,1,8,False,True,False,False,False,False,False,False,False,True,False,False
+50 brightness,grayscale,easyocr,2.533843297000203,4,4,7,8,True,True,True,True,True,True,True,True,True,True,False,True
+50 brightness,grayscale,easyocr,2.3244630290000714,2,4,4,8,True,False,False,True,False,True,False,True,True,True,False,False
+50 brightness,grayscale,easyocr,2.375144160999298,4,4,5,8,True,True,True,True,False,True,True,True,True,True,False,False
+50 brightness,grayscale,easyocr,2.922688592000668,3,4,5,8,True,True,False,True,True,True,False,True,True,True,False,False
+50 brightness,grayscale,easyocr,2.4127601099999083,4,4,7,8,True,True,True,True,False,True,True,True,True,True,True,True
+50 brightness,grayscale,easyocr,2.509509909999906,2,4,3,8,True,False,False,True,False,True,True,False,False,True,False,False
+50 brightness,grayscale,easyocr,2.5405366600007255,1,4,4,8,False,False,False,True,False,True,True,True,True,False,False,False
+50 brightness,grayscale,easyocr,2.415182558000197,2,4,6,8,False,True,False,True,True,True,True,True,False,True,False,True
+50 brightness,grayscale,easyocr,2.479288950999944,3,4,6,8,True,True,False,True,True,True,True,True,True,True,False,False
+50 brightness,grayscale,easyocr,2.5106462760004433,3,4,3,8,True,True,False,True,False,True,True,False,True,False,False,False
+100 brightness,none,tesseract,0.6668951810006547,4,4,5,8,True,True,True,True,False,True,False,True,True,True,False,True
+100 brightness,none,tesseract,0.4802135379995889,3,4,4,8,True,True,False,True,False,True,True,False,True,False,False,True
+100 brightness,none,tesseract,0.6020882729999357,4,4,5,8,True,True,True,True,False,True,False,True,True,True,False,True
+100 brightness,none,tesseract,0.7647657939996861,3,4,5,8,True,True,True,False,False,False,True,True,True,True,False,True
+100 brightness,none,tesseract,0.5918534720003663,1,4,4,8,False,False,False,True,False,True,False,True,False,True,True,False
+100 brightness,none,tesseract,0.6123954089998733,2,4,2,8,False,True,False,True,False,True,False,False,False,False,False,True
+100 brightness,none,tesseract,0.5435381389997929,2,4,3,8,True,False,False,True,False,True,False,True,True,False,False,False
+100 brightness,none,tesseract,0.6692273079997904,0,4,1,8,False,False,False,False,False,False,True,False,False,False,False,False
+100 brightness,none,tesseract,0.5244732350001868,4,4,7,8,True,True,True,True,False,True,True,True,True,True,True,True
+100 brightness,none,tesseract,0.6243699189999461,0,4,1,8,False,False,False,False,False,False,False,False,False,True,False,False
+100 brightness,none,tesseract,0.47750815299968963,1,4,3,8,False,False,False,True,False,True,False,True,False,True,False,False
+100 brightness,none,tesseract,0.7040677970007891,1,4,0,8,False,False,False,True,False,False,False,False,False,False,False,False
+100 brightness,none,tesseract,0.5572676359997786,1,4,3,8,False,False,False,True,False,True,True,False,True,False,False,False
+100 brightness,none,tesseract,0.6948439119996692,4,4,5,8,True,True,True,True,False,True,False,True,True,True,False,True
+100 brightness,none,tesseract,0.6817426779998641,4,4,6,8,True,True,True,True,False,True,True,True,True,True,False,True
+100 brightness,none,tesseract,0.4377158020006391,0,4,2,8,False,False,False,False,False,False,False,True,False,True,False,False
+100 brightness,none,tesseract,0.6099524319997727,0,4,1,8,False,False,False,False,False,False,False,False,False,True,False,False
+100 brightness,none,tesseract,0.5279776710003716,4,4,5,8,True,True,True,True,False,True,False,True,True,True,False,True
+100 brightness,none,tesseract,0.49678522199974395,0,4,3,8,False,False,False,False,False,False,True,True,True,False,False,False
+100 brightness,none,tesseract,0.4720667309993587,3,4,4,8,True,True,False,True,False,True,False,True,False,True,False,True
+100 brightness,none,easyocr,2.35343824300071,0,4,2,8,False,False,False,False,False,False,False,True,False,True,False,False
+100 brightness,none,easyocr,2.2480028489999313,4,4,6,8,True,True,True,True,True,True,False,True,True,True,False,True
+100 brightness,none,easyocr,2.2612173470006383,1,4,2,8,False,True,False,False,False,False,False,True,False,True,False,False
+100 brightness,none,easyocr,2.458094913000423,1,4,0,8,False,True,False,False,False,False,False,False,False,False,False,False
+100 brightness,none,easyocr,2.562038711999776,1,4,3,8,False,False,False,True,False,True,True,True,False,False,False,False
+100 brightness,none,easyocr,2.174000568000338,0,4,1,8,False,False,False,False,False,False,False,False,True,False,False,False
+100 brightness,none,easyocr,2.2839622210003654,1,4,3,8,False,False,False,True,False,True,False,True,True,False,False,False
+100 brightness,none,easyocr,2.4974835800003348,1,4,2,8,False,False,False,True,False,True,False,False,False,True,False,False
+100 brightness,none,easyocr,2.460452792000069,2,4,5,8,False,True,False,True,True,True,False,True,False,True,False,True
+100 brightness,none,easyocr,2.2997638259994346,0,4,0,8,False,False,False,False,False,False,False,False,False,False,False,False
+100 brightness,none,easyocr,2.1993231819997163,2,4,3,8,False,True,False,True,False,True,False,True,False,False,False,True
+100 brightness,none,easyocr,2.39420367799994,1,4,1,8,False,False,False,True,False,True,False,False,False,False,False,False
+100 brightness,none,easyocr,2.3165692780003155,2,4,5,8,False,True,False,True,False,True,True,True,True,True,False,False
+100 brightness,none,easyocr,2.463043225000547,0,4,1,8,False,False,False,False,False,False,False,False,True,False,False,False
+100 brightness,none,easyocr,2.323668138999892,2,4,3,8,False,True,False,True,False,True,False,True,False,False,False,True
+100 brightness,none,easyocr,2.38082748800025,0,4,1,8,False,False,False,False,False,False,False,False,False,True,False,False
+100 brightness,none,easyocr,2.4277267480001683,1,4,2,8,False,False,False,True,False,True,False,True,False,False,False,False
+100 brightness,none,easyocr,2.2477473599992663,3,4,5,8,True,True,False,True,True,True,False,True,True,False,False,True
+100 brightness,none,easyocr,2.2055158279999887,1,4,1,8,False,False,False,True,False,True,False,False,False,False,False,False
+100 brightness,none,easyocr,2.3687761389992374,1,4,3,8,False,False,False,True,False,True,False,True,False,False,False,True
+100 brightness,blue,tesseract,0.679659428999912,0,4,0,8,False,False,False,False,False,False,False,False,False,False,False,False
+100 brightness,blue,tesseract,0.728335858999344,3,4,5,8,True,True,False,True,False,True,True,True,True,False,False,True
+100 brightness,blue,tesseract,0.41265795400067873,0,4,0,8,False,False,False,False,False,False,False,False,False,False,False,False
+100 brightness,blue,tesseract,0.5769007310000234,3,4,5,8,True,True,True,False,False,False,True,True,True,True,False,True
+100 brightness,blue,tesseract,0.5931142510007703,0,4,2,8,False,False,False,False,False,False,False,True,False,True,False,False
+100 brightness,blue,tesseract,0.44324242400034564,0,4,0,8,False,False,False,False,False,False,False,False,False,False,False,False
+100 brightness,blue,tesseract,0.40634895299990603,2,4,3,8,True,False,False,True,False,True,False,True,False,True,False,False
+100 brightness,blue,tesseract,0.616811208999934,0,4,0,8,False,False,False,False,False,False,False,False,False,False,False,False
+100 brightness,blue,tesseract,0.5735457579994545,4,4,7,8,True,True,True,True,False,True,True,True,True,True,True,True
+100 brightness,blue,tesseract,0.34834514199974365,0,4,0,8,False,False,False,False,False,False,False,False,False,False,False,False
+100 brightness,blue,tesseract,0.6087836599999719,3,4,5,8,True,True,True,False,False,False,True,True,True,True,False,True
+100 brightness,blue,tesseract,0.6738915989999441,1,4,2,8,False,False,False,True,False,True,False,True,False,False,False,False
+100 brightness,blue,tesseract,0.604865923000034,1,4,3,8,False,False,False,True,False,True,False,True,True,False,False,False
+100 brightness,blue,tesseract,0.7407814210000652,2,4,4,8,False,True,False,True,False,True,False,True,True,False,False,True
+100 brightness,blue,tesseract,0.6279043159993307,2,4,5,8,True,False,False,True,False,True,True,True,True,True,False,False
+100 brightness,blue,tesseract,0.4201701359997969,0,4,2,8,False,False,False,False,False,False,False,True,False,True,False,False
+100 brightness,blue,tesseract,0.5426334780004254,0,4,1,8,False,False,False,False,False,False,False,False,False,True,False,False
+100 brightness,blue,tesseract,0.46439841099982004,0,4,0,8,False,False,False,False,False,False,False,False,False,False,False,False
+100 brightness,blue,tesseract,1.7574016190001203,0,4,2,8,False,False,False,False,False,False,False,True,True,False,False,False
+100 brightness,blue,tesseract,0.47106628300025477,2,4,4,8,False,True,False,True,False,True,True,True,False,False,False,True
+100 brightness,blue,easyocr,2.267063047999727,0,4,0,8,False,False,False,False,False,False,False,False,False,False,False,False
+100 brightness,blue,easyocr,4.300278331999834,3,4,5,8,True,True,False,True,True,True,False,True,False,True,False,True
+100 brightness,blue,easyocr,2.2870444399995904,1,4,0,8,False,True,False,False,False,False,False,False,False,False,False,False
+100 brightness,blue,easyocr,2.4739858410002853,1,4,0,8,False,True,False,False,False,False,False,False,False,False,False,False
+100 brightness,blue,easyocr,2.3398418520000632,1,4,6,8,False,False,False,True,False,True,True,True,True,True,True,False
+100 brightness,blue,easyocr,2.275446551000641,0,4,0,8,False,False,False,False,False,False,False,False,False,False,False,False
+100 brightness,blue,easyocr,2.354715256000418,1,4,2,8,False,False,False,True,False,True,False,False,False,True,False,False
+100 brightness,blue,easyocr,2.4071757570000045,1,4,1,8,False,False,False,True,False,True,False,False,False,False,False,False
+100 brightness,blue,easyocr,2.2200003940006354,2,4,4,8,False,True,False,True,True,True,False,False,False,True,False,True
+100 brightness,blue,easyocr,2.356123194000247,0,4,1,8,False,False,False,False,False,False,False,False,True,False,False,False
+100 brightness,blue,easyocr,2.2187244240003565,1,4,2,8,False,True,False,False,False,False,False,True,False,False,False,True
+100 brightness,blue,easyocr,2.4258532220001143,1,4,1,8,False,False,False,True,False,True,False,False,False,False,False,False
+100 brightness,blue,easyocr,2.312524175999897,2,4,3,8,False,True,False,True,False,True,False,True,False,True,False,False
+100 brightness,blue,easyocr,2.464215140000306,0,4,0,8,False,False,False,False,False,False,False,False,False,False,False,False
+100 brightness,blue,easyocr,2.2725432450006338,2,4,2,8,False,True,False,True,False,True,False,False,False,False,False,True
+100 brightness,blue,easyocr,2.384983574999751,0,4,1,8,False,False,False,False,False,False,False,False,False,True,False,False
+100 brightness,blue,easyocr,2.344546440999693,1,4,3,8,False,False,False,True,False,True,False,True,False,True,False,False
+100 brightness,blue,easyocr,2.1740008699998725,2,4,4,8,False,True,False,True,False,True,False,True,False,True,False,True
+100 brightness,blue,easyocr,2.169420827000067,0,4,0,8,False,False,False,False,False,False,False,False,False,False,False,False
+100 brightness,blue,easyocr,2.340457250000327,2,4,3,8,False,True,False,True,False,True,False,True,False,False,False,True
+100 brightness,green,tesseract,0.26684486499925697,0,4,0,8,False,False,False,False,False,False,False,False,False,False,False,False
+100 brightness,green,tesseract,0.39911086700067244,3,4,5,8,True,True,False,True,False,True,True,True,True,False,False,True
+100 brightness,green,tesseract,0.5092026900001656,4,4,5,8,True,True,True,True,False,True,False,True,True,True,False,True
+100 brightness,green,tesseract,0.5957195680002769,4,4,6,8,True,True,True,True,False,True,True,True,True,True,False,True
+100 brightness,green,tesseract,0.47350009199999477,0,4,1,8,False,False,False,False,False,False,False,True,False,False,False,False
+100 brightness,green,tesseract,0.5166521829996782,2,4,2,8,False,True,False,True,False,True,False,False,False,False,False,True
+100 brightness,green,tesseract,0.5559197530001256,2,4,4,8,True,False,False,True,False,True,False,True,True,True,False,False
+100 brightness,green,tesseract,0.30318057499971474,0,4,0,8,False,False,False,False,False,False,False,False,False,False,False,False
+100 brightness,green,tesseract,0.6151391899993541,4,4,7,8,True,True,True,True,False,True,True,True,True,True,True,True
+100 brightness,green,tesseract,0.5285375620005652,0,4,1,8,False,False,False,False,False,False,False,False,False,True,False,False
+100 brightness,green,tesseract,0.50214657000015,4,4,5,8,True,True,True,True,False,True,False,True,True,True,False,True
+100 brightness,green,tesseract,0.6612161229995763,2,4,0,8,True,False,False,True,False,False,False,False,False,False,False,False
+100 brightness,green,tesseract,0.5447006519998467,1,4,2,8,False,False,False,True,False,True,False,False,True,False,False,False
+100 brightness,green,tesseract,0.7420367239992629,2,4,4,8,False,True,False,True,False,True,False,True,True,False,False,True
+100 brightness,green,tesseract,0.7648793459993612,2,4,5,8,True,False,False,True,False,True,True,True,True,True,False,False
+100 brightness,green,tesseract,0.41001982699981454,0,4,1,8,False,False,False,False,False,False,False,True,False,False,False,False
+100 brightness,green,tesseract,0.5852977819995431,1,4,3,8,False,True,False,False,False,False,False,True,False,True,False,True
+100 brightness,green,tesseract,0.4528158330003862,4,4,6,8,True,True,True,True,False,True,True,True,True,True,False,True
+100 brightness,green,tesseract,0.44996036700013065,0,4,3,8,False,False,False,False,False,False,True,True,True,False,False,False
+100 brightness,green,tesseract,0.5324171050006044,2,4,5,8,False,True,False,True,False,True,True,True,False,True,False,True
+100 brightness,green,easyocr,2.2630235369997536,0,4,2,8,False,False,False,False,False,False,False,True,False,True,False,False
+100 brightness,green,easyocr,2.2600045609997323,3,4,5,8,True,True,False,True,True,True,False,True,False,True,False,True
+100 brightness,green,easyocr,2.2177269100002377,0,4,1,8,False,False,False,False,False,False,False,True,False,False,False,False
+100 brightness,green,easyocr,2.4522275630006334,1,4,1,8,False,True,False,False,False,False,False,False,False,True,False,False
+100 brightness,green,easyocr,2.2667726480003694,1,4,6,8,False,False,False,True,False,True,True,True,True,True,True,False
+100 brightness,green,easyocr,2.226561700000275,0,4,1,8,False,False,False,False,False,False,False,False,True,False,False,False
+100 brightness,green,easyocr,2.2846086760000617,1,4,2,8,False,False,False,True,False,True,False,True,False,False,False,False
+100 brightness,green,easyocr,2.456799957999465,1,4,2,8,False,False,False,True,False,True,False,False,False,True,False,False
+100 brightness,green,easyocr,2.3171554339996874,2,4,5,8,False,True,False,True,True,True,False,True,False,True,False,True
+100 brightness,green,easyocr,2.397816167000201,0,4,1,8,False,False,False,False,False,False,False,False,False,True,False,False
+100 brightness,green,easyocr,2.175230205999469,1,4,2,8,False,True,False,False,False,False,False,True,False,False,False,True
+100 brightness,green,easyocr,2.3856344269997862,1,4,1,8,False,False,False,True,False,True,False,False,False,False,False,False
+100 brightness,green,easyocr,2.3000640649997877,2,4,3,8,False,True,False,True,False,True,False,True,False,True,False,False
+100 brightness,green,easyocr,2.4362336189997222,0,4,0,8,False,False,False,False,False,False,False,False,False,False,False,False
+100 brightness,green,easyocr,2.225199161999626,2,4,2,8,False,True,False,True,False,True,False,False,False,False,False,True
+100 brightness,green,easyocr,2.36006161000023,0,4,1,8,False,False,False,False,False,False,False,False,False,True,False,False
+100 brightness,green,easyocr,2.4719128779997845,1,4,2,8,False,False,False,True,False,True,False,True,False,False,False,False
+100 brightness,green,easyocr,2.21522343200013,2,4,7,8,False,True,False,True,True,True,True,True,False,True,True,True
+100 brightness,green,easyocr,2.204489554000247,1,4,1,8,False,False,False,True,False,True,False,False,False,False,False,False
+100 brightness,green,easyocr,2.383069513999544,1,4,4,8,False,False,False,True,False,True,False,True,False,True,False,True
+100 brightness,red,tesseract,0.5820359409999583,4,4,6,8,True,True,True,True,False,True,True,True,True,True,False,True
+100 brightness,red,tesseract,0.7280955209998865,2,4,4,8,False,True,False,True,False,True,True,True,False,False,False,True
+100 brightness,red,tesseract,0.5046028120004848,4,4,5,8,True,True,True,True,False,True,False,True,True,True,False,True
+100 brightness,red,tesseract,0.6362578299995221,1,4,1,8,False,True,False,False,False,False,False,False,False,True,False,False
+100 brightness,red,tesseract,0.6388319990001037,0,4,4,8,False,False,False,False,False,False,True,False,True,True,True,False
+100 brightness,red,tesseract,0.4937451380001221,2,4,5,8,False,True,False,True,False,True,True,True,True,False,False,True
+100 brightness,red,tesseract,0.4780181989999619,0,4,1,8,False,False,False,False,False,False,False,True,False,False,False,False
+100 brightness,red,tesseract,0.6385823680002432,1,4,2,8,False,False,False,True,False,True,True,False,False,False,False,False
+100 brightness,red,tesseract,0.5809426929999972,2,4,5,8,False,True,False,True,False,True,False,True,True,False,True,True
+100 brightness,red,tesseract,0.4974516610000137,1,4,2,8,True,False,False,False,False,False,False,False,True,True,False,False
+100 brightness,red,tesseract,0.3923346470000979,1,4,3,8,False,False,False,True,False,True,False,True,False,True,False,False
+100 brightness,red,tesseract,0.6467695960000128,0,4,1,8,False,False,False,False,False,True,False,False,False,False,False,False
+100 brightness,red,tesseract,0.5225923670004704,1,4,3,8,False,False,False,True,False,True,True,False,True,False,False,False
+100 brightness,red,tesseract,0.7292678419998992,2,4,4,8,False,True,False,True,False,True,False,True,True,False,False,True
+100 brightness,red,tesseract,0.5314144169997235,4,4,6,8,True,True,True,True,False,True,True,True,True,True,False,True
+100 brightness,red,tesseract,0.42317158600053517,0,4,0,8,False,False,False,False,False,False,False,False,False,False,False,False
+100 brightness,red,tesseract,0.5278195849996337,0,4,2,8,False,False,False,False,False,False,False,True,True,False,False,False
+100 brightness,red,tesseract,0.5095400170002904,2,4,4,8,False,True,False,True,False,True,False,True,True,False,False,True
+100 brightness,red,tesseract,0.2990303110000241,1,4,1,8,False,False,False,True,False,True,False,False,False,False,False,False
+100 brightness,red,tesseract,0.4708818919998521,3,4,4,8,True,True,False,True,False,True,False,True,False,True,False,True
+100 brightness,red,easyocr,2.28930323700024,1,4,4,8,True,False,False,False,False,False,True,True,True,True,False,False
+100 brightness,red,easyocr,2.2374544869999227,2,4,4,8,False,True,False,True,True,True,False,True,False,False,False,True
+100 brightness,red,easyocr,2.2605202139993708,1,4,3,8,False,True,False,False,False,False,False,True,False,True,False,True
+100 brightness,red,easyocr,2.4953714289995332,1,4,2,8,False,True,False,False,False,False,False,False,True,False,False,True
+100 brightness,red,easyocr,2.6159744699998555,1,4,3,8,False,False,False,True,False,True,True,True,False,False,False,False
+100 brightness,red,easyocr,2.271860691999791,0,4,1,8,False,False,False,False,False,False,False,False,True,False,False,False
+100 brightness,red,easyocr,2.301966679000543,1,4,3,8,False,False,False,True,False,True,False,True,False,True,False,False
+100 brightness,red,easyocr,2.4147313550001854,1,4,2,8,False,False,False,True,False,True,False,True,False,False,False,False
+100 brightness,red,easyocr,2.2038614410002992,2,4,5,8,False,True,False,True,True,True,False,True,False,True,False,True
+100 brightness,red,easyocr,2.428265429000021,0,4,0,8,False,False,False,False,False,False,False,False,False,False,False,False
+100 brightness,red,easyocr,2.199766837000425,2,4,4,8,False,True,False,True,False,True,True,True,False,False,False,True
+100 brightness,red,easyocr,2.403828424000494,1,4,1,8,False,False,False,True,False,True,False,False,False,False,False,False
+100 brightness,red,easyocr,2.204917584999748,2,4,2,8,False,True,False,True,False,True,False,True,False,False,False,False
+100 brightness,red,easyocr,2.455682517000241,0,4,1,8,False,False,False,False,False,False,False,False,True,False,False,False
+100 brightness,red,easyocr,2.348855881000418,3,4,5,8,True,True,False,True,False,True,True,True,True,False,False,True
+100 brightness,red,easyocr,2.3557038049993935,0,4,1,8,False,False,False,False,False,False,False,False,False,True,False,False
+100 brightness,red,easyocr,2.4870277689997238,1,4,4,8,False,False,False,True,False,True,False,True,True,True,False,False
+100 brightness,red,easyocr,2.2014974989997427,4,4,7,8,True,True,True,True,True,True,False,True,True,True,True,True
+100 brightness,red,easyocr,2.1399426950001725,0,4,0,8,False,False,False,False,False,False,False,False,False,False,False,False
+100 brightness,red,easyocr,2.371886169999925,1,4,4,8,False,False,False,True,False,True,False,True,False,True,False,True
+100 brightness,red-green,tesseract,0.632628319000105,0,4,2,8,False,False,False,False,False,False,False,True,False,True,False,False
+100 brightness,red-green,tesseract,0.696234615999856,3,4,5,8,True,True,False,True,False,True,True,True,True,False,False,True
+100 brightness,red-green,tesseract,0.47522551299971383,2,4,4,8,True,False,False,True,False,True,False,True,True,True,False,False
+100 brightness,red-green,tesseract,0.6173562229996605,2,4,3,8,True,True,False,False,False,False,False,True,False,True,False,True
+100 brightness,red-green,tesseract,0.6198604999999588,1,4,6,8,True,False,False,False,False,False,True,True,True,True,True,True
+100 brightness,red-green,tesseract,0.4983281980003085,2,4,3,8,False,True,False,True,False,True,False,True,False,False,False,True
+100 brightness,red-green,tesseract,0.5820520950001082,2,4,2,8,True,False,False,True,False,True,False,True,False,False,False,False
+100 brightness,red-green,tesseract,0.4994679499995982,1,4,2,8,False,False,False,True,False,True,False,True,False,False,False,False
+100 brightness,red-green,tesseract,0.5309787559999677,4,4,6,8,True,True,True,True,False,True,True,True,True,True,False,True
+100 brightness,red-green,tesseract,0.5229236900004253,0,4,1,8,False,False,False,False,False,False,False,False,False,True,False,False
+100 brightness,red-green,tesseract,0.4688247419999243,4,4,5,8,True,True,True,True,False,True,False,True,True,True,False,True
+100 brightness,red-green,tesseract,0.6848973370006206,2,4,1,8,True,False,False,True,False,True,False,False,False,False,False,False
+100 brightness,red-green,tesseract,0.5073731769998631,1,4,3,8,False,False,False,True,False,True,True,False,True,False,False,False
+100 brightness,red-green,tesseract,0.7362073899994357,4,4,5,8,True,True,True,True,False,True,False,True,True,True,False,True
+100 brightness,red-green,tesseract,0.6862749319998329,4,4,6,8,True,True,True,True,False,True,True,True,True,True,False,True
+100 brightness,red-green,tesseract,0.44108066799981316,0,4,0,8,False,False,False,False,False,False,False,False,False,False,False,False
+100 brightness,red-green,tesseract,0.48779699500028073,1,4,4,8,False,False,False,True,False,True,False,True,False,True,False,True
+100 brightness,red-green,tesseract,0.4446845949996714,4,4,7,8,True,True,True,True,False,True,True,True,True,True,True,True
+100 brightness,red-green,tesseract,0.4287184580007306,0,4,1,8,False,False,False,False,False,False,False,False,True,False,False,False
+100 brightness,red-green,tesseract,0.4515279199995348,4,4,7,8,True,True,True,True,False,True,True,True,True,True,True,True
+100 brightness,red-green,easyocr,2.286598030999812,1,4,3,8,False,True,False,False,False,False,False,True,False,True,False,True
+100 brightness,red-green,easyocr,2.226384419000169,4,4,7,8,True,True,True,True,True,True,True,True,True,True,False,True
+100 brightness,red-green,easyocr,2.2217844209999384,1,4,2,8,False,True,False,False,False,False,False,True,False,False,False,True
+100 brightness,red-green,easyocr,2.492602137999711,1,4,2,8,False,True,False,False,False,False,False,False,True,True,False,False
+100 brightness,red-green,easyocr,2.5757059249999656,1,4,3,8,False,False,False,True,False,True,True,True,False,False,False,False
+100 brightness,red-green,easyocr,2.247639868999613,0,4,1,8,False,False,False,False,False,False,False,False,True,False,False,False
+100 brightness,red-green,easyocr,2.2425822889999836,1,4,4,8,False,False,False,True,False,True,True,True,False,True,False,False
+100 brightness,red-green,easyocr,2.4476773559999856,1,4,2,8,False,False,False,True,False,True,False,False,False,True,False,False
+100 brightness,red-green,easyocr,2.270132927999839,2,4,6,8,False,True,False,True,True,True,True,True,False,True,False,True
+100 brightness,red-green,easyocr,2.415282663999278,1,4,1,8,True,False,False,False,False,False,False,False,False,True,False,False
+100 brightness,red-green,easyocr,2.195947308000541,2,4,4,8,False,True,False,True,False,True,False,True,False,True,False,True
+100 brightness,red-green,easyocr,2.353982904000077,1,4,1,8,False,False,False,True,False,True,False,False,False,False,False,False
+100 brightness,red-green,easyocr,2.283803065000029,2,4,4,8,False,True,False,True,False,True,False,True,True,True,False,False
+100 brightness,red-green,easyocr,2.432316176999848,0,4,1,8,False,False,False,False,False,False,False,False,True,False,False,False
+100 brightness,red-green,easyocr,2.2537432729996,3,4,4,8,True,True,False,True,False,True,False,True,True,False,False,True
+100 brightness,red-green,easyocr,2.323943546999544,0,4,1,8,False,False,False,False,False,False,False,False,False,True,False,False
+100 brightness,red-green,easyocr,2.492938788000174,1,4,3,8,False,False,False,True,False,True,False,True,True,False,False,False
+100 brightness,red-green,easyocr,2.1802930589992684,3,4,6,8,True,True,False,True,True,True,False,True,True,False,True,True
+100 brightness,red-green,easyocr,2.1423068209996927,0,4,0,8,False,False,False,False,False,False,False,False,False,False,False,False
+100 brightness,red-green,easyocr,2.3723054369993406,1,4,4,8,False,False,False,True,False,True,False,True,False,True,False,True
+100 brightness,green-blue,tesseract,0.3632532880001236,0,4,0,8,False,False,False,False,False,False,False,False,False,False,False,False
+100 brightness,green-blue,tesseract,0.4523763039996993,3,4,5,8,True,True,False,True,True,True,True,False,True,False,False,True
+100 brightness,green-blue,tesseract,0.782558703000177,2,4,4,8,True,False,False,True,False,True,False,True,True,True,False,False
+100 brightness,green-blue,tesseract,0.6579473380006675,3,4,6,8,True,True,True,False,True,False,True,True,True,True,False,True
+100 brightness,green-blue,tesseract,0.5412982589996318,1,4,2,8,False,False,False,True,False,True,False,True,False,False,False,False
+100 brightness,green-blue,tesseract,0.5778966329999093,0,4,0,8,False,False,False,False,False,False,False,False,False,False,False,False
+100 brightness,green-blue,tesseract,0.4625811750001958,2,4,2,8,True,False,False,True,False,True,False,True,False,False,False,False
+100 brightness,green-blue,tesseract,0.6135999689995515,1,4,2,8,False,False,False,True,False,True,True,False,False,False,False,False
+100 brightness,green-blue,tesseract,0.47584158100016793,3,4,6,8,True,True,False,True,False,True,True,True,True,False,True,True
+100 brightness,green-blue,tesseract,0.4341175829995336,1,4,1,8,True,False,False,False,False,False,False,True,False,False,False,False
+100 brightness,green-blue,tesseract,0.4807625920002465,4,4,6,8,True,True,True,True,False,True,True,True,True,True,False,True
+100 brightness,green-blue,tesseract,0.52588422000008,0,4,2,8,False,False,False,False,False,False,False,True,True,False,False,False
+100 brightness,green-blue,tesseract,0.5664659970007051,1,4,2,8,False,False,False,True,False,True,False,False,True,False,False,False
+100 brightness,green-blue,tesseract,0.7313397590005479,2,4,4,8,False,True,False,True,False,True,False,True,True,False,False,True
+100 brightness,green-blue,tesseract,0.6676822209992679,2,4,5,8,True,False,False,True,False,True,True,True,True,True,False,False
+100 brightness,green-blue,tesseract,0.432456863999505,0,4,0,8,False,False,False,False,False,False,False,False,False,False,False,False
+100 brightness,green-blue,tesseract,0.5033053990000553,0,4,1,8,False,False,False,False,False,False,False,True,False,False,False,False
+100 brightness,green-blue,tesseract,0.48713605200009624,3,4,6,8,True,True,False,True,False,True,True,False,True,True,True,True
+100 brightness,green-blue,tesseract,0.4289531869999337,0,4,2,8,False,False,False,False,False,False,True,True,False,False,False,False
+100 brightness,green-blue,tesseract,0.4826853470003698,2,4,6,8,False,True,False,True,False,True,True,False,True,True,True,True
+100 brightness,green-blue,easyocr,2.263802909000333,0,4,1,8,False,False,False,False,False,False,False,False,False,True,False,False
+100 brightness,green-blue,easyocr,2.254301213999497,3,4,5,8,True,True,False,True,True,True,False,True,False,True,False,True
+100 brightness,green-blue,easyocr,2.1929341889999705,1,4,0,8,False,True,False,False,False,False,False,False,False,False,False,False
+100 brightness,green-blue,easyocr,2.423832112999662,1,4,0,8,False,True,False,False,False,False,False,False,False,False,False,False
+100 brightness,green-blue,easyocr,2.270730563000143,1,4,5,8,False,False,False,True,False,True,True,True,False,True,True,False
+100 brightness,green-blue,easyocr,2.25222346999999,0,4,1,8,False,False,False,False,False,False,False,False,True,False,False,False
+100 brightness,green-blue,easyocr,2.2914363259997117,1,4,3,8,False,False,False,True,False,True,False,True,False,True,False,False
+100 brightness,green-blue,easyocr,2.5328900770000473,1,4,2,8,False,False,False,True,False,True,False,False,False,True,False,False
+100 brightness,green-blue,easyocr,2.282990262999192,2,4,5,8,False,True,False,True,True,True,False,True,False,True,False,True
+100 brightness,green-blue,easyocr,2.348515163999764,0,4,0,8,False,False,False,False,False,False,False,False,False,False,False,False
+100 brightness,green-blue,easyocr,2.1944006270005048,1,4,2,8,False,True,False,False,False,False,False,True,False,False,False,True
+100 brightness,green-blue,easyocr,2.414334770000096,1,4,1,8,False,False,False,True,False,True,False,False,False,False,False,False
+100 brightness,green-blue,easyocr,2.303162997000072,2,4,3,8,False,True,False,True,False,True,False,True,False,True,False,False
+100 brightness,green-blue,easyocr,2.4187842329993146,0,4,0,8,False,False,False,False,False,False,False,False,False,False,False,False
+100 brightness,green-blue,easyocr,2.2644432110000707,2,4,2,8,False,True,False,True,False,True,False,False,False,False,False,True
+100 brightness,green-blue,easyocr,2.362978660999943,0,4,1,8,False,False,False,False,False,False,False,False,False,True,False,False
+100 brightness,green-blue,easyocr,2.35487679400012,1,4,2,8,False,False,False,True,False,True,False,True,False,False,False,False
+100 brightness,green-blue,easyocr,2.2482650649999414,2,4,5,8,False,True,False,True,False,True,True,True,False,True,False,True
+100 brightness,green-blue,easyocr,2.15600435900069,0,4,1,8,False,False,False,False,False,False,False,True,False,False,False,False
+100 brightness,green-blue,easyocr,2.3492294610005047,2,4,3,8,False,True,False,True,False,True,False,False,False,True,False,True
+100 brightness,red-blue,tesseract,0.567249336999339,2,4,3,8,False,True,False,True,False,True,False,True,False,True,False,False
+100 brightness,red-blue,tesseract,0.659531782999693,3,4,4,8,True,True,False,True,False,True,True,False,True,False,False,True
+100 brightness,red-blue,tesseract,0.7949211159993865,4,4,5,8,True,True,True,True,False,True,False,True,True,True,False,True
+100 brightness,red-blue,tesseract,0.6586879910000789,3,4,4,8,True,True,False,True,False,True,False,True,False,True,False,True
+100 brightness,red-blue,tesseract,0.5909543469997516,2,4,7,8,True,False,False,True,False,True,True,True,True,True,True,True
+100 brightness,red-blue,tesseract,0.5298275579998517,2,4,2,8,False,True,False,True,False,True,False,False,False,False,False,True
+100 brightness,red-blue,tesseract,0.5403453819999413,3,4,4,8,True,True,False,True,False,True,False,True,True,True,False,False
+100 brightness,red-blue,tesseract,0.6217834409999341,1,4,1,8,False,False,False,True,False,True,False,False,False,False,False,False
+100 brightness,red-blue,tesseract,0.5070433379996757,4,4,7,8,True,True,True,True,False,True,True,True,True,True,True,True
+100 brightness,red-blue,tesseract,0.5310858630000439,0,4,0,8,False,False,False,False,False,False,False,False,False,False,False,False
+100 brightness,red-blue,tesseract,0.5585810789998504,4,4,5,8,True,True,True,True,False,True,False,True,True,True,False,True
+100 brightness,red-blue,tesseract,0.656157135000285,1,4,1,8,True,False,False,False,False,True,False,False,False,False,False,False
+100 brightness,red-blue,tesseract,0.5165440119999403,1,4,3,8,False,False,False,True,False,True,True,False,True,False,False,False
+100 brightness,red-blue,tesseract,0.7292931279998811,2,4,4,8,False,True,False,True,False,True,False,True,True,False,False,True
+100 brightness,red-blue,tesseract,0.6284944659992107,2,4,5,8,True,False,False,True,False,True,True,True,True,True,False,False
+100 brightness,red-blue,tesseract,0.49177626199980295,0,4,2,8,False,False,False,False,False,False,False,True,False,True,False,False
+100 brightness,red-blue,tesseract,0.5722713630002545,0,4,2,8,False,False,False,False,False,False,False,True,True,False,False,False
+100 brightness,red-blue,tesseract,0.49519535699982953,4,4,7,8,True,True,True,True,False,True,True,True,True,True,True,True
+100 brightness,red-blue,tesseract,0.4091671319993111,0,4,4,8,False,False,False,False,True,False,True,True,True,False,False,False
+100 brightness,red-blue,tesseract,0.4339479530008248,3,4,5,8,True,True,False,True,False,True,True,True,True,False,False,True
+100 brightness,red-blue,easyocr,2.3288728999996238,0,4,2,8,False,False,False,False,False,False,False,True,False,True,False,False
+100 brightness,red-blue,easyocr,2.281939314999363,4,4,6,8,True,True,True,True,True,True,False,True,True,True,False,True
+100 brightness,red-blue,easyocr,2.2651921589995254,1,4,2,8,False,True,False,False,False,False,False,True,False,False,False,True
+100 brightness,red-blue,easyocr,2.495024253000338,1,4,1,8,False,True,False,False,False,False,False,False,True,False,False,False
+100 brightness,red-blue,easyocr,2.548958395000227,1,4,3,8,False,False,False,True,False,True,True,True,False,False,False,False
+100 brightness,red-blue,easyocr,2.2512425999993866,0,4,1,8,False,False,False,False,False,False,False,False,True,False,False,False
+100 brightness,red-blue,easyocr,2.330283424999834,1,4,3,8,False,False,False,True,False,True,False,True,False,True,False,False
+100 brightness,red-blue,easyocr,2.437018265000006,1,4,1,8,False,False,False,True,False,True,False,False,False,False,False,False
+100 brightness,red-blue,easyocr,2.220788376999735,2,4,5,8,False,True,False,True,True,True,False,True,False,True,False,True
+100 brightness,red-blue,easyocr,2.355975058000695,0,4,0,8,False,False,False,False,False,False,False,False,False,False,False,False
+100 brightness,red-blue,easyocr,2.2400291299991295,2,4,3,8,False,True,False,True,False,True,False,True,False,False,False,True
+100 brightness,red-blue,easyocr,2.4404509819996747,1,4,1,8,False,False,False,True,False,True,False,False,False,False,False,False
+100 brightness,red-blue,easyocr,2.267089737999413,2,4,5,8,False,True,False,True,False,True,True,True,True,True,False,False
+100 brightness,red-blue,easyocr,2.569681397999375,0,4,1,8,False,False,False,False,False,False,False,False,True,False,False,False
+100 brightness,red-blue,easyocr,2.3027210979998927,2,4,2,8,False,True,False,True,False,True,False,False,False,False,False,True
+100 brightness,red-blue,easyocr,2.341690408999966,0,4,1,8,False,False,False,False,False,False,False,False,False,True,False,False
+100 brightness,red-blue,easyocr,2.443616165000094,1,4,2,8,False,False,False,True,False,True,False,True,False,False,False,False
+100 brightness,red-blue,easyocr,2.240588093999577,4,4,7,8,True,True,True,True,True,True,True,True,True,True,False,True
+100 brightness,red-blue,easyocr,2.1804880589997993,0,4,0,8,False,False,False,False,False,False,False,False,False,False,False,False
+100 brightness,red-blue,easyocr,2.402470439999888,3,4,4,8,True,True,False,True,False,True,True,False,False,True,False,True
+100 brightness,grayscale,tesseract,0.4781450020000193,0,4,0,8,False,False,False,False,False,False,False,False,False,False,False,False
+100 brightness,grayscale,tesseract,0.714132977999725,3,4,5,8,True,True,False,True,False,True,True,True,True,False,False,True
+100 brightness,grayscale,tesseract,0.4808768399998371,3,4,5,8,True,True,True,False,False,False,True,True,True,True,False,True
+100 brightness,grayscale,tesseract,0.5970304329994178,3,4,5,8,True,True,True,False,False,False,True,True,True,True,False,True
+100 brightness,grayscale,tesseract,0.42723789400042733,0,4,5,8,False,False,False,False,False,False,True,True,True,True,True,False
+100 brightness,grayscale,tesseract,0.4926516449995688,0,4,0,8,False,False,False,False,False,False,False,False,False,False,False,False
+100 brightness,grayscale,tesseract,0.5504043609998917,2,4,4,8,True,False,False,True,False,True,False,True,True,True,False,False
+100 brightness,grayscale,tesseract,0.6471059499999683,0,4,0,8,False,False,False,False,False,False,False,False,False,False,False,False
+100 brightness,grayscale,tesseract,0.5315832830001455,4,4,7,8,True,True,True,True,False,True,True,True,True,True,True,True
+100 brightness,grayscale,tesseract,0.4716919920001601,0,4,0,8,False,False,False,False,False,False,False,False,False,False,False,False
+100 brightness,grayscale,tesseract,0.5159694369995123,2,4,4,8,True,False,False,True,False,True,False,True,True,True,False,False
+100 brightness,grayscale,tesseract,0.5096006679996208,0,4,1,8,False,False,False,False,False,False,False,False,True,False,False,False
+100 brightness,grayscale,tesseract,0.5525445600005696,1,4,2,8,False,False,False,True,False,True,False,False,True,False,False,False
+100 brightness,grayscale,tesseract,0.7593605109996133,4,4,5,8,True,True,True,True,False,True,False,True,True,True,False,True
+100 brightness,grayscale,tesseract,0.6757279859994014,4,4,6,8,True,True,True,True,False,True,True,True,True,True,False,True
+100 brightness,grayscale,tesseract,0.42126496600030805,0,4,0,8,False,False,False,False,False,False,False,False,False,False,False,False
+100 brightness,grayscale,tesseract,0.5145896340000036,1,4,3,8,False,True,False,False,False,False,True,True,False,False,False,True
+100 brightness,grayscale,tesseract,0.4271498590005649,4,4,7,8,True,True,True,True,False,True,True,True,True,True,True,True
+100 brightness,grayscale,tesseract,0.37799357200037775,0,4,1,8,False,False,False,False,False,False,True,False,False,False,False,False
+100 brightness,grayscale,tesseract,0.4273831180007619,2,4,6,8,False,True,False,True,False,True,True,False,True,True,True,True
+100 brightness,grayscale,easyocr,2.3123422620001293,2,4,4,8,False,True,False,True,False,True,False,True,False,True,False,True
+100 brightness,grayscale,easyocr,2.2472024010003224,3,4,5,8,True,True,False,True,True,True,False,True,False,True,False,True
+100 brightness,grayscale,easyocr,2.231374457000129,1,4,1,8,False,True,False,False,False,False,False,True,False,False,False,False
+100 brightness,grayscale,easyocr,2.4660242449999714,1,4,0,8,False,True,False,False,False,False,False,False,False,False,False,False
+100 brightness,grayscale,easyocr,2.517984116999287,1,4,3,8,False,False,False,True,False,True,True,True,False,False,False,False
+100 brightness,grayscale,easyocr,2.2501590869997017,0,4,1,8,False,False,False,False,False,False,False,False,True,False,False,False
+100 brightness,grayscale,easyocr,2.280815967000308,1,4,2,8,False,False,False,True,False,True,False,True,False,False,False,False
+100 brightness,grayscale,easyocr,2.521227358000033,1,4,2,8,False,False,False,True,False,True,False,False,False,True,False,False
+100 brightness,grayscale,easyocr,2.339875500000744,2,4,6,8,False,True,False,True,True,True,True,True,False,True,False,True
+100 brightness,grayscale,easyocr,2.347010589999627,0,4,1,8,False,False,False,False,False,False,False,False,False,True,False,False
+100 brightness,grayscale,easyocr,2.196442616999775,2,4,3,8,False,True,False,True,False,True,False,True,False,False,False,True
+100 brightness,grayscale,easyocr,2.3846162720001303,1,4,1,8,False,False,False,True,False,True,False,False,False,False,False,False
+100 brightness,grayscale,easyocr,2.3038999970003715,2,4,4,8,False,True,False,True,False,True,True,True,False,True,False,False
+100 brightness,grayscale,easyocr,2.432175629000085,0,4,0,8,False,False,False,False,False,False,False,False,False,False,False,False
+100 brightness,grayscale,easyocr,2.2462812559997474,2,4,3,8,False,True,False,True,False,True,False,True,False,False,False,True
+100 brightness,grayscale,easyocr,2.3828447870000673,0,4,1,8,False,False,False,False,False,False,False,False,False,True,False,False
+100 brightness,grayscale,easyocr,2.5565575860000536,1,4,4,8,False,False,False,True,False,True,False,True,True,True,False,False
+100 brightness,grayscale,easyocr,2.265570006999951,4,4,8,8,True,True,True,True,True,True,True,True,True,True,True,True
+100 brightness,grayscale,easyocr,2.165174454999942,0,4,0,8,False,False,False,False,False,False,False,False,False,False,False,False
+100 brightness,grayscale,easyocr,2.351464178000242,1,4,3,8,False,False,False,True,False,True,False,True,False,False,False,True
simple laplacian,none,tesseract,0.7374077239992403,0,4,0,8,False,False,False,False,False,False,False,False,False,False,False,False
simple laplacian,none,tesseract,0.7221670439994341,0,4,1,8,False,False,False,False,False,False,False,True,False,False,False,False
simple laplacian,none,tesseract,0.7974220740006785,1,4,1,8,False,True,False,False,False,False,False,True,False,False,False,False
simple laplacian,none,tesseract,1.2425790209999832,0,4,0,8,False,False,False,False,False,False,False,False,False,False,False,False
simple laplacian,none,tesseract,1.0344092209998053,0,4,0,8,False,False,False,False,False,False,False,False,False,False,False,False
simple laplacian,none,tesseract,0.904452797999511,1,4,2,8,False,True,False,False,False,False,False,True,False,False,False,True
simple laplacian,none,tesseract,0.7950638089996573,0,4,0,8,False,False,False,False,False,False,False,False,False,False,False,False
simple laplacian,none,tesseract,0.807619839999461,0,4,1,8,False,False,False,False,False,False,False,False,False,True,False,False
simple laplacian,none,tesseract,1.1395599199995559,1,4,2,8,False,True,False,False,False,False,False,True,False,False,False,True
simple laplacian,none,tesseract,0.8189429760004714,0,4,0,8,False,False,False,False,False,False,False,False,False,False,False,False
simple laplacian,none,tesseract,1.1429256749997876,1,4,2,8,False,True,False,False,False,False,True,False,False,False,False,True
simple laplacian,none,tesseract,0.707316240000182,0,4,0,8,False,False,False,False,False,False,False,False,False,False,False,False
simple laplacian,none,tesseract,0.7575543120001385,0,4,1,8,False,False,False,False,False,False,False,False,True,False,False,False
simple laplacian,none,tesseract,0.9214272510007504,0,4,0,8,False,False,False,False,False,False,False,False,False,False,False,False
simple laplacian,none,tesseract,0.9196062060000258,0,4,0,8,False,False,False,False,False,False,False,False,False,False,False,False
simple laplacian,none,tesseract,0.5935186280003109,0,4,0,8,False,False,False,False,False,False,False,False,False,False,False,False
simple laplacian,none,tesseract,0.8537703629999669,0,4,2,8,False,False,False,False,False,False,False,True,False,True,False,False
simple laplacian,none,tesseract,1.0511549200000445,1,4,2,8,False,True,False,False,False,False,False,True,False,False,False,True
simple laplacian,none,tesseract,0.6958510029999161,0,4,0,8,False,False,False,False,False,False,False,False,False,False,False,False
simple laplacian,none,tesseract,0.6974744070002998,0,4,0,8,False,False,False,False,False,False,False,False,False,False,False,False
simple laplacian,none,easyocr,2.4949860899996565,0,4,0,8,False,False,False,False,False,False,False,False,False,False,False,False
simple laplacian,none,easyocr,2.402259700000286,0,4,0,8,False,False,False,False,False,False,False,False,False,False,False,False
simple laplacian,none,easyocr,2.3779054309998173,0,4,0,8,False,False,False,False,False,False,False,False,False,False,False,False
simple laplacian,none,easyocr,2.650112948000242,1,4,2,8,False,False,False,True,False,True,False,False,False,True,False,False
simple laplacian,none,easyocr,2.5901093660004335,0,4,1,8,False,False,False,False,False,False,False,False,True,False,False,False
simple laplacian,none,easyocr,2.5873835570000665,0,4,1,8,False,False,False,False,False,False,False,False,True,False,False,False
simple laplacian,none,easyocr,2.413369591999981,0,4,0,8,False,False,False,False,False,False,False,False,False,False,False,False
simple laplacian,none,easyocr,2.672353333000501,0,4,1,8,False,False,False,False,False,False,False,False,False,True,False,False
simple laplacian,none,easyocr,2.651466457999959,1,4,2,8,False,True,False,False,True,False,False,False,False,False,False,True
simple laplacian,none,easyocr,2.4165615749998324,0,4,1,8,False,False,False,False,False,False,False,False,False,True,False,False
simple laplacian,none,easyocr,2.651545619999524,0,4,1,8,False,False,False,False,False,False,False,True,False,False,False,False
simple laplacian,none,easyocr,2.7857403480002176,1,4,1,8,False,False,False,True,False,True,False,False,False,False,False,False
simple laplacian,none,easyocr,2.684776736000458,1,4,1,8,False,False,False,True,False,True,False,False,False,False,False,False
simple laplacian,none,easyocr,2.9898714890005067,0,4,0,8,False,False,False,False,False,False,False,False,False,False,False,False
simple laplacian,none,easyocr,2.4475158329996702,1,4,0,8,False,True,False,False,False,False,False,False,False,False,False,False
simple laplacian,none,easyocr,2.5613520199995037,0,4,0,8,False,False,False,False,False,False,False,False,False,False,False,False
simple laplacian,none,easyocr,2.5314737329999843,0,4,1,8,False,False,False,False,False,False,False,False,False,True,False,False
simple laplacian,none,easyocr,2.4201952829998845,1,4,1,8,False,True,False,False,False,False,False,True,False,False,False,False
simple laplacian,none,easyocr,2.4824094220002735,0,4,0,8,False,False,False,False,False,False,False,False,False,False,False,False
simple laplacian,none,easyocr,2.4705902659998173,0,4,1,8,False,False,False,False,False,False,False,False,False,True,False,False
simple laplacian,blue,tesseract,0.8858225860003586,0,4,2,8,False,False,False,False,False,False,False,True,True,False,False,False
simple laplacian,blue,tesseract,0.577849941999375,0,4,2,8,False,False,False,False,False,False,False,True,True,False,False,False
simple laplacian,blue,tesseract,1.0392801170000894,1,4,2,8,False,False,False,True,False,True,False,True,False,False,False,False
simple laplacian,blue,tesseract,0.9206468709999172,0,4,0,8,False,False,False,False,False,False,False,False,False,False,False,False
simple laplacian,blue,tesseract,0.7176689489997443,0,4,0,8,False,False,False,False,False,False,False,False,False,False,False,False
simple laplacian,blue,tesseract,0.8067773140001009,2,4,2,8,False,True,False,True,False,True,False,False,False,False,False,True
simple laplacian,blue,tesseract,0.6577173969999421,0,4,0,8,False,False,False,False,False,False,False,False,False,False,False,False
simple laplacian,blue,tesseract,0.6148947599995154,0,4,2,8,False,False,False,False,False,False,False,True,False,True,False,False
simple laplacian,blue,tesseract,0.643715567000072,2,4,4,8,False,True,False,True,False,True,True,True,False,False,False,True
simple laplacian,blue,tesseract,0.4024954380001873,0,4,0,8,False,False,False,False,False,False,False,False,False,False,False,False
simple laplacian,blue,tesseract,0.5716765400002259,1,4,2,8,False,True,False,False,False,False,True,False,False,False,False,True
simple laplacian,blue,tesseract,0.587812983000731,0,4,0,8,False,False,False,False,False,False,False,False,False,False,False,False
simple laplacian,blue,tesseract,0.7303096530004041,0,4,1,8,False,False,False,False,False,False,False,False,True,False,False,False
simple laplacian,blue,tesseract,0.8251937249997354,0,4,0,8,False,False,False,False,False,False,False,False,False,False,False,False
simple laplacian,blue,tesseract,0.9860994620003112,0,4,0,8,False,False,False,False,False,False,False,False,False,False,False,False
simple laplacian,blue,tesseract,0.5059006319997934,0,4,0,8,False,False,False,False,False,False,False,False,False,False,False,False
simple laplacian,blue,tesseract,0.9821248140005991,0,4,1,8,False,False,False,False,False,False,False,False,False,True,False,False
simple laplacian,blue,tesseract,0.9583218090001537,1,4,2,8,False,True,False,False,False,False,False,False,True,False,False,True
simple laplacian,blue,tesseract,0.47583029300039925,0,4,0,8,False,False,False,False,False,False,False,False,False,False,False,False
simple laplacian,blue,tesseract,0.5680198320005729,0,4,0,8,False,False,False,False,False,False,False,False,False,False,False,False
simple laplacian,blue,easyocr,2.433046228999956,0,4,0,8,False,False,False,False,False,False,False,False,False,False,False,False
simple laplacian,blue,easyocr,2.4481005819998245,0,4,0,8,False,False,False,False,False,False,False,False,False,False,False,False
simple laplacian,blue,easyocr,2.3336663799991584,1,4,2,8,True,False,False,False,False,False,False,True,True,False,False,False
simple laplacian,blue,easyocr,2.5320210909994785,1,4,1,8,False,False,False,True,False,True,False,False,False,False,False,False
simple laplacian,blue,easyocr,2.5064891709998847,1,4,2,8,False,False,False,True,False,True,False,False,True,False,False,False
simple laplacian,blue,easyocr,2.409348680000221,0,4,1,8,False,False,False,False,False,False,False,False,True,False,False,False
simple laplacian,blue,easyocr,2.4460779459996047,1,4,2,8,False,False,False,True,False,True,False,False,True,False,False,False
simple laplacian,blue,easyocr,2.626687903999482,0,4,0,8,False,False,False,False,False,False,False,False,False,False,False,False
simple laplacian,blue,easyocr,2.3885692969997763,2,4,4,8,True,True,False,False,True,False,False,False,True,True,False,True
simple laplacian,blue,easyocr,2.4457374300000083,0,4,0,8,False,False,False,False,False,False,False,False,False,False,False,False
simple laplacian,blue,easyocr,2.4267277509998166,1,4,1,8,True,False,False,False,False,False,False,True,False,False,False,False
simple laplacian,blue,easyocr,2.348164423000526,1,4,1,8,False,False,False,True,False,True,False,False,False,False,False,False
simple laplacian,blue,easyocr,2.6707032469994374,1,4,1,8,False,False,False,True,False,True,False,False,False,False,False,False
simple laplacian,blue,easyocr,2.595305210999868,0,4,0,8,False,False,False,False,False,False,False,False,False,False,False,False
simple laplacian,blue,easyocr,2.4678454410004633,1,4,0,8,False,True,False,False,False,False,False,False,False,False,False,False
simple laplacian,blue,easyocr,2.576427232000242,0,4,0,8,False,False,False,False,False,False,False,False,False,False,False,False
simple laplacian,blue,easyocr,2.386922785999559,0,4,1,8,False,False,False,False,False,False,False,False,False,True,False,False
simple laplacian,blue,easyocr,2.368552964000628,1,4,2,8,True,False,False,False,False,False,False,True,True,False,False,False
simple laplacian,blue,easyocr,2.3467129599994223,0,4,1,8,False,False,False,False,False,False,False,False,False,True,False,False
simple laplacian,blue,easyocr,2.3612756669999726,0,4,1,8,False,False,False,False,False,False,False,False,False,True,False,False
simple laplacian,green,tesseract,0.4180813869998019,0,4,0,8,False,False,False,False,False,False,False,False,False,False,False,False
simple laplacian,green,tesseract,0.5986438639993139,0,4,0,8,False,False,False,False,False,False,False,False,False,False,False,False
simple laplacian,green,tesseract,0.7658840739995867,2,4,2,8,False,True,False,True,False,True,False,True,False,False,False,False
simple laplacian,green,tesseract,0.9651217959999485,0,4,0,8,False,False,False,False,False,False,False,False,False,False,False,False
simple laplacian,green,tesseract,0.6893954590004796,0,4,0,8,False,False,False,False,False,False,False,False,False,False,False,False
simple laplacian,green,tesseract,0.6122776160000285,2,4,3,8,False,True,False,True,False,True,True,False,False,False,False,True
simple laplacian,green,tesseract,0.5943215679999412,0,4,0,8,False,False,False,False,False,False,False,False,False,False,False,False
simple laplacian,green,tesseract,0.7189516100006585,0,4,1,8,False,False,False,False,False,False,False,False,False,True,False,False
simple laplacian,green,tesseract,0.7282130450003024,1,4,4,8,False,True,False,False,False,False,True,True,False,True,False,True
simple laplacian,green,tesseract,0.44131372599986207,0,4,0,8,False,False,False,False,False,False,False,False,False,False,False,False
simple laplacian,green,tesseract,0.8908994109997366,1,4,3,8,False,False,False,True,False,True,False,True,True,False,False,False
simple laplacian,green,tesseract,0.609320621999359,0,4,0,8,False,False,False,False,False,False,False,False,False,False,False,False
simple laplacian,green,tesseract,0.7403734099998474,0,4,1,8,False,False,False,False,False,False,False,False,True,False,False,False
simple laplacian,green,tesseract,0.8838955530000021,0,4,0,8,False,False,False,False,False,False,False,False,False,False,False,False
simple laplacian,green,tesseract,0.8336407110000437,0,4,0,8,False,False,False,False,False,False,False,False,False,False,False,False
simple laplacian,green,tesseract,0.51225540500036,0,4,0,8,False,False,False,False,False,False,False,False,False,False,False,False
simple laplacian,green,tesseract,0.834949575999417,0,4,0,8,False,False,False,False,False,False,False,False,False,False,False,False
simple laplacian,green,tesseract,0.6302382859994395,2,4,4,8,False,True,False,True,False,True,False,False,True,True,False,True
simple laplacian,green,tesseract,0.5582573710007637,0,4,1,8,False,False,False,False,False,False,True,False,False,False,False,False
simple laplacian,green,tesseract,0.7007740680001007,0,4,0,8,False,False,False,False,False,False,False,False,False,False,False,False
simple laplacian,green,easyocr,2.483441875000608,0,4,0,8,False,False,False,False,False,False,False,False,False,False,False,False
simple laplacian,green,easyocr,2.39741311600028,0,4,0,8,False,False,False,False,False,False,False,False,False,False,False,False
simple laplacian,green,easyocr,2.3038462829999844,0,4,1,8,False,False,False,False,False,False,False,False,True,False,False,False
simple laplacian,green,easyocr,2.6151382780008134,0,4,0,8,False,False,False,False,False,False,False,False,False,False,False,False
simple laplacian,green,easyocr,2.4828994629997396,0,4,0,8,False,False,False,False,False,False,False,False,False,False,False,False
simple laplacian,green,easyocr,2.3561155339994,0,4,1,8,False,False,False,False,False,False,False,False,True,False,False,False
simple laplacian,green,easyocr,2.431017711000095,1,4,1,8,False,False,False,True,False,True,False,False,False,False,False,False
simple laplacian,green,easyocr,2.636300387999654,0,4,1,8,False,False,False,False,False,False,False,False,False,True,False,False
simple laplacian,green,easyocr,2.555341919000057,1,4,3,8,False,True,False,False,True,False,False,True,False,False,False,True
simple laplacian,green,easyocr,2.4312893629994505,0,4,0,8,False,False,False,False,False,False,False,False,False,False,False,False
simple laplacian,green,easyocr,2.471374611999636,0,4,1,8,False,False,False,False,False,False,False,False,True,False,False,False
simple laplacian,green,easyocr,2.3541216060002625,1,4,1,8,False,False,False,True,False,True,False,False,False,False,False,False
simple laplacian,green,easyocr,2.637849551999352,1,4,1,8,False,False,False,True,False,True,False,False,False,False,False,False
simple laplacian,green,easyocr,2.933677605000412,0,4,0,8,False,False,False,False,False,False,False,False,False,False,False,False
simple laplacian,green,easyocr,2.4476632719997724,1,4,0,8,False,True,False,False,False,False,False,False,False,False,False,False
simple laplacian,green,easyocr,2.584094124999865,0,4,0,8,False,False,False,False,False,False,False,False,False,False,False,False
simple laplacian,green,easyocr,2.500657722000142,0,4,1,8,False,False,False,False,False,False,False,False,False,True,False,False
simple laplacian,green,easyocr,2.4250088899998445,1,4,1,8,False,True,False,False,False,False,False,True,False,False,False,False
simple laplacian,green,easyocr,2.446538660000442,0,4,1,8,False,False,False,False,False,False,False,False,False,True,False,False
simple laplacian,green,easyocr,2.466431916000147,0,4,1,8,False,False,False,False,False,False,False,False,False,True,False,False
simple laplacian,red,tesseract,0.7214944199995443,0,4,1,8,False,False,False,False,False,False,True,False,False,False,False,False
simple laplacian,red,tesseract,0.6981456479998087,0,4,2,8,False,False,False,False,False,False,True,True,False,False,False,False
simple laplacian,red,tesseract,0.843334053000035,2,4,2,8,False,True,False,True,False,True,False,True,False,False,False,False
simple laplacian,red,tesseract,0.997926152999753,0,4,0,8,False,False,False,False,False,False,False,False,False,False,False,False
simple laplacian,red,tesseract,0.8887058850004905,0,4,0,8,False,False,False,False,False,False,False,False,False,False,False,False
simple laplacian,red,tesseract,0.686326502999691,3,4,4,8,True,True,False,True,False,True,False,True,True,False,False,True
simple laplacian,red,tesseract,0.6336928319997241,0,4,0,8,False,False,False,False,False,False,False,False,False,False,False,False
simple laplacian,red,tesseract,0.7105684110001675,0,4,0,8,False,False,False,False,False,False,False,False,False,False,False,False
simple laplacian,red,tesseract,1.0597006529997088,0,4,3,8,False,False,False,False,False,False,True,False,True,True,False,False
simple laplacian,red,tesseract,0.4331853459998456,0,4,1,8,False,False,False,False,False,False,False,False,False,True,False,False
simple laplacian,red,tesseract,0.8979772619995856,1,4,1,8,False,True,False,False,False,False,False,False,False,False,False,True
simple laplacian,red,tesseract,0.6814900460003628,0,4,0,8,False,False,False,False,False,False,False,False,False,False,False,False
simple laplacian,red,tesseract,0.7986555739998948,0,4,0,8,False,False,False,False,False,False,False,False,False,False,False,False
simple laplacian,red,tesseract,1.1717435000000478,0,4,1,8,False,False,False,False,False,False,True,False,False,False,False,False
simple laplacian,red,tesseract,1.0597808530001203,0,4,0,8,False,False,False,False,False,False,False,False,False,False,False,False
simple laplacian,red,tesseract,0.5463788979996025,0,4,0,8,False,False,False,False,False,False,False,False,False,False,False,False
simple laplacian,red,tesseract,0.8480305610000869,0,4,2,8,False,False,False,False,False,False,False,False,True,True,False,False
simple laplacian,red,tesseract,0.6446450829998867,2,4,3,8,True,True,False,False,False,False,False,True,True,False,False,True
simple laplacian,red,tesseract,0.6145819090006626,0,4,2,8,False,False,False,False,False,False,True,False,True,False,False,False
simple laplacian,red,tesseract,0.6357553840007313,0,4,0,8,False,False,False,False,False,False,False,False,False,False,False,False
simple laplacian,red,easyocr,2.506713241000398,0,4,1,8,False,False,False,False,False,False,False,False,True,False,False,False
simple laplacian,red,easyocr,2.4036442639999223,0,4,0,8,False,False,False,False,False,False,False,False,False,False,False,False
simple laplacian,red,easyocr,2.5181799809997756,0,4,0,8,False,False,False,False,False,False,False,False,False,False,False,False
simple laplacian,red,easyocr,2.633222039999964,0,4,0,8,False,False,False,False,False,False,False,False,False,False,False,False
simple laplacian,red,easyocr,2.5998336909997306,0,4,1,8,False,False,False,False,False,False,False,False,True,False,False,False
simple laplacian,red,easyocr,2.554839680999976,0,4,0,8,False,False,False,False,False,False,False,False,False,False,False,False
simple laplacian,red,easyocr,2.449236391999875,0,4,0,8,False,False,False,False,False,False,False,False,False,False,False,False
simple laplacian,red,easyocr,2.6261721549999493,0,4,1,8,False,False,False,False,False,False,False,False,False,True,False,False
simple laplacian,red,easyocr,2.5719844499999454,1,4,2,8,False,True,False,False,True,False,False,True,False,False,False,False
simple laplacian,red,easyocr,2.3859062319997975,0,4,0,8,False,False,False,False,False,False,False,False,False,False,False,False
simple laplacian,red,easyocr,2.7286208189998433,0,4,0,8,False,False,False,False,False,False,False,False,False,False,False,False
simple laplacian,red,easyocr,2.634499517999757,1,4,2,8,False,False,False,True,False,True,False,False,True,False,False,False
simple laplacian,red,easyocr,2.6796348669995496,1,4,1,8,False,False,False,True,False,True,False,False,False,False,False,False
simple laplacian,red,easyocr,2.9777189689993975,0,4,0,8,False,False,False,False,False,False,False,False,False,False,False,False
simple laplacian,red,easyocr,2.5256268630000704,0,4,0,8,False,False,False,False,False,False,False,False,False,False,False,False
simple laplacian,red,easyocr,2.6141244179998466,0,4,1,8,False,False,False,False,False,False,False,False,False,True,False,False
simple laplacian,red,easyocr,2.5356244539998443,0,4,1,8,False,False,False,False,False,False,False,False,False,True,False,False
simple laplacian,red,easyocr,2.4037505810001676,1,4,2,8,False,True,False,False,False,False,False,True,True,False,False,False
simple laplacian,red,easyocr,2.3813525169998684,0,4,1,8,False,False,False,False,False,False,False,False,True,False,False,False
simple laplacian,red,easyocr,2.488759089999803,0,4,1,8,False,False,False,False,False,False,False,False,False,True,False,False
simple laplacian,red-green,tesseract,0.7602685829997426,0,4,1,8,False,False,False,False,False,False,False,True,False,False,False,False
simple laplacian,red-green,tesseract,0.5720488999995723,1,4,4,8,False,True,False,False,False,False,True,False,True,True,False,True
simple laplacian,red-green,tesseract,0.7621181840004283,3,4,4,8,True,True,False,True,False,True,False,True,True,True,False,False
simple laplacian,red-green,tesseract,0.9122755059997871,1,4,1,8,False,False,False,True,False,True,False,False,False,False,False,False
simple laplacian,red-green,tesseract,0.9681784499998685,0,4,0,8,False,False,False,False,False,False,False,False,False,False,False,False
simple laplacian,red-green,tesseract,0.6223998389996268,1,4,1,8,False,False,False,True,False,True,False,False,False,False,False,False
simple laplacian,red-green,tesseract,0.7266863830000148,0,4,0,8,False,False,False,False,False,False,False,False,False,False,False,False
simple laplacian,red-green,tesseract,0.9106010750001587,0,4,1,8,False,False,False,False,False,False,False,False,False,True,False,False
simple laplacian,red-green,tesseract,0.7833014050002021,2,4,3,8,False,True,False,True,False,True,False,True,False,False,False,True
simple laplacian,red-green,tesseract,0.3848102709998784,0,4,1,8,False,False,False,False,False,False,False,False,False,True,False,False
simple laplacian,red-green,tesseract,0.7888395270001638,0,4,1,8,False,False,False,False,False,False,False,False,False,False,False,True
simple laplacian,red-green,tesseract,0.6430066140001145,1,4,1,8,False,False,False,True,False,True,False,False,False,False,False,False
simple laplacian,red-green,tesseract,0.6975172109996493,0,4,1,8,False,False,False,False,False,False,False,False,True,False,False,False
simple laplacian,red-green,tesseract,0.7764803130003202,0,4,0,8,False,False,False,False,False,False,False,False,False,False,False,False
simple laplacian,red-green,tesseract,1.2350442629995086,0,4,0,8,False,False,False,False,False,False,False,False,False,False,False,False
simple laplacian,red-green,tesseract,0.5755975000001854,0,4,1,8,False,False,False,False,False,False,True,False,False,False,False,False
simple laplacian,red-green,tesseract,0.9723926589995244,0,4,1,8,False,False,False,False,False,False,False,False,False,True,False,False
simple laplacian,red-green,tesseract,0.6379718169991975,2,4,2,8,False,True,False,True,False,True,False,False,False,False,False,True
simple laplacian,red-green,tesseract,0.5026949399998557,1,4,1,8,False,False,False,True,False,True,False,False,False,False,False,False
simple laplacian,red-green,tesseract,0.6095441480001682,0,4,0,8,False,False,False,False,False,False,False,False,False,False,False,False
simple laplacian,red-green,easyocr,2.4548994999995557,0,4,0,8,False,False,False,False,False,False,False,False,False,False,False,False
simple laplacian,red-green,easyocr,2.4246193469998616,0,4,0,8,False,False,False,False,False,False,False,False,False,False,False,False
simple laplacian,red-green,easyocr,2.3850731510001424,0,4,1,8,False,False,False,False,False,False,False,False,True,False,False,False
simple laplacian,red-green,easyocr,2.6576638160004222,0,4,0,8,False,False,False,False,False,False,False,False,False,False,False,False
simple laplacian,red-green,easyocr,2.517400966000423,0,4,1,8,False,False,False,False,False,False,False,False,True,False,False,False
simple laplacian,red-green,easyocr,2.5305653779996646,0,4,0,8,False,False,False,False,False,False,False,False,False,False,False,False
simple laplacian,red-green,easyocr,2.4983487959998456,1,4,1,8,False,False,False,True,False,True,False,False,False,False,False,False
simple laplacian,red-green,easyocr,2.6520782100005817,0,4,1,8,False,False,False,False,False,False,False,False,False,True,False,False
simple laplacian,red-green,easyocr,2.5215307789994768,1,4,3,8,False,True,False,False,True,False,False,True,False,False,False,True
simple laplacian,red-green,easyocr,2.366536358000303,0,4,0,8,False,False,False,False,False,False,False,False,False,False,False,False
simple laplacian,red-green,easyocr,2.6814233099994453,0,4,1,8,False,False,False,False,False,False,False,True,False,False,False,False
simple laplacian,red-green,easyocr,2.642455486000472,1,4,1,8,False,False,False,True,False,True,False,False,False,False,False,False
simple laplacian,red-green,easyocr,2.6645211559998643,1,4,1,8,False,False,False,True,False,True,False,False,False,False,False,False
simple laplacian,red-green,easyocr,2.914876999000626,0,4,0,8,False,False,False,False,False,False,False,False,False,False,False,False
simple laplacian,red-green,easyocr,2.434228944000097,0,4,0,8,False,False,False,False,False,False,False,False,False,False,False,False
simple laplacian,red-green,easyocr,2.57847184000002,0,4,0,8,False,False,False,False,False,False,False,False,False,False,False,False
simple laplacian,red-green,easyocr,2.4907171029999517,0,4,1,8,False,False,False,False,False,False,False,False,False,True,False,False
simple laplacian,red-green,easyocr,2.416324855000312,1,4,1,8,False,True,False,False,False,False,False,True,False,False,False,False
simple laplacian,red-green,easyocr,2.53423567200025,0,4,2,8,False,False,False,False,False,False,False,False,True,True,False,False
simple laplacian,red-green,easyocr,2.4707657650005785,0,4,1,8,False,False,False,False,False,False,False,False,False,True,False,False
simple laplacian,green-blue,tesseract,0.49528502999964985,0,4,0,8,False,False,False,False,False,False,False,False,False,False,False,False
simple laplacian,green-blue,tesseract,0.5661627660001614,1,4,1,8,False,True,False,False,False,False,False,False,False,False,False,True
simple laplacian,green-blue,tesseract,0.9310873189997437,1,4,2,8,False,False,False,True,False,True,False,True,False,False,False,False
simple laplacian,green-blue,tesseract,0.8747709970002688,2,4,2,8,True,False,False,True,False,True,False,True,False,False,False,False
simple laplacian,green-blue,tesseract,0.6626420330003384,0,4,0,8,False,False,False,False,False,False,False,False,False,False,False,False
simple laplacian,green-blue,tesseract,0.6087056119995395,1,4,1,8,False,False,False,True,False,True,False,False,False,False,False,False
simple laplacian,green-blue,tesseract,0.634767665000254,0,4,0,8,False,False,False,False,False,False,False,False,False,False,False,False
simple laplacian,green-blue,tesseract,0.834547881000617,0,4,2,8,False,False,False,False,False,False,True,False,True,False,False,False
simple laplacian,green-blue,tesseract,0.6076220929999181,3,4,6,8,True,True,False,True,False,True,True,True,True,True,False,True
simple laplacian,green-blue,tesseract,0.41093724999973347,0,4,0,8,False,False,False,False,False,False,False,False,False,False,False,False
simple laplacian,green-blue,tesseract,0.8778449740002543,0,4,1,8,False,False,False,False,False,False,False,False,True,False,False,False
simple laplacian,green-blue,tesseract,0.5990410969998266,0,4,1,8,False,False,False,False,False,False,False,False,True,False,False,False
simple laplacian,green-blue,tesseract,0.6481462929996269,0,4,0,8,False,False,False,False,False,False,False,False,False,False,False,False
simple laplacian,green-blue,tesseract,0.9202542170005472,0,4,2,8,False,False,False,False,False,False,False,False,True,True,False,False
simple laplacian,green-blue,tesseract,0.8532801049996124,0,4,0,8,False,False,False,False,False,False,False,False,False,False,False,False
simple laplacian,green-blue,tesseract,0.4962421059999542,0,4,0,8,False,False,False,False,False,False,False,False,False,False,False,False
simple laplacian,green-blue,tesseract,1.0509156169991911,0,4,1,8,False,False,False,False,False,False,False,False,False,True,False,False
simple laplacian,green-blue,tesseract,0.6618006169992441,4,4,5,8,True,True,True,True,False,True,False,True,True,True,False,True
simple laplacian,green-blue,tesseract,0.4993911310002659,0,4,1,8,False,False,False,False,False,False,False,False,True,False,False,False
simple laplacian,green-blue,tesseract,0.6405237510007282,0,4,0,8,False,False,False,False,False,False,False,False,False,False,False,False
simple laplacian,green-blue,easyocr,2.4433950309994543,0,4,0,8,False,False,False,False,False,False,False,False,False,False,False,False
simple laplacian,green-blue,easyocr,2.4089736759997322,0,4,0,8,False,False,False,False,False,False,False,False,False,False,False,False
simple laplacian,green-blue,easyocr,2.332002144999933,0,4,1,8,False,False,False,False,False,False,False,False,True,False,False,False
simple laplacian,green-blue,easyocr,2.626696350000202,1,4,2,8,False,False,False,True,False,True,False,False,False,True,False,False
simple laplacian,green-blue,easyocr,2.4647993469998255,0,4,1,8,False,False,False,False,False,False,False,False,True,False,False,False
simple laplacian,green-blue,easyocr,2.3984121179992144,0,4,0,8,False,False,False,False,False,False,False,False,False,False,False,False
simple laplacian,green-blue,easyocr,2.454569413000172,0,4,1,8,False,False,False,False,False,False,False,False,True,False,False,False
simple laplacian,green-blue,easyocr,2.763163765000172,0,4,1,8,False,False,False,False,False,False,False,False,False,True,False,False
simple laplacian,green-blue,easyocr,2.4721832109999013,2,4,4,8,True,True,False,False,True,False,False,False,True,True,False,True
simple laplacian,green-blue,easyocr,2.4421709570005987,0,4,0,8,False,False,False,False,False,False,False,False,False,False,False,False
simple laplacian,green-blue,easyocr,2.364874318999682,0,4,2,8,False,False,False,False,False,False,False,True,True,False,False,False
simple laplacian,green-blue,easyocr,2.3911083289995076,1,4,1,8,False,False,False,True,False,True,False,False,False,False,False,False
simple laplacian,green-blue,easyocr,2.5899753630001214,1,4,1,8,False,False,False,True,False,True,False,False,False,False,False,False
simple laplacian,green-blue,easyocr,2.8620653640000455,0,4,1,8,False,False,False,False,False,False,False,False,True,False,False,False
simple laplacian,green-blue,easyocr,2.3908244430003833,1,4,0,8,False,True,False,False,False,False,False,False,False,False,False,False
simple laplacian,green-blue,easyocr,2.590523064000081,0,4,0,8,False,False,False,False,False,False,False,False,False,False,False,False
simple laplacian,green-blue,easyocr,2.4844949540001835,0,4,1,8,False,False,False,False,False,False,False,False,False,True,False,False
simple laplacian,green-blue,easyocr,2.3860784929993315,1,4,2,8,True,False,False,False,False,False,False,True,True,False,False,False
simple laplacian,green-blue,easyocr,2.4711010060000262,0,4,1,8,False,False,False,False,False,False,False,False,True,False,False,False
simple laplacian,green-blue,easyocr,2.4796888479995687,0,4,1,8,False,False,False,False,False,False,False,False,False,True,False,False
simple laplacian,red-blue,tesseract,0.7605254440004501,0,4,0,8,False,False,False,False,False,False,False,False,False,False,False,False
simple laplacian,red-blue,tesseract,0.7814698889997089,0,4,0,8,False,False,False,False,False,False,False,False,False,False,False,False
simple laplacian,red-blue,tesseract,0.9412824519995411,3,4,4,8,True,True,False,True,False,True,False,True,True,True,False,False
simple laplacian,red-blue,tesseract,0.9252883509998355,0,4,0,8,False,False,False,False,False,False,False,False,False,False,False,False
simple laplacian,red-blue,tesseract,0.6548004179994678,0,4,0,8,False,False,False,False,False,False,False,False,False,False,False,False
simple laplacian,red-blue,tesseract,0.5779230460002509,2,4,2,8,False,True,False,True,False,True,False,False,False,False,False,True
simple laplacian,red-blue,tesseract,0.5480825439999535,0,4,0,8,False,False,False,False,False,False,False,False,False,False,False,False
simple laplacian,red-blue,tesseract,0.6434864000002563,0,4,1,8,False,False,False,False,False,False,False,True,False,False,False,False
simple laplacian,red-blue,tesseract,0.6787450869996974,1,4,4,8,False,True,False,False,False,False,True,True,True,False,False,True
simple laplacian,red-blue,tesseract,0.3498875429995678,0,4,0,8,False,False,False,False,False,False,False,False,False,False,False,False
simple laplacian,red-blue,tesseract,0.8855357450001975,2,4,2,8,False,True,False,True,False,True,False,False,False,False,False,True
simple laplacian,red-blue,tesseract,0.6187065019994407,0,4,0,8,False,False,False,False,False,False,False,False,False,False,False,False
simple laplacian,red-blue,tesseract,0.6932662669996716,0,4,0,8,False,False,False,False,False,False,False,False,False,False,False,False
simple laplacian,red-blue,tesseract,0.7663499279997268,0,4,1,8,False,False,False,False,False,False,True,False,False,False,False,False
simple laplacian,red-blue,tesseract,1.0072003209998002,0,4,1,8,False,False,False,False,False,False,False,False,False,True,False,False
simple laplacian,red-blue,tesseract,0.5208269349996044,0,4,1,8,False,False,False,False,False,False,True,False,False,False,False,False
simple laplacian,red-blue,tesseract,1.0762665830006881,0,4,1,8,False,False,False,False,False,False,False,False,False,True,False,False
simple laplacian,red-blue,tesseract,0.6493644640004277,2,4,2,8,False,True,False,True,False,True,False,False,False,False,False,True
simple laplacian,red-blue,tesseract,0.45856507799999235,0,4,0,8,False,False,False,False,False,False,False,False,False,False,False,False
simple laplacian,red-blue,tesseract,0.5386590570005865,0,4,1,8,False,False,False,False,False,False,False,False,True,False,False,False
simple laplacian,red-blue,easyocr,2.5160947199992734,0,4,0,8,False,False,False,False,False,False,False,False,False,False,False,False
simple laplacian,red-blue,easyocr,2.3900952590001907,0,4,0,8,False,False,False,False,False,False,False,False,False,False,False,False
simple laplacian,red-blue,easyocr,2.3994054659997346,0,4,1,8,False,False,False,False,False,False,False,False,True,False,False,False
simple laplacian,red-blue,easyocr,2.648795512000106,1,4,2,8,False,False,False,True,False,True,False,False,False,True,False,False
simple laplacian,red-blue,easyocr,2.5882913750001535,0,4,1,8,False,False,False,False,False,False,False,False,True,False,False,False
simple laplacian,red-blue,easyocr,2.4016751370008933,0,4,0,8,False,False,False,False,False,False,False,False,False,False,False,False
simple laplacian,red-blue,easyocr,2.398188481000034,0,4,1,8,False,False,False,False,False,False,False,False,True,False,False,False
simple laplacian,red-blue,easyocr,2.7518754880002234,0,4,1,8,False,False,False,False,False,False,False,False,False,True,False,False
simple laplacian,red-blue,easyocr,2.453159214000152,1,4,2,8,False,True,False,False,True,False,False,True,False,False,False,False
simple laplacian,red-blue,easyocr,2.4274867530002666,0,4,0,8,False,False,False,False,False,False,False,False,False,False,False,False
simple laplacian,red-blue,easyocr,2.6561122090006393,0,4,0,8,False,False,False,False,False,False,False,False,False,False,False,False
simple laplacian,red-blue,easyocr,2.6483579469995675,1,4,1,8,False,False,False,True,False,True,False,False,False,False,False,False
simple laplacian,red-blue,easyocr,2.6476271669998823,1,4,1,8,False,False,False,True,False,True,False,False,False,False,False,False
simple laplacian,red-blue,easyocr,2.875237241999457,0,4,0,8,False,False,False,False,False,False,False,False,False,False,False,False
simple laplacian,red-blue,easyocr,2.483205270000326,1,4,0,8,False,True,False,False,False,False,False,False,False,False,False,False
simple laplacian,red-blue,easyocr,2.603235501999734,0,4,0,8,False,False,False,False,False,False,False,False,False,False,False,False
simple laplacian,red-blue,easyocr,2.4893509249995986,0,4,1,8,False,False,False,False,False,False,False,False,False,True,False,False
simple laplacian,red-blue,easyocr,2.3982883449998553,1,4,0,8,False,True,False,False,False,False,False,False,False,False,False,False
simple laplacian,red-blue,easyocr,2.3484475989998828,0,4,0,8,False,False,False,False,False,False,False,False,False,False,False,False
simple laplacian,red-blue,easyocr,2.479117994999797,0,4,1,8,False,False,False,False,False,False,False,False,False,True,False,False
simple laplacian,grayscale,tesseract,0.6734393340002498,0,4,0,8,False,False,False,False,False,False,False,False,False,False,False,False
simple laplacian,grayscale,tesseract,0.6020757559999765,1,4,3,8,False,True,False,False,False,False,False,False,True,True,False,True
simple laplacian,grayscale,tesseract,0.8233553740001298,2,4,2,8,False,True,False,True,False,True,False,True,False,False,False,False
simple laplacian,grayscale,tesseract,0.9432248869998148,0,4,0,8,False,False,False,False,False,False,False,False,False,False,False,False
simple laplacian,grayscale,tesseract,0.7290848869997717,0,4,0,8,False,False,False,False,False,False,False,False,False,False,False,False
simple laplacian,grayscale,tesseract,0.6302889839998898,2,4,2,8,False,True,False,True,False,True,False,False,False,False,False,True
simple laplacian,grayscale,tesseract,0.609768866000195,0,4,0,8,False,False,False,False,False,False,False,False,False,False,False,False
simple laplacian,grayscale,tesseract,0.9135387370006356,0,4,1,8,False,False,False,False,False,False,False,False,True,False,False,False
simple laplacian,grayscale,tesseract,0.7750361690004866,1,4,3,8,False,False,False,True,False,True,True,True,False,False,False,False
simple laplacian,grayscale,tesseract,0.3611389070001678,0,4,1,8,False,False,False,False,False,False,False,False,True,False,False,False
simple laplacian,grayscale,tesseract,1.0439980519995515,0,4,0,8,False,False,False,False,False,False,False,False,False,False,False,False
simple laplacian,grayscale,tesseract,0.6414652679995925,0,4,0,8,False,False,False,False,False,False,False,False,False,False,False,False
simple laplacian,grayscale,tesseract,0.723450739999862,0,4,1,8,False,False,False,False,False,False,False,False,True,False,False,False
simple laplacian,grayscale,tesseract,0.8927301310004623,0,4,0,8,False,False,False,False,False,False,False,False,False,False,False,False
simple laplacian,grayscale,tesseract,1.0208407810005156,0,4,0,8,False,False,False,False,False,False,False,False,False,False,False,False
simple laplacian,grayscale,tesseract,0.5575450240003192,0,4,0,8,False,False,False,False,False,False,False,False,False,False,False,False
simple laplacian,grayscale,tesseract,0.8986642950003443,0,4,0,8,False,False,False,False,False,False,False,False,False,False,False,False
simple laplacian,grayscale,tesseract,0.7212772539996877,2,4,4,8,False,True,False,True,False,True,False,False,True,True,False,True
simple laplacian,grayscale,tesseract,0.5222369599996455,0,4,1,8,False,False,False,False,False,False,False,False,True,False,False,False
simple laplacian,grayscale,tesseract,0.761620810999375,0,4,1,8,False,False,False,False,False,False,False,False,True,False,False,False
simple laplacian,grayscale,easyocr,2.4487279069999204,0,4,0,8,False,False,False,False,False,False,False,False,False,False,False,False
simple laplacian,grayscale,easyocr,2.4123677489997135,0,4,0,8,False,False,False,False,False,False,False,False,False,False,False,False
simple laplacian,grayscale,easyocr,2.3324773570002435,0,4,0,8,False,False,False,False,False,False,False,False,False,False,False,False
simple laplacian,grayscale,easyocr,2.6712560669993763,0,4,1,8,False,False,False,False,False,False,False,False,False,True,False,False
simple laplacian,grayscale,easyocr,2.511967682999966,0,4,0,8,False,False,False,False,False,False,False,False,False,False,False,False
simple laplacian,grayscale,easyocr,2.5608028529995863,0,4,0,8,False,False,False,False,False,False,False,False,False,False,False,False
simple laplacian,grayscale,easyocr,2.4843913189997693,1,4,1,8,False,False,False,True,False,True,False,False,False,False,False,False
simple laplacian,grayscale,easyocr,2.6890059940005813,0,4,1,8,False,False,False,False,False,False,False,False,False,True,False,False
simple laplacian,grayscale,easyocr,2.594446523999977,1,4,3,8,False,True,False,False,True,False,False,True,False,False,False,True
simple laplacian,grayscale,easyocr,2.4563566199994966,0,4,0,8,False,False,False,False,False,False,False,False,False,False,False,False
simple laplacian,grayscale,easyocr,2.568284312000287,0,4,1,8,False,False,False,False,False,False,False,False,True,False,False,False
simple laplacian,grayscale,easyocr,2.6420206439997855,1,4,1,8,False,False,False,True,False,True,False,False,False,False,False,False
simple laplacian,grayscale,easyocr,2.6486833480003042,1,4,2,8,False,False,False,True,False,True,False,False,True,False,False,False
simple laplacian,grayscale,easyocr,2.9706805729992993,0,4,0,8,False,False,False,False,False,False,False,False,False,False,False,False
simple laplacian,grayscale,easyocr,2.3545424180001646,1,4,0,8,False,True,False,False,False,False,False,False,False,False,False,False
simple laplacian,grayscale,easyocr,2.593510064999464,0,4,0,8,False,False,False,False,False,False,False,False,False,False,False,False
simple laplacian,grayscale,easyocr,2.4289502770006948,0,4,1,8,False,False,False,False,False,False,False,False,False,True,False,False
simple laplacian,grayscale,easyocr,2.458640836000086,1,4,2,8,False,True,False,False,False,False,False,False,True,True,False,False
simple laplacian,grayscale,easyocr,2.4633446460002233,0,4,0,8,False,False,False,False,False,False,False,False,False,False,False,False
simple laplacian,grayscale,easyocr,2.494435309000437,0,4,1,8,False,False,False,False,False,False,False,False,False,True,False,False
precise laplacian,none,tesseract,1.1633504450001055,0,4,1,8,False,False,False,False,False,False,False,False,True,False,False,False
precise laplacian,none,tesseract,1.0030022350001673,0,4,0,8,False,False,False,False,False,False,False,False,False,False,False,False
precise laplacian,none,tesseract,1.6489989300007437,0,4,0,8,False,False,False,False,False,False,False,False,False,False,False,False
precise laplacian,none,tesseract,1.3214238139998997,0,4,1,8,False,False,False,False,False,False,False,False,False,True,False,False
precise laplacian,none,tesseract,1.5250275389998933,0,4,0,8,False,False,False,False,False,False,False,False,False,False,False,False
precise laplacian,none,tesseract,0.9936239669996212,0,4,0,8,False,False,False,False,False,False,False,False,False,False,False,False
precise laplacian,none,tesseract,0.6920102260000931,0,4,0,8,False,False,False,False,False,False,False,False,False,False,False,False
precise laplacian,none,tesseract,1.0111896200005503,0,4,1,8,False,False,False,False,False,False,False,False,False,True,False,False
precise laplacian,none,tesseract,1.1357214290001139,0,4,0,8,False,False,False,False,False,False,False,False,False,False,False,False
precise laplacian,none,tesseract,0.662721349000094,0,4,0,8,False,False,False,False,False,False,False,False,False,False,False,False
precise laplacian,none,tesseract,1.4354983450002692,0,4,0,8,False,False,False,False,False,False,False,False,False,False,False,False
precise laplacian,none,tesseract,0.9906578999998601,0,4,0,8,False,False,False,False,False,False,False,False,False,False,False,False
precise laplacian,none,tesseract,0.7314852600002268,0,4,0,8,False,False,False,False,False,False,False,False,False,False,False,False
precise laplacian,none,tesseract,1.0062427700004264,0,4,0,8,False,False,False,False,False,False,False,False,False,False,False,False
precise laplacian,none,tesseract,0.36714721899988945,0,4,0,8,False,False,False,False,False,False,False,False,False,False,False,False
precise laplacian,none,tesseract,0.7846832949999225,0,4,0,8,False,False,False,False,False,False,False,False,False,False,False,False
precise laplacian,none,tesseract,2.0932425679993685,0,4,1,8,False,False,False,False,False,False,False,False,False,True,False,False
precise laplacian,none,tesseract,1.8853921379995882,0,4,0,8,False,False,False,False,False,False,False,False,False,False,False,False
precise laplacian,none,tesseract,0.35698849100026564,0,4,0,8,False,False,False,False,False,False,False,False,False,False,False,False
precise laplacian,none,tesseract,1.1519130390006467,0,4,0,8,False,False,False,False,False,False,False,False,False,False,False,False
precise laplacian,none,easyocr,2.2883562269998947,0,4,1,8,False,False,False,False,False,False,False,False,True,False,False,False
precise laplacian,none,easyocr,2.2888835169997037,0,4,0,8,False,False,False,False,False,False,False,False,False,False,False,False
precise laplacian,none,easyocr,2.4981299959999888,0,4,0,8,False,False,False,False,False,False,False,False,False,False,False,False
precise laplacian,none,easyocr,2.5357220830001097,0,4,0,8,False,False,False,False,False,False,False,False,False,False,False,False
precise laplacian,none,easyocr,2.351750511999853,0,4,0,8,False,False,False,False,False,False,False,False,False,False,False,False
precise laplacian,none,easyocr,2.4306108589998985,0,4,0,8,False,False,False,False,False,False,False,False,False,False,False,False
precise laplacian,none,easyocr,2.3110228940004163,0,4,0,8,False,False,False,False,False,False,False,False,False,False,False,False
precise laplacian,none,easyocr,2.7266474859998198,0,4,1,8,False,False,False,False,False,False,False,False,False,True,False,False
precise laplacian,none,easyocr,2.6557725560005565,0,4,0,8,False,False,False,False,False,False,False,False,False,False,False,False
precise laplacian,none,easyocr,2.1612373190000653,0,4,0,8,False,False,False,False,False,False,False,False,False,False,False,False
precise laplacian,none,easyocr,2.47705864999989,0,4,0,8,False,False,False,False,False,False,False,False,False,False,False,False
precise laplacian,none,easyocr,2.57067834999998,0,4,0,8,False,False,False,False,False,False,False,False,False,False,False,False
precise laplacian,none,easyocr,2.3863206730002275,0,4,1,8,False,False,False,False,False,False,False,False,True,False,False,False
precise laplacian,none,easyocr,2.975582285999735,0,4,0,8,False,False,False,False,False,False,False,False,False,False,False,False
precise laplacian,none,easyocr,2.150424973000554,0,4,0,8,False,False,False,False,False,False,False,False,False,False,False,False
precise laplacian,none,easyocr,2.39334425800007,0,4,0,8,False,False,False,False,False,False,False,False,False,False,False,False
precise laplacian,none,easyocr,2.3116088269998727,0,4,1,8,False,False,False,False,False,False,False,False,False,True,False,False
precise laplacian,none,easyocr,2.4474400469998727,0,4,0,8,False,False,False,False,False,False,False,False,False,False,False,False
precise laplacian,none,easyocr,1.9893671150002774,0,4,0,8,False,False,False,False,False,False,False,False,False,False,False,False
precise laplacian,none,easyocr,2.440717491000214,0,4,0,8,False,False,False,False,False,False,False,False,False,False,False,False
precise laplacian,blue,tesseract,1.0343090300002586,0,4,0,8,False,False,False,False,False,False,False,False,False,False,False,False
precise laplacian,blue,tesseract,0.5713207549997605,0,4,0,8,False,False,False,False,False,False,False,False,False,False,False,False
precise laplacian,blue,tesseract,1.2019168500000887,0,4,1,8,False,False,False,False,False,False,False,False,True,False,False,False
precise laplacian,blue,tesseract,0.8736814910007524,0,4,0,8,False,False,False,False,False,False,False,False,False,False,False,False
precise laplacian,blue,tesseract,0.8095727879999686,0,4,0,8,False,False,False,False,False,False,False,False,False,False,False,False
precise laplacian,blue,tesseract,0.521102726999743,0,4,0,8,False,False,False,False,False,False,False,False,False,False,False,False
precise laplacian,blue,tesseract,0.38737775899971894,0,4,0,8,False,False,False,False,False,False,False,False,False,False,False,False
precise laplacian,blue,tesseract,0.6577685699994618,0,4,0,8,False,False,False,False,False,False,False,False,False,False,False,False
precise laplacian,blue,tesseract,0.7070349550003812,0,4,0,8,False,False,False,False,False,False,False,False,False,False,False,False
precise laplacian,blue,tesseract,5.017864231999738,0,4,0,8,False,False,False,False,False,False,False,False,False,False,False,False
precise laplacian,blue,tesseract,0.6842615290006506,0,4,0,8,False,False,False,False,False,False,False,False,False,False,False,False
precise laplacian,blue,tesseract,0.9390203240000119,1,4,1,8,False,False,False,True,False,True,False,False,False,False,False,False
precise laplacian,blue,tesseract,0.5169775490003303,0,4,0,8,False,False,False,False,False,False,False,False,False,False,False,False
precise laplacian,blue,tesseract,0.6596720799998366,0,4,0,8,False,False,False,False,False,False,False,False,False,False,False,False
precise laplacian,blue,tesseract,0.7836391439996078,0,4,0,8,False,False,False,False,False,False,False,False,False,False,False,False
precise laplacian,blue,tesseract,0.47315940499993303,0,4,0,8,False,False,False,False,False,False,False,False,False,False,False,False
precise laplacian,blue,tesseract,1.3365355830001135,0,4,1,8,False,False,False,False,False,False,False,False,False,True,False,False
precise laplacian,blue,tesseract,1.836439493999933,0,4,0,8,False,False,False,False,False,False,False,False,False,False,False,False
precise laplacian,blue,tesseract,0.4934409269999378,0,4,0,8,False,False,False,False,False,False,False,False,False,False,False,False
precise laplacian,blue,tesseract,0.9831119489999764,0,4,0,8,False,False,False,False,False,False,False,False,False,False,False,False
precise laplacian,blue,easyocr,2.200956784000482,0,4,0,8,False,False,False,False,False,False,False,False,False,False,False,False
precise laplacian,blue,easyocr,2.241308418999324,0,4,0,8,False,False,False,False,False,False,False,False,False,False,False,False
precise laplacian,blue,easyocr,2.318534639000063,0,4,0,8,False,False,False,False,False,False,False,False,False,False,False,False
precise laplacian,blue,easyocr,2.386245637999309,0,4,0,8,False,False,False,False,False,False,False,False,False,False,False,False
precise laplacian,blue,easyocr,2.1709929090002333,0,4,1,8,False,False,False,False,False,False,False,False,True,False,False,False
precise laplacian,blue,easyocr,2.2916858170001433,0,4,0,8,False,False,False,False,False,False,False,False,False,False,False,False
precise laplacian,blue,easyocr,2.190470434999952,0,4,0,8,False,False,False,False,False,False,False,False,False,False,False,False
precise laplacian,blue,easyocr,2.464930837999418,0,4,0,8,False,False,False,False,False,False,False,False,False,False,False,False
precise laplacian,blue,easyocr,2.4448405700004514,0,4,0,8,False,False,False,False,False,False,False,False,False,False,False,False
precise laplacian,blue,easyocr,2.000258201000179,0,4,0,8,False,False,False,False,False,False,False,False,False,False,False,False
precise laplacian,blue,easyocr,2.181938867000099,0,4,0,8,False,False,False,False,False,False,False,False,False,False,False,False
precise laplacian,blue,easyocr,2.327828837999732,0,4,0,8,False,False,False,False,False,False,False,False,False,False,False,False
precise laplacian,blue,easyocr,2.3641752589992393,0,4,0,8,False,False,False,False,False,False,False,False,False,False,False,False
precise laplacian,blue,easyocr,2.481336652999744,0,4,0,8,False,False,False,False,False,False,False,False,False,False,False,False
precise laplacian,blue,easyocr,2.2300336719999905,0,4,0,8,False,False,False,False,False,False,False,False,False,False,False,False
precise laplacian,blue,easyocr,2.33683351900072,0,4,0,8,False,False,False,False,False,False,False,False,False,False,False,False
precise laplacian,blue,easyocr,2.1932734909996725,0,4,0,8,False,False,False,False,False,False,False,False,False,False,False,False
precise laplacian,blue,easyocr,2.419689078999909,0,4,0,8,False,False,False,False,False,False,False,False,False,False,False,False
precise laplacian,blue,easyocr,1.9974167829996077,0,4,0,8,False,False,False,False,False,False,False,False,False,False,False,False
precise laplacian,blue,easyocr,2.2909797000002072,0,4,0,8,False,False,False,False,False,False,False,False,False,False,False,False
precise laplacian,green,tesseract,1.0132746239996777,0,4,0,8,False,False,False,False,False,False,False,False,False,False,False,False
precise laplacian,green,tesseract,0.5830770939992362,0,4,0,8,False,False,False,False,False,False,False,False,False,False,False,False
precise laplacian,green,tesseract,0.6848168630003784,0,4,0,8,False,False,False,False,False,False,False,False,False,False,False,False
precise laplacian,green,tesseract,1.0121736020000753,0,4,0,8,False,False,False,False,False,False,False,False,False,False,False,False
precise laplacian,green,tesseract,0.7009312729996964,0,4,0,8,False,False,False,False,False,False,False,False,False,False,False,False
precise laplacian,green,tesseract,0.5833696749996307,0,4,0,8,False,False,False,False,False,False,False,False,False,False,False,False
precise laplacian,green,tesseract,0.5588085660001525,0,4,0,8,False,False,False,False,False,False,False,False,False,False,False,False
precise laplacian,green,tesseract,0.842666707000717,0,4,0,8,False,False,False,False,False,False,False,False,False,False,False,False
precise laplacian,green,tesseract,1.5018666470004973,0,4,0,8,False,False,False,False,False,False,False,False,False,False,False,False
precise laplacian,green,tesseract,4.371971819999999,0,4,0,8,False,False,False,False,False,False,False,False,False,False,False,False
precise laplacian,green,tesseract,1.0343734070002029,0,4,0,8,False,False,False,False,False,False,False,False,False,False,False,False
precise laplacian,green,tesseract,0.42875101800018456,1,4,1,8,False,False,False,True,False,True,False,False,False,False,False,False
precise laplacian,green,tesseract,0.5369222830004219,0,4,0,8,False,False,False,False,False,False,False,False,False,False,False,False
precise laplacian,green,tesseract,0.7916514150001603,0,4,0,8,False,False,False,False,False,False,False,False,False,False,False,False
precise laplacian,green,tesseract,0.6889649739996457,0,4,0,8,False,False,False,False,False,False,False,False,False,False,False,False
precise laplacian,green,tesseract,0.6621470689997295,0,4,0,8,False,False,False,False,False,False,False,False,False,False,False,False
precise laplacian,green,tesseract,1.3972293160004483,0,4,1,8,False,False,False,False,False,False,False,False,False,True,False,False
precise laplacian,green,tesseract,0.8613257910001266,0,4,0,8,False,False,False,False,False,False,False,False,False,False,False,False
precise laplacian,green,tesseract,0.5360373959993012,0,4,0,8,False,False,False,False,False,False,False,False,False,False,False,False
precise laplacian,green,tesseract,0.7359396439996999,0,4,0,8,False,False,False,False,False,False,False,False,False,False,False,False
precise laplacian,green,easyocr,2.189222598000015,0,4,0,8,False,False,False,False,False,False,False,False,False,False,False,False
precise laplacian,green,easyocr,2.2949116760000834,0,4,0,8,False,False,False,False,False,False,False,False,False,False,False,False
precise laplacian,green,easyocr,2.36281856900041,0,4,1,8,False,False,False,False,False,False,False,False,True,False,False,False
precise laplacian,green,easyocr,2.2800271520000024,0,4,0,8,False,False,False,False,False,False,False,False,False,False,False,False
precise laplacian,green,easyocr,2.115808583999751,0,4,1,8,False,False,False,False,False,False,False,False,True,False,False,False
precise laplacian,green,easyocr,2.3063014200006364,0,4,0,8,False,False,False,False,False,False,False,False,False,False,False,False
precise laplacian,green,easyocr,2.2225422169995,0,4,0,8,False,False,False,False,False,False,False,False,False,False,False,False
precise laplacian,green,easyocr,2.7691524390002087,0,4,0,8,False,False,False,False,False,False,False,False,False,False,False,False
precise laplacian,green,easyocr,2.6793191479991947,0,4,0,8,False,False,False,False,False,False,False,False,False,False,False,False
precise laplacian,green,easyocr,2.023987874999875,0,4,0,8,False,False,False,False,False,False,False,False,False,False,False,False
precise laplacian,green,easyocr,2.079196356000466,0,4,0,8,False,False,False,False,False,False,False,False,False,False,False,False
precise laplacian,green,easyocr,2.2870733689996996,0,4,0,8,False,False,False,False,False,False,False,False,False,False,False,False
precise laplacian,green,easyocr,2.1982448579992706,0,4,0,8,False,False,False,False,False,False,False,False,False,False,False,False
precise laplacian,green,easyocr,2.9142952339998374,0,4,0,8,False,False,False,False,False,False,False,False,False,False,False,False
precise laplacian,green,easyocr,2.2278675630004727,0,4,0,8,False,False,False,False,False,False,False,False,False,False,False,False
precise laplacian,green,easyocr,2.4942088530006004,0,4,1,8,False,False,False,False,False,False,False,False,False,True,False,False
precise laplacian,green,easyocr,2.1627669770005014,0,4,0,8,False,False,False,False,False,False,False,False,False,False,False,False
precise laplacian,green,easyocr,2.440651498999614,0,4,0,8,False,False,False,False,False,False,False,False,False,False,False,False
precise laplacian,green,easyocr,2.003230461000385,0,4,0,8,False,False,False,False,False,False,False,False,False,False,False,False
precise laplacian,green,easyocr,2.4589107619995048,0,4,0,8,False,False,False,False,False,False,False,False,False,False,False,False
precise laplacian,red,tesseract,0.43436828999983845,0,4,0,8,False,False,False,False,False,False,False,False,False,False,False,False
precise laplacian,red,tesseract,0.9332285119999142,0,4,1,8,False,False,False,False,False,False,False,False,True,False,False,False
precise laplacian,red,tesseract,0.7410268779995022,0,4,1,8,False,False,False,False,False,False,True,False,False,False,False,False
precise laplacian,red,tesseract,1.0575434700003825,0,4,0,8,False,False,False,False,False,False,False,False,False,False,False,False
precise laplacian,red,tesseract,0.907608376999633,0,4,0,8,False,False,False,False,False,False,False,False,False,False,False,False
precise laplacian,red,tesseract,0.6535467270005029,0,4,0,8,False,False,False,False,False,False,False,False,False,False,False,False
precise laplacian,red,tesseract,0.5008593720003773,0,4,0,8,False,False,False,False,False,False,False,False,False,False,False,False
precise laplacian,red,tesseract,1.3948338159998457,0,4,1,8,False,False,False,False,False,False,False,False,False,True,False,False
precise laplacian,red,tesseract,1.210171640000226,0,4,0,8,False,False,False,False,False,False,False,False,False,False,False,False
precise laplacian,red,tesseract,5.109422188000281,0,4,1,8,False,False,False,False,False,False,True,False,False,False,False,False
precise laplacian,red,tesseract,1.331419824000477,0,4,0,8,False,False,False,False,False,False,False,False,False,False,False,False
precise laplacian,red,tesseract,1.298354800999732,0,4,0,8,False,False,False,False,False,False,False,False,False,False,False,False
precise laplacian,red,tesseract,0.7329590689996621,0,4,0,8,False,False,False,False,False,False,False,False,False,False,False,False
precise laplacian,red,tesseract,0.7416046840007766,0,4,0,8,False,False,False,False,False,False,False,False,False,False,False,False
precise laplacian,red,tesseract,0.42320627800017974,0,4,0,8,False,False,False,False,False,False,False,False,False,False,False,False
precise laplacian,red,tesseract,0.6620720030005032,0,4,0,8,False,False,False,False,False,False,False,False,False,False,False,False
precise laplacian,red,tesseract,1.5524777650007309,0,4,1,8,False,False,False,False,False,False,False,False,False,True,False,False
precise laplacian,red,tesseract,0.93297320199963,0,4,0,8,False,False,False,False,False,False,False,False,False,False,False,False
precise laplacian,red,tesseract,0.5013527110004361,0,4,0,8,False,False,False,False,False,False,False,False,False,False,False,False
precise laplacian,red,tesseract,1.138216482999269,0,4,1,8,False,False,False,False,False,False,False,False,False,True,False,False
precise laplacian,red,easyocr,2.2891017729998566,0,4,0,8,False,False,False,False,False,False,False,False,False,False,False,False
precise laplacian,red,easyocr,2.3711764580002637,0,4,0,8,False,False,False,False,False,False,False,False,False,False,False,False
precise laplacian,red,easyocr,2.4791474029998426,0,4,0,8,False,False,False,False,False,False,False,False,False,False,False,False
precise laplacian,red,easyocr,2.5328491130003385,0,4,0,8,False,False,False,False,False,False,False,False,False,False,False,False
precise laplacian,red,easyocr,2.16478004199962,0,4,0,8,False,False,False,False,False,False,False,False,False,False,False,False
precise laplacian,red,easyocr,2.4340515710000545,0,4,0,8,False,False,False,False,False,False,False,False,False,False,False,False
precise laplacian,red,easyocr,2.165754069999821,0,4,0,8,False,False,False,False,False,False,False,False,False,False,False,False
precise laplacian,red,easyocr,2.8268284280002263,0,4,1,8,False,False,False,False,False,False,False,False,False,True,False,False
precise laplacian,red,easyocr,2.6466119059996345,0,4,1,8,False,False,False,False,False,False,False,False,False,True,False,False
precise laplacian,red,easyocr,1.9933591680000973,0,4,0,8,False,False,False,False,False,False,False,False,False,False,False,False
precise laplacian,red,easyocr,2.1951353599997674,0,4,0,8,False,False,False,False,False,False,False,False,False,False,False,False
precise laplacian,red,easyocr,2.6075074649997987,0,4,0,8,False,False,False,False,False,False,False,False,False,False,False,False
precise laplacian,red,easyocr,2.4748789639997995,0,4,1,8,False,False,False,False,False,False,False,False,True,False,False,False
precise laplacian,red,easyocr,3.025549404999765,0,4,0,8,False,False,False,False,False,False,False,False,False,False,False,False
precise laplacian,red,easyocr,2.1805036859996108,0,4,0,8,False,False,False,False,False,False,False,False,False,False,False,False
precise laplacian,red,easyocr,2.452845232999607,0,4,0,8,False,False,False,False,False,False,False,False,False,False,False,False
precise laplacian,red,easyocr,2.094221371000458,0,4,0,8,False,False,False,False,False,False,False,False,False,False,False,False
precise laplacian,red,easyocr,2.4263179160006985,0,4,0,8,False,False,False,False,False,False,False,False,False,False,False,False
precise laplacian,red,easyocr,1.9929443739993076,0,4,0,8,False,False,False,False,False,False,False,False,False,False,False,False
precise laplacian,red,easyocr,2.4450361660001363,0,4,0,8,False,False,False,False,False,False,False,False,False,False,False,False
precise laplacian,red-green,tesseract,0.9217070109998531,0,4,0,8,False,False,False,False,False,False,False,False,False,False,False,False
precise laplacian,red-green,tesseract,0.7103965550004432,0,4,0,8,False,False,False,False,False,False,False,False,False,False,False,False
precise laplacian,red-green,tesseract,0.6645567719997416,0,4,0,8,False,False,False,False,False,False,False,False,False,False,False,False
precise laplacian,red-green,tesseract,0.9822249250000823,0,4,0,8,False,False,False,False,False,False,False,False,False,False,False,False
precise laplacian,red-green,tesseract,0.7144343569998455,0,4,0,8,False,False,False,False,False,False,False,False,False,False,False,False
precise laplacian,red-green,tesseract,0.6024641829999382,0,4,0,8,False,False,False,False,False,False,False,False,False,False,False,False
precise laplacian,red-green,tesseract,0.6401772520002851,0,4,0,8,False,False,False,False,False,False,False,False,False,False,False,False
precise laplacian,red-green,tesseract,1.781801720000658,0,4,1,8,False,False,False,False,False,False,False,False,False,True,False,False
precise laplacian,red-green,tesseract,1.8027972820000286,0,4,0,8,False,False,False,False,False,False,False,False,False,False,False,False
precise laplacian,red-green,tesseract,0.7689579629995933,0,4,0,8,False,False,False,False,False,False,False,False,False,False,False,False
precise laplacian,red-green,tesseract,1.125121541000226,0,4,0,8,False,False,False,False,False,False,False,False,False,False,False,False
precise laplacian,red-green,tesseract,0.5612941769995814,0,4,0,8,False,False,False,False,False,False,False,False,False,False,False,False
precise laplacian,red-green,tesseract,0.5858195410000917,0,4,0,8,False,False,False,False,False,False,False,False,False,False,False,False
precise laplacian,red-green,tesseract,0.8911856889999399,0,4,0,8,False,False,False,False,False,False,False,False,False,False,False,False
precise laplacian,red-green,tesseract,0.8237948079995476,0,4,0,8,False,False,False,False,False,False,False,False,False,False,False,False
precise laplacian,red-green,tesseract,0.6758860230002028,0,4,0,8,False,False,False,False,False,False,False,False,False,False,False,False
precise laplacian,red-green,tesseract,1.687135393999597,0,4,1,8,False,False,False,False,False,False,False,False,False,True,False,False
precise laplacian,red-green,tesseract,0.9171540480001568,0,4,1,8,False,False,False,False,False,False,False,False,True,False,False,False
precise laplacian,red-green,tesseract,0.5557297459999972,0,4,0,8,False,False,False,False,False,False,False,False,False,False,False,False
precise laplacian,red-green,tesseract,0.9620192980000866,0,4,1,8,False,False,False,False,False,False,False,False,False,True,False,False
precise laplacian,red-green,easyocr,2.2850137199993696,0,4,0,8,False,False,False,False,False,False,False,False,False,False,False,False
precise laplacian,red-green,easyocr,2.2918226980000327,0,4,0,8,False,False,False,False,False,False,False,False,False,False,False,False
precise laplacian,red-green,easyocr,2.449353763000545,0,4,0,8,False,False,False,False,False,False,False,False,False,False,False,False
precise laplacian,red-green,easyocr,2.571262469999965,0,4,0,8,False,False,False,False,False,False,False,False,False,False,False,False
precise laplacian,red-green,easyocr,2.141249708000032,0,4,1,8,False,False,False,False,False,False,False,False,True,False,False,False
precise laplacian,red-green,easyocr,2.3468570310005816,0,4,0,8,False,False,False,False,False,False,False,False,False,False,False,False
precise laplacian,red-green,easyocr,2.2103674310001225,0,4,0,8,False,False,False,False,False,False,False,False,False,False,False,False
precise laplacian,red-green,easyocr,2.8169946730004085,0,4,1,8,False,False,False,False,False,False,False,False,False,True,False,False
precise laplacian,red-green,easyocr,2.621899613000096,0,4,2,8,False,False,False,False,False,False,False,False,True,True,False,False
precise laplacian,red-green,easyocr,2.1451167559998794,0,4,0,8,False,False,False,False,False,False,False,False,False,False,False,False
precise laplacian,red-green,easyocr,2.362908723000146,0,4,0,8,False,False,False,False,False,False,False,False,False,False,False,False
precise laplacian,red-green,easyocr,2.5684166840001126,0,4,0,8,False,False,False,False,False,False,False,False,False,False,False,False
precise laplacian,red-green,easyocr,2.4391315279999617,0,4,1,8,False,False,False,False,False,False,False,False,True,False,False,False
precise laplacian,red-green,easyocr,3.005984976000036,0,4,0,8,False,False,False,False,False,False,False,False,False,False,False,False
precise laplacian,red-green,easyocr,2.148250571999597,0,4,0,8,False,False,False,False,False,False,False,False,False,False,False,False
precise laplacian,red-green,easyocr,2.4897989379996943,0,4,0,8,False,False,False,False,False,False,False,False,False,False,False,False
precise laplacian,red-green,easyocr,2.37050335099957,0,4,1,8,False,False,False,False,False,False,False,False,True,False,False,False
precise laplacian,red-green,easyocr,2.451513951999914,0,4,0,8,False,False,False,False,False,False,False,False,False,False,False,False
precise laplacian,red-green,easyocr,1.975884665999729,0,4,0,8,False,False,False,False,False,False,False,False,False,False,False,False
precise laplacian,red-green,easyocr,2.464727049999965,0,4,0,8,False,False,False,False,False,False,False,False,False,False,False,False
precise laplacian,green-blue,tesseract,1.253252769000028,0,4,0,8,False,False,False,False,False,False,False,False,False,False,False,False
precise laplacian,green-blue,tesseract,0.5252319260007425,0,4,0,8,False,False,False,False,False,False,False,False,False,False,False,False
precise laplacian,green-blue,tesseract,0.8916393500003323,0,4,1,8,False,False,False,False,False,False,False,False,True,False,False,False
precise laplacian,green-blue,tesseract,1.0676501770003597,0,4,0,8,False,False,False,False,False,False,False,False,False,False,False,False
precise laplacian,green-blue,tesseract,0.6117376820002391,0,4,0,8,False,False,False,False,False,False,False,False,False,False,False,False
precise laplacian,green-blue,tesseract,0.5714093810001941,0,4,0,8,False,False,False,False,False,False,False,False,False,False,False,False
precise laplacian,green-blue,tesseract,0.6028754359995219,0,4,0,8,False,False,False,False,False,False,False,False,False,False,False,False
precise laplacian,green-blue,tesseract,1.631275235999965,0,4,0,8,False,False,False,False,False,False,False,False,False,False,False,False
precise laplacian,green-blue,tesseract,0.9275831429995378,0,4,0,8,False,False,False,False,False,False,False,False,False,False,False,False
precise laplacian,green-blue,tesseract,3.000546045000192,0,4,0,8,False,False,False,False,False,False,False,False,False,False,False,False
precise laplacian,green-blue,tesseract,0.8981410190008319,0,4,0,8,False,False,False,False,False,False,False,False,False,False,False,False
precise laplacian,green-blue,tesseract,0.5597922649994871,1,4,1,8,False,False,False,True,False,True,False,False,False,False,False,False
precise laplacian,green-blue,tesseract,0.5506272129996432,0,4,0,8,False,False,False,False,False,False,False,False,False,False,False,False
precise laplacian,green-blue,tesseract,0.8586548910006968,0,4,0,8,False,False,False,False,False,False,False,False,False,False,False,False
precise laplacian,green-blue,tesseract,0.7887301549999393,0,4,0,8,False,False,False,False,False,False,False,False,False,False,False,False
precise laplacian,green-blue,tesseract,0.5547296070008088,0,4,0,8,False,False,False,False,False,False,False,False,False,False,False,False
precise laplacian,green-blue,tesseract,1.540777418000289,0,4,1,8,False,False,False,False,False,False,False,False,False,True,False,False
precise laplacian,green-blue,tesseract,1.9853004169999622,1,4,0,8,False,True,False,False,False,False,False,False,False,False,False,False
precise laplacian,green-blue,tesseract,0.4654681600004551,0,4,0,8,False,False,False,False,False,False,False,False,False,False,False,False
precise laplacian,green-blue,tesseract,1.1057470629993986,0,4,1,8,False,False,False,False,False,False,False,False,False,True,False,False
precise laplacian,green-blue,easyocr,2.219178651999755,0,4,0,8,False,False,False,False,False,False,False,False,False,False,False,False
precise laplacian,green-blue,easyocr,2.2514942269999665,0,4,0,8,False,False,False,False,False,False,False,False,False,False,False,False
precise laplacian,green-blue,easyocr,2.3612438700001803,0,4,0,8,False,False,False,False,False,False,False,False,False,False,False,False
precise laplacian,green-blue,easyocr,2.4131051470003513,0,4,0,8,False,False,False,False,False,False,False,False,False,False,False,False
precise laplacian,green-blue,easyocr,2.1921128359999784,0,4,0,8,False,False,False,False,False,False,False,False,False,False,False,False
precise laplacian,green-blue,easyocr,2.281917268000143,0,4,0,8,False,False,False,False,False,False,False,False,False,False,False,False
precise laplacian,green-blue,easyocr,2.3533042280005247,0,4,0,8,False,False,False,False,False,False,False,False,False,False,False,False
precise laplacian,green-blue,easyocr,2.7736190839996198,0,4,0,8,False,False,False,False,False,False,False,False,False,False,False,False
precise laplacian,green-blue,easyocr,2.68960340600006,0,4,0,8,False,False,False,False,False,False,False,False,False,False,False,False
precise laplacian,green-blue,easyocr,2.283632949999628,0,4,0,8,False,False,False,False,False,False,False,False,False,False,False,False
precise laplacian,green-blue,easyocr,2.1996336359998168,0,4,0,8,False,False,False,False,False,False,False,False,False,False,False,False
precise laplacian,green-blue,easyocr,2.3413983780001217,0,4,0,8,False,False,False,False,False,False,False,False,False,False,False,False
precise laplacian,green-blue,easyocr,2.3725864160005585,0,4,0,8,False,False,False,False,False,False,False,False,False,False,False,False
precise laplacian,green-blue,easyocr,2.881216757999937,0,4,0,8,False,False,False,False,False,False,False,False,False,False,False,False
precise laplacian,green-blue,easyocr,2.1606289199999082,0,4,0,8,False,False,False,False,False,False,False,False,False,False,False,False
precise laplacian,green-blue,easyocr,2.4831134409996594,0,4,0,8,False,False,False,False,False,False,False,False,False,False,False,False
precise laplacian,green-blue,easyocr,2.175143071000093,0,4,0,8,False,False,False,False,False,False,False,False,False,False,False,False
precise laplacian,green-blue,easyocr,2.442454496999744,0,4,0,8,False,False,False,False,False,False,False,False,False,False,False,False
precise laplacian,green-blue,easyocr,2.0144995079999717,0,4,0,8,False,False,False,False,False,False,False,False,False,False,False,False
precise laplacian,green-blue,easyocr,2.445719451000514,0,4,0,8,False,False,False,False,False,False,False,False,False,False,False,False
precise laplacian,red-blue,tesseract,0.9376477960004195,0,4,0,8,False,False,False,False,False,False,False,False,False,False,False,False
precise laplacian,red-blue,tesseract,0.8614936019994275,0,4,0,8,False,False,False,False,False,False,False,False,False,False,False,False
precise laplacian,red-blue,tesseract,1.2106025709999813,0,4,1,8,False,False,False,False,False,False,False,False,True,False,False,False
precise laplacian,red-blue,tesseract,0.8864008760001525,0,4,0,8,False,False,False,False,False,False,False,False,False,False,False,False
precise laplacian,red-blue,tesseract,1.0837831529997857,0,4,0,8,False,False,False,False,False,False,False,False,False,False,False,False
precise laplacian,red-blue,tesseract,0.5904130730004908,0,4,0,8,False,False,False,False,False,False,False,False,False,False,False,False
precise laplacian,red-blue,tesseract,0.6028812390004532,0,4,0,8,False,False,False,False,False,False,False,False,False,False,False,False
precise laplacian,red-blue,tesseract,1.03803219800011,0,4,0,8,False,False,False,False,False,False,False,False,False,False,False,False
precise laplacian,red-blue,tesseract,1.5175152490000983,0,4,0,8,False,False,False,False,False,False,False,False,False,False,False,False
precise laplacian,red-blue,tesseract,1.0113440190007168,0,4,0,8,False,False,False,False,False,False,False,False,False,False,False,False
precise laplacian,red-blue,tesseract,1.1548911800000496,0,4,0,8,False,False,False,False,False,False,False,False,False,False,False,False
precise laplacian,red-blue,tesseract,1.1160232210004324,1,4,1,8,False,False,False,True,False,True,False,False,False,False,False,False
precise laplacian,red-blue,tesseract,0.6957360169999447,0,4,0,8,False,False,False,False,False,False,False,False,False,False,False,False
precise laplacian,red-blue,tesseract,0.6584585849996074,0,4,0,8,False,False,False,False,False,False,False,False,False,False,False,False
precise laplacian,red-blue,tesseract,0.7209367899995414,0,4,0,8,False,False,False,False,False,False,False,False,False,False,False,False
precise laplacian,red-blue,tesseract,0.5323006230000829,0,4,0,8,False,False,False,False,False,False,False,False,False,False,False,False
precise laplacian,red-blue,tesseract,1.6747825640004521,0,4,1,8,False,False,False,False,False,False,False,False,False,True,False,False
precise laplacian,red-blue,tesseract,1.9562075459998596,0,4,0,8,False,False,False,False,False,False,False,False,False,False,False,False
precise laplacian,red-blue,tesseract,0.5420601249998072,0,4,0,8,False,False,False,False,False,False,False,False,False,False,False,False
precise laplacian,red-blue,tesseract,1.0035672009998962,0,4,0,8,False,False,False,False,False,False,False,False,False,False,False,False
precise laplacian,red-blue,easyocr,2.3415845379995517,0,4,0,8,False,False,False,False,False,False,False,False,False,False,False,False
precise laplacian,red-blue,easyocr,2.3549766499991165,0,4,0,8,False,False,False,False,False,False,False,False,False,False,False,False
precise laplacian,red-blue,easyocr,2.4223109960003057,0,4,1,8,False,False,False,False,False,False,False,False,True,False,False,False
precise laplacian,red-blue,easyocr,2.579215259999728,0,4,0,8,False,False,False,False,False,False,False,False,False,False,False,False
precise laplacian,red-blue,easyocr,2.251161647999652,0,4,0,8,False,False,False,False,False,False,False,False,False,False,False,False
precise laplacian,red-blue,easyocr,2.3889979780005888,0,4,0,8,False,False,False,False,False,False,False,False,False,False,False,False
precise laplacian,red-blue,easyocr,2.197229598999911,0,4,0,8,False,False,False,False,False,False,False,False,False,False,False,False
precise laplacian,red-blue,easyocr,2.751717240000289,0,4,0,8,False,False,False,False,False,False,False,False,False,False,False,False
precise laplacian,red-blue,easyocr,2.6341311859996495,0,4,0,8,False,False,False,False,False,False,False,False,False,False,False,False
precise laplacian,red-blue,easyocr,2.253030712000509,0,4,0,8,False,False,False,False,False,False,False,False,False,False,False,False
precise laplacian,red-blue,easyocr,2.2651810209999894,0,4,0,8,False,False,False,False,False,False,False,False,False,False,False,False
precise laplacian,red-blue,easyocr,2.5897420419996706,1,4,1,8,False,False,False,True,False,True,False,False,False,False,False,False
precise laplacian,red-blue,easyocr,2.457990107999649,0,4,1,8,False,False,False,False,False,False,False,False,True,False,False,False
precise laplacian,red-blue,easyocr,2.9364421609998317,0,4,1,8,False,False,False,False,False,False,False,False,True,False,False,False
precise laplacian,red-blue,easyocr,2.189822641000319,0,4,0,8,False,False,False,False,False,False,False,False,False,False,False,False
precise laplacian,red-blue,easyocr,2.471956280000086,0,4,1,8,False,False,False,False,False,False,False,False,False,True,False,False
precise laplacian,red-blue,easyocr,2.274115848999827,0,4,1,8,False,False,False,False,False,False,False,False,False,True,False,False
precise laplacian,red-blue,easyocr,2.456238304999715,0,4,0,8,False,False,False,False,False,False,False,False,False,False,False,False
precise laplacian,red-blue,easyocr,1.998588853000001,0,4,0,8,False,False,False,False,False,False,False,False,False,False,False,False
precise laplacian,red-blue,easyocr,2.4289749809995556,0,4,0,8,False,False,False,False,False,False,False,False,False,False,False,False
precise laplacian,grayscale,tesseract,1.1028711869994368,0,4,0,8,False,False,False,False,False,False,False,False,False,False,False,False
precise laplacian,grayscale,tesseract,0.5042509619997873,0,4,0,8,False,False,False,False,False,False,False,False,False,False,False,False
precise laplacian,grayscale,tesseract,0.5853957119998086,0,4,0,8,False,False,False,False,False,False,False,False,False,False,False,False
precise laplacian,grayscale,tesseract,0.9869844839995494,0,4,0,8,False,False,False,False,False,False,False,False,False,False,False,False
precise laplacian,grayscale,tesseract,0.6464141820006262,0,4,0,8,False,False,False,False,False,False,False,False,False,False,False,False
precise laplacian,grayscale,tesseract,0.5679818560001877,0,4,0,8,False,False,False,False,False,False,False,False,False,False,False,False
precise laplacian,grayscale,tesseract,0.5661862059996565,0,4,0,8,False,False,False,False,False,False,False,False,False,False,False,False
precise laplacian,grayscale,tesseract,1.3554590240000834,0,4,0,8,False,False,False,False,False,False,False,False,False,False,False,False
precise laplacian,grayscale,tesseract,1.471905624000101,0,4,1,8,False,False,False,False,False,False,True,False,False,False,False,False
precise laplacian,grayscale,tesseract,0.2665302600007635,0,4,0,8,False,False,False,False,False,False,False,False,False,False,False,False
precise laplacian,grayscale,tesseract,1.1757733210006336,0,4,0,8,False,False,False,False,False,False,False,False,False,False,False,False
precise laplacian,grayscale,tesseract,0.5465015620002305,1,4,1,8,False,False,False,True,False,True,False,False,False,False,False,False
precise laplacian,grayscale,tesseract,0.526807593999365,0,4,0,8,False,False,False,False,False,False,False,False,False,False,False,False
precise laplacian,grayscale,tesseract,0.8607657080001445,0,4,0,8,False,False,False,False,False,False,False,False,False,False,False,False
precise laplacian,grayscale,tesseract,0.8602550400000837,0,4,0,8,False,False,False,False,False,False,False,False,False,False,False,False
precise laplacian,grayscale,tesseract,0.7327714679995552,0,4,0,8,False,False,False,False,False,False,False,False,False,False,False,False
precise laplacian,grayscale,tesseract,1.4448396640000283,0,4,1,8,False,False,False,False,False,False,False,False,False,True,False,False
precise laplacian,grayscale,tesseract,0.9533673989999443,0,4,0,8,False,False,False,False,False,False,False,False,False,False,False,False
precise laplacian,grayscale,tesseract,0.6337097949999588,0,4,0,8,False,False,False,False,False,False,False,False,False,False,False,False
precise laplacian,grayscale,tesseract,0.7849947419999808,0,4,0,8,False,False,False,False,False,False,False,False,False,False,False,False
precise laplacian,grayscale,easyocr,2.2577566209993165,0,4,0,8,False,False,False,False,False,False,False,False,False,False,False,False
precise laplacian,grayscale,easyocr,2.2740961709996554,0,4,1,8,False,False,False,False,False,False,False,False,True,False,False,False
precise laplacian,grayscale,easyocr,2.3939463390006495,0,4,0,8,False,False,False,False,False,False,False,False,False,False,False,False
precise laplacian,grayscale,easyocr,2.457917837000423,0,4,0,8,False,False,False,False,False,False,False,False,False,False,False,False
precise laplacian,grayscale,easyocr,2.1768586359994515,0,4,1,8,False,False,False,False,False,False,False,False,True,False,False,False
precise laplacian,grayscale,easyocr,2.3659675309991144,0,4,0,8,False,False,False,False,False,False,False,False,False,False,False,False
precise laplacian,grayscale,easyocr,2.225443852999888,0,4,0,8,False,False,False,False,False,False,False,False,False,False,False,False
precise laplacian,grayscale,easyocr,2.8544425109994336,0,4,2,8,False,False,False,False,False,False,False,False,True,True,False,False
precise laplacian,grayscale,easyocr,2.6980404939995424,0,4,2,8,False,False,False,False,False,False,False,False,True,True,False,False
precise laplacian,grayscale,easyocr,2.1861678420000317,0,4,0,8,False,False,False,False,False,False,False,False,False,False,False,False
precise laplacian,grayscale,easyocr,2.2016812229994684,0,4,0,8,False,False,False,False,False,False,False,False,False,False,False,False
precise laplacian,grayscale,easyocr,2.4531948280000506,0,4,0,8,False,False,False,False,False,False,False,False,False,False,False,False
precise laplacian,grayscale,easyocr,2.484089438999945,0,4,1,8,False,False,False,False,False,False,False,False,True,False,False,False
precise laplacian,grayscale,easyocr,2.9677019209993887,0,4,0,8,False,False,False,False,False,False,False,False,False,False,False,False
precise laplacian,grayscale,easyocr,2.2388486540003214,0,4,0,8,False,False,False,False,False,False,False,False,False,False,False,False
precise laplacian,grayscale,easyocr,2.4721204500001477,0,4,0,8,False,False,False,False,False,False,False,False,False,False,False,False
precise laplacian,grayscale,easyocr,2.373469414000283,0,4,1,8,False,False,False,False,False,False,False,False,False,True,False,False
precise laplacian,grayscale,easyocr,2.454696591999891,0,4,0,8,False,False,False,False,False,False,False,False,False,False,False,False
precise laplacian,grayscale,easyocr,2.009454275999815,0,4,0,8,False,False,False,False,False,False,False,False,False,False,False,False
precise laplacian,grayscale,easyocr,2.47954732999915,0,4,0,8,False,False,False,False,False,False,False,False,False,False,False,False
+50% saturation,none,tesseract,0.8028136420007286,3,4,5,8,True,True,True,False,False,False,True,True,True,True,False,True
+50% saturation,none,tesseract,0.4684666229995855,2,4,6,8,False,True,False,True,True,True,True,False,True,True,False,True
+50% saturation,none,tesseract,0.5971460090004257,2,4,6,8,False,True,False,True,True,True,True,True,False,False,True,True
+50% saturation,none,tesseract,0.8074339400000099,2,4,4,8,False,True,False,True,False,True,False,True,False,True,False,True
+50% saturation,none,tesseract,0.8239942270001848,0,4,0,8,False,False,False,False,False,False,False,False,False,False,False,False
+50% saturation,none,tesseract,0.8051762019995294,4,4,6,8,True,True,True,True,False,True,True,True,True,True,False,True
+50% saturation,none,tesseract,0.6106585279994761,1,4,3,8,False,False,False,True,False,True,False,True,True,False,False,False
+50% saturation,none,tesseract,0.7992044040001929,2,4,4,8,False,True,False,True,False,True,True,False,True,True,False,False
+50% saturation,none,tesseract,0.5193862730002365,4,4,6,8,True,True,True,True,False,True,True,True,True,True,False,True
+50% saturation,none,tesseract,0.8641164939999726,0,4,1,8,False,False,False,False,False,False,True,False,False,False,False,False
+50% saturation,none,tesseract,0.5862087340001381,2,4,4,8,True,False,False,True,False,True,False,True,True,True,False,False
+50% saturation,none,tesseract,0.43012083299981896,0,4,2,8,False,False,False,False,True,False,True,False,False,False,False,False
+50% saturation,none,tesseract,0.7041400739999517,2,4,4,8,True,False,False,True,False,True,True,True,True,False,False,False
+50% saturation,none,tesseract,0.7175235149998116,4,4,6,8,True,True,True,True,False,True,True,True,True,True,False,True
+50% saturation,none,tesseract,0.8750267000004897,4,4,6,8,True,True,True,True,False,True,True,True,True,True,False,True
+50% saturation,none,tesseract,0.5640513350008405,0,4,0,8,False,False,False,False,False,False,False,False,False,False,False,False
+50% saturation,none,tesseract,0.7436098970001694,0,4,2,8,False,False,False,False,False,False,False,True,False,True,False,False
+50% saturation,none,tesseract,0.6199163960000078,4,4,7,8,True,True,True,True,False,True,True,True,True,True,True,True
+50% saturation,none,tesseract,0.6382398440000543,0,4,1,8,False,False,False,False,False,False,True,False,False,False,False,False
+50% saturation,none,tesseract,0.5034495250001783,2,4,3,8,True,False,False,True,False,True,False,True,False,True,False,False
+50% saturation,none,easyocr,2.344776187000207,2,4,7,8,False,True,False,True,True,True,True,True,True,True,False,True
+50% saturation,none,easyocr,2.2113267840004482,2,4,5,8,False,True,False,True,True,True,True,True,False,False,False,True
+50% saturation,none,easyocr,2.3002004830004807,4,4,8,8,True,True,True,True,True,True,True,True,True,True,True,True
+50% saturation,none,easyocr,2.4082613130003665,2,4,6,8,False,True,False,True,True,True,True,True,False,True,False,True
+50% saturation,none,easyocr,2.566236654000022,1,4,5,8,False,False,False,True,False,True,True,True,True,True,False,False
+50% saturation,none,easyocr,2.518732554000053,1,4,2,8,False,False,False,True,False,True,False,True,False,False,False,False
+50% saturation,none,easyocr,2.406652841000323,2,4,4,8,False,True,False,True,True,True,False,True,False,False,False,True
+50% saturation,none,easyocr,2.674718874000064,4,4,7,8,True,True,True,True,True,True,True,True,True,True,False,True
+50% saturation,none,easyocr,2.507249598999806,2,4,7,8,False,True,False,True,True,True,True,True,True,False,True,True
+50% saturation,none,easyocr,2.470937848000176,1,4,1,8,False,True,False,False,False,False,False,False,False,True,False,False
+50% saturation,none,easyocr,2.5226454289995672,2,4,6,8,False,True,False,True,True,True,True,True,False,False,True,True
+50% saturation,none,easyocr,2.440957769999841,1,4,4,8,False,False,False,True,False,True,True,True,True,False,False,False
+50% saturation,none,easyocr,2.586729543000729,2,4,3,8,False,True,False,True,False,True,False,True,False,False,False,True
+50% saturation,none,easyocr,2.8105750199993054,2,4,4,8,False,True,False,True,False,True,False,True,True,False,False,True
+50% saturation,none,easyocr,2.4180526360005388,2,4,5,8,False,True,False,True,False,True,True,True,False,False,True,True
+50% saturation,none,easyocr,2.476553456000147,1,4,2,8,False,False,False,True,False,True,True,False,False,False,False,False
+50% saturation,none,easyocr,2.408667608000542,1,4,4,8,False,False,False,True,False,True,True,True,True,False,False,False
+50% saturation,none,easyocr,2.3424492190006276,2,4,4,8,False,True,False,True,True,True,False,True,False,False,False,True
+50% saturation,none,easyocr,2.369998922999912,2,4,5,8,False,True,False,True,True,True,True,True,False,False,False,True
+50% saturation,none,easyocr,2.391515835000064,2,4,5,8,False,True,False,True,False,True,True,True,True,False,False,True
+50% saturation,blue,tesseract,0.518494238999665,3,4,5,8,True,True,True,False,False,False,True,True,True,True,False,True
+50% saturation,blue,tesseract,0.6979963530002351,2,4,6,8,False,True,False,True,True,True,True,False,True,True,False,True
+50% saturation,blue,tesseract,0.4287698640000599,0,4,0,8,False,False,False,False,False,False,False,False,False,False,False,False
+50% saturation,blue,tesseract,0.573379118000048,2,4,5,8,False,True,False,True,False,True,True,True,True,False,False,True
+50% saturation,blue,tesseract,0.5484910579998541,0,4,5,8,False,False,False,False,False,False,True,True,True,True,True,False
+50% saturation,blue,tesseract,0.4547559100001308,0,4,2,8,False,False,False,False,False,False,False,True,True,False,False,False
+50% saturation,blue,tesseract,0.5001249889992323,1,4,2,8,False,False,False,True,False,True,False,False,True,False,False,False
+50% saturation,blue,tesseract,0.47391961100038316,1,4,3,8,False,True,False,False,False,False,True,True,False,False,False,True
+50% saturation,blue,tesseract,0.4857434519999515,4,4,6,8,True,True,True,True,False,True,True,True,True,True,False,True
+50% saturation,blue,tesseract,0.5202778420007235,0,4,1,8,False,False,False,False,False,False,False,True,False,False,False,False
+50% saturation,blue,tesseract,0.5756901169997946,2,4,4,8,False,True,False,True,False,True,True,True,False,False,False,True
+50% saturation,blue,tesseract,0.6056382280003163,1,4,1,8,False,False,False,True,False,True,False,False,False,False,False,False
+50% saturation,blue,tesseract,0.502130455999577,1,4,2,8,False,False,False,True,False,True,True,False,False,False,False,False
+50% saturation,blue,tesseract,0.6343914159997439,4,4,6,8,True,True,True,True,False,True,True,True,True,True,False,True
+50% saturation,blue,tesseract,0.7365120829999796,2,4,7,8,False,True,False,True,True,True,True,True,True,True,False,True
+50% saturation,blue,tesseract,0.38818079799966654,0,4,1,8,False,False,False,False,False,False,True,False,False,False,False,False
+50% saturation,blue,tesseract,0.5827569160001076,0,4,2,8,False,False,False,False,False,False,False,True,False,True,False,False
+50% saturation,blue,tesseract,0.512445805000425,2,4,4,8,True,False,False,True,False,True,False,True,True,True,False,False
+50% saturation,blue,tesseract,0.4465485239998088,0,4,4,8,False,False,False,False,False,False,True,True,True,True,False,False
+50% saturation,blue,tesseract,0.4429677130001437,2,4,4,8,False,True,False,True,False,True,True,False,False,True,False,True
+50% saturation,blue,easyocr,2.2507791369998813,1,4,5,8,False,False,False,True,True,True,True,True,False,True,False,False
+50% saturation,blue,easyocr,2.232453496000744,3,4,5,8,True,True,False,True,True,True,False,True,False,True,False,True
+50% saturation,blue,easyocr,2.217091855000035,4,4,8,8,True,True,True,True,True,True,True,True,True,True,True,True
+50% saturation,blue,easyocr,2.374851134999517,4,4,6,8,True,True,True,True,True,True,False,True,True,True,False,True
+50% saturation,blue,easyocr,2.2543180069997106,1,4,6,8,False,False,False,True,False,True,True,True,True,True,True,False
+50% saturation,blue,easyocr,2.2694239660004314,3,4,5,8,True,True,False,True,False,True,True,False,True,True,False,True
+50% saturation,blue,easyocr,2.2772665239999696,2,4,5,8,True,False,False,True,False,True,True,True,True,True,False,False
+50% saturation,blue,easyocr,2.6716093579998414,4,4,6,8,True,True,True,True,True,True,False,True,True,True,False,True
+50% saturation,blue,easyocr,2.378184620999491,4,4,8,8,True,True,True,True,True,True,True,True,True,True,True,True
+50% saturation,blue,easyocr,2.3974424219995853,1,4,1,8,False,True,False,False,False,False,False,False,False,True,False,False
+50% saturation,blue,easyocr,2.226254214000619,4,4,7,8,True,True,True,True,True,True,True,True,True,True,False,True
+50% saturation,blue,easyocr,2.1827037659995767,1,4,5,8,False,False,False,True,False,True,True,True,True,True,False,False
+50% saturation,blue,easyocr,2.4986868089999916,2,4,3,8,False,True,False,True,False,True,False,True,False,False,False,True
+50% saturation,blue,easyocr,2.4625449430004664,3,4,6,8,True,True,False,True,True,True,True,True,True,False,False,True
+50% saturation,blue,easyocr,2.3639110569993136,4,4,7,8,True,True,True,True,False,True,True,True,True,True,True,True
+50% saturation,blue,easyocr,2.3913506250000864,1,4,1,8,False,False,False,True,False,True,False,False,False,False,False,False
+50% saturation,blue,easyocr,2.291267587999755,1,4,5,8,False,False,False,True,True,True,True,True,True,False,False,False
+50% saturation,blue,easyocr,2.3017423949995646,4,4,7,8,True,True,True,True,True,True,True,True,True,True,False,True
+50% saturation,blue,easyocr,2.1722685679997085,2,4,3,8,False,True,False,True,False,True,False,True,False,False,False,True
+50% saturation,blue,easyocr,2.3608118110005307,2,4,2,8,False,True,False,True,False,True,False,True,False,False,False,False
+50% saturation,green,tesseract,0.5121515609998823,0,4,0,8,False,False,False,False,False,False,False,False,False,False,False,False
+50% saturation,green,tesseract,0.42472427699976834,2,4,6,8,False,True,False,True,True,True,True,False,True,True,False,True
+50% saturation,green,tesseract,0.4911167320005916,4,4,8,8,True,True,True,True,True,True,True,True,True,True,True,True
+50% saturation,green,tesseract,0.5710886260003463,2,4,6,8,False,True,False,True,False,True,True,True,True,False,True,True
+50% saturation,green,tesseract,0.709830635999424,0,4,1,8,False,False,False,False,False,False,False,False,True,False,False,False
+50% saturation,green,tesseract,0.5795855199994548,4,4,6,8,True,True,True,True,False,True,True,True,True,True,False,True
+50% saturation,green,tesseract,0.4960842899999989,1,4,2,8,False,False,False,True,False,True,False,False,True,False,False,False
+50% saturation,green,tesseract,0.4461960300004648,1,4,2,8,False,False,False,True,False,True,False,True,False,False,False,False
+50% saturation,green,tesseract,0.8227074169999469,4,4,6,8,True,True,True,True,False,True,True,True,True,True,False,True
+50% saturation,green,tesseract,0.5684435780003696,1,4,2,8,False,True,False,False,False,False,False,False,False,True,False,True
+50% saturation,green,tesseract,0.5278366590000587,2,4,4,8,False,True,False,True,False,True,True,True,False,False,False,True
+50% saturation,green,tesseract,0.4022936060000575,1,4,3,8,False,False,False,True,True,True,True,False,False,False,False,False
+50% saturation,green,tesseract,0.5131637969998337,0,4,1,8,False,False,False,False,False,False,False,False,True,False,False,False
+50% saturation,green,tesseract,0.735347482999714,2,4,4,8,False,True,False,True,False,True,False,True,True,False,False,True
+50% saturation,green,tesseract,0.6742431439997745,2,4,5,8,False,True,False,True,True,True,False,True,False,True,False,True
+50% saturation,green,tesseract,0.3904880689997299,0,4,1,8,False,False,False,False,False,False,True,False,False,False,False,False
+50% saturation,green,tesseract,0.7447244340000907,1,4,3,8,False,False,False,True,False,True,True,True,False,False,False,False
+50% saturation,green,tesseract,0.4993488560003243,4,4,7,8,True,True,True,True,False,True,True,True,True,True,True,True
+50% saturation,green,tesseract,0.5380490440002177,0,4,2,8,False,False,False,False,False,False,True,False,True,False,False,False
+50% saturation,green,tesseract,0.6802397999999812,4,4,6,8,True,True,True,True,False,True,True,True,True,True,False,True
+50% saturation,green,easyocr,2.2371650209997824,1,4,4,8,False,True,False,False,False,False,True,True,False,True,False,True
+50% saturation,green,easyocr,2.2004645890001484,2,4,5,8,False,True,False,True,True,True,True,True,False,False,False,True
+50% saturation,green,easyocr,2.2148829090001527,4,4,8,8,True,True,True,True,True,True,True,True,True,True,True,True
+50% saturation,green,easyocr,2.3215790499998548,4,4,6,8,True,True,True,True,False,True,True,True,True,True,False,True
+50% saturation,green,easyocr,2.2701949590000368,1,4,5,8,False,False,False,True,False,True,True,True,True,True,False,False
+50% saturation,green,easyocr,2.3125261349996435,2,4,2,8,False,True,False,True,False,True,False,False,False,False,False,True
+50% saturation,green,easyocr,2.4288651790002405,1,4,3,8,False,False,False,True,True,True,False,True,False,False,False,False
+50% saturation,green,easyocr,2.6184416999994937,2,4,5,8,False,True,False,True,True,True,False,True,False,True,False,True
+50% saturation,green,easyocr,2.526373730999694,2,4,6,8,False,True,False,True,True,True,True,True,True,False,False,True
+50% saturation,green,easyocr,2.288744826999391,2,4,2,8,False,True,False,True,False,True,False,False,False,True,False,False
+50% saturation,green,easyocr,2.34083867299978,2,4,6,8,False,True,False,True,True,True,True,True,False,False,True,True
+50% saturation,green,easyocr,2.324410560000615,2,4,5,8,True,False,False,True,False,True,True,True,True,True,False,False
+50% saturation,green,easyocr,2.373391979999724,1,4,2,8,False,True,False,False,False,False,False,True,False,False,False,True
+50% saturation,green,easyocr,2.836474344000635,4,4,5,8,True,True,True,True,False,True,False,True,True,True,False,True
+50% saturation,green,easyocr,2.30421769700024,4,4,6,8,True,True,True,True,False,True,False,True,True,True,True,True
+50% saturation,green,easyocr,2.5002870620000976,1,4,2,8,False,False,False,True,False,True,False,True,False,False,False,False
+50% saturation,green,easyocr,2.3895664740002758,1,4,2,8,False,False,False,True,False,True,True,False,False,False,False,False
+50% saturation,green,easyocr,2.2913009630001397,2,4,4,8,False,True,False,True,False,True,True,True,False,False,False,True
+50% saturation,green,easyocr,2.4268366920005064,1,4,4,8,False,False,False,True,True,True,True,True,False,False,False,False
+50% saturation,green,easyocr,2.3553035260001707,2,4,3,8,False,True,False,True,False,True,False,True,True,False,False,False
+50% saturation,red,tesseract,0.5947097600001143,4,4,6,8,True,True,True,True,False,True,True,True,True,True,False,True
+50% saturation,red,tesseract,0.8468968880006287,4,4,7,8,True,True,True,True,True,True,True,True,True,True,False,True
+50% saturation,red,tesseract,0.6420382639998934,4,4,8,8,True,True,True,True,True,True,True,True,True,True,True,True
+50% saturation,red,tesseract,0.7125101730007373,2,4,4,8,False,True,False,True,False,True,False,True,False,True,False,True
+50% saturation,red,tesseract,0.6832445360005295,1,4,4,8,False,True,False,False,False,False,True,False,True,True,True,False
+50% saturation,red,tesseract,0.7046984610005893,4,4,6,8,True,True,True,True,False,True,True,True,True,True,False,True
+50% saturation,red,tesseract,0.5494541070002015,1,4,1,8,False,False,False,True,False,True,False,False,False,False,False,False
+50% saturation,red,tesseract,0.787505503999455,4,4,6,8,True,True,True,True,False,True,True,True,True,True,False,True
+50% saturation,red,tesseract,0.49944027899982757,4,4,6,8,True,True,True,True,False,True,True,True,True,True,False,True
+50% saturation,red,tesseract,0.7732001169997602,0,4,1,8,False,False,False,False,False,False,False,False,False,True,False,False
+50% saturation,red,tesseract,0.47094354599994404,2,4,4,8,True,False,False,True,False,True,False,True,True,True,False,False
+50% saturation,red,tesseract,0.592738848999943,1,4,3,8,False,False,False,True,False,True,False,True,False,True,False,False
+50% saturation,red,tesseract,0.6795755849998386,1,4,3,8,False,False,False,True,False,True,True,False,True,False,False,False
+50% saturation,red,tesseract,0.8740116139997554,2,4,5,8,False,True,False,True,False,True,True,True,True,False,False,True
+50% saturation,red,tesseract,0.7087061350002841,4,4,7,8,True,True,True,True,True,True,True,True,True,True,False,True
+50% saturation,red,tesseract,0.4915241500002594,0,4,1,8,False,False,False,False,False,False,True,False,False,False,False,False
+50% saturation,red,tesseract,0.6172437209997952,0,4,2,8,False,False,False,False,False,False,False,True,False,True,False,False
+50% saturation,red,tesseract,0.5291148779997457,4,4,7,8,True,True,True,True,False,True,True,True,True,True,True,True
+50% saturation,red,tesseract,0.4251687010000751,0,4,2,8,False,False,False,False,False,False,True,False,True,False,False,False
+50% saturation,red,tesseract,0.4859667270002319,1,4,2,8,False,False,False,True,False,True,False,False,False,True,False,False
+50% saturation,red,easyocr,2.344805761000316,2,4,5,8,False,True,False,True,False,True,True,True,True,False,False,True
+50% saturation,red,easyocr,2.261397752999983,2,4,5,8,False,True,False,True,True,True,False,True,True,False,False,True
+50% saturation,red,easyocr,2.370033182000043,2,4,6,8,False,True,False,True,True,True,True,True,False,False,True,True
+50% saturation,red,easyocr,2.404056737999781,2,4,6,8,False,True,False,True,True,True,False,True,True,True,False,True
+50% saturation,red,easyocr,2.6250282199998765,1,4,4,8,False,False,False,True,False,True,True,True,False,False,True,False
+50% saturation,red,easyocr,2.549181420000423,1,4,5,8,False,False,False,True,False,True,True,True,True,False,False,True
+50% saturation,red,easyocr,2.3783445059998485,1,4,2,8,False,False,False,True,False,True,False,True,False,False,False,False
+50% saturation,red,easyocr,2.58696413799953,2,4,6,8,False,True,False,True,True,True,True,True,False,True,False,True
+50% saturation,red,easyocr,2.5666220969997084,2,4,6,8,False,True,False,True,True,True,True,True,True,False,False,True
+50% saturation,red,easyocr,2.6938941250000425,1,4,0,8,False,True,False,False,False,False,False,False,False,False,False,False
+50% saturation,red,easyocr,2.55899718100045,2,4,6,8,False,True,False,True,True,True,True,True,False,False,True,True
+50% saturation,red,easyocr,2.504293327999221,1,4,3,8,False,False,False,True,False,True,True,True,False,False,False,False
+50% saturation,red,easyocr,2.5333047190006255,2,4,3,8,False,True,False,True,False,True,False,True,False,False,False,True
+50% saturation,red,easyocr,3.0295164600001954,2,4,4,8,False,True,False,True,False,True,False,True,True,False,False,True
+50% saturation,red,easyocr,2.4452522149995275,2,4,4,8,False,True,False,True,False,True,False,True,False,False,True,True
+50% saturation,red,easyocr,2.476521362999847,1,4,2,8,False,False,False,True,False,True,False,True,False,False,False,False
+50% saturation,red,easyocr,2.406872796999778,1,4,3,8,False,False,False,True,False,True,True,True,False,False,False,False
+50% saturation,red,easyocr,2.2831449400000565,2,4,5,8,False,True,False,True,False,True,True,True,True,False,False,True
+50% saturation,red,easyocr,2.4272837770004116,2,4,4,8,False,True,False,True,False,True,False,True,False,True,False,True
+50% saturation,red,easyocr,2.375319777999721,2,4,3,8,False,True,False,True,False,True,False,True,True,False,False,False
+50% saturation,red-green,tesseract,0.6017879350001749,4,4,6,8,True,True,True,True,False,True,True,True,True,True,False,True
+50% saturation,red-green,tesseract,0.8379660749997129,4,4,7,8,True,True,True,True,True,True,True,True,True,True,False,True
+50% saturation,red-green,tesseract,0.638008474000344,4,4,7,8,True,True,True,True,False,True,True,True,True,True,True,True
+50% saturation,red-green,tesseract,0.7074353319994771,4,4,6,8,True,True,True,True,False,True,False,True,True,True,True,True
+50% saturation,red-green,tesseract,0.6528995680000662,1,4,5,8,True,False,False,False,False,False,True,True,True,True,False,True
+50% saturation,red-green,tesseract,0.705416155000421,4,4,6,8,True,True,True,True,False,True,True,True,True,True,False,True
+50% saturation,red-green,tesseract,0.5185008640000888,1,4,2,8,False,False,False,True,False,True,False,True,False,False,False,False
+50% saturation,red-green,tesseract,0.7346288800008551,1,4,5,8,False,False,False,True,False,True,True,False,False,True,True,True
+50% saturation,red-green,tesseract,0.8629913390004731,4,4,6,8,True,True,True,True,False,True,True,True,True,True,False,True
+50% saturation,red-green,tesseract,0.6328176770002756,0,4,0,8,False,False,False,False,False,False,False,False,False,False,False,False
+50% saturation,red-green,tesseract,0.5118203700003505,4,4,6,8,True,True,True,True,False,True,True,True,True,True,False,True
+50% saturation,red-green,tesseract,0.3912244679995638,0,4,2,8,False,False,False,False,True,False,True,False,False,False,False,False
+50% saturation,red-green,tesseract,0.6360682140002609,1,4,3,8,False,False,False,True,False,True,True,False,True,False,False,False
+50% saturation,red-green,tesseract,0.8230636090002008,2,4,4,8,False,True,False,True,False,True,False,True,True,False,False,True
+50% saturation,red-green,tesseract,0.8559312320003301,4,4,6,8,True,True,True,True,False,True,True,True,True,True,False,True
+50% saturation,red-green,tesseract,0.5391054399997302,1,4,1,8,False,False,False,True,False,True,False,False,False,False,False,False
+50% saturation,red-green,tesseract,0.7624229259999993,2,4,3,8,True,True,False,False,False,False,True,True,False,True,False,False
+50% saturation,red-green,tesseract,0.503829751000012,4,4,6,8,True,True,True,True,False,True,True,True,True,True,False,True
+50% saturation,red-green,tesseract,0.47285148199989635,0,4,2,8,False,False,False,False,False,False,True,False,True,False,False,False
+50% saturation,red-green,tesseract,0.6679952559998128,4,4,6,8,True,True,True,True,False,True,True,True,True,True,False,True
+50% saturation,red-green,easyocr,2.320653365999533,2,4,5,8,False,True,False,True,True,True,True,True,False,False,False,True
+50% saturation,red-green,easyocr,2.2161951309999495,2,4,6,8,False,True,False,True,True,True,True,True,True,False,False,True
+50% saturation,red-green,easyocr,2.3349957899999936,2,4,6,8,False,True,False,True,True,True,True,True,False,False,True,True
+50% saturation,red-green,easyocr,2.392371490000187,2,4,5,8,False,True,False,True,False,True,True,True,False,True,False,True
+50% saturation,red-green,easyocr,2.5632846380003684,1,4,4,8,False,False,False,True,False,True,True,True,True,False,False,False
+50% saturation,red-green,easyocr,2.5255969130002995,2,4,3,8,False,True,False,True,False,True,False,True,False,False,False,True
+50% saturation,red-green,easyocr,2.340888312000061,1,4,2,8,False,False,False,True,False,True,False,True,False,False,False,False
+50% saturation,red-green,easyocr,2.629302598000322,2,4,6,8,False,True,False,True,True,True,True,True,False,True,False,True
+50% saturation,red-green,easyocr,2.5718759199999113,2,4,6,8,False,True,False,True,True,True,True,True,True,False,False,True
+50% saturation,red-green,easyocr,2.5432630360000985,2,4,1,8,False,True,False,True,False,True,False,False,False,False,False,False
+50% saturation,red-green,easyocr,2.5446242409998376,2,4,5,8,False,True,False,True,True,True,True,True,False,False,False,True
+50% saturation,red-green,easyocr,2.5264798469997913,1,4,3,8,False,False,False,True,False,True,True,True,False,False,False,False
+50% saturation,red-green,easyocr,2.5041827139993984,2,4,3,8,False,True,False,True,False,True,False,True,False,False,False,True
+50% saturation,red-green,easyocr,2.8178668780001317,2,4,5,8,False,True,False,True,False,True,True,True,True,False,False,True
+50% saturation,red-green,easyocr,2.455092118000721,2,4,5,8,False,True,False,True,False,True,True,True,False,False,True,True
+50% saturation,red-green,easyocr,2.51456704300017,1,4,2,8,False,False,False,True,False,True,False,True,False,False,False,False
+50% saturation,red-green,easyocr,2.3971793159998924,1,4,4,8,False,False,False,True,False,True,True,True,True,False,False,False
+50% saturation,red-green,easyocr,2.3067058239994367,2,4,4,8,False,True,False,True,False,True,False,True,True,False,False,True
+50% saturation,red-green,easyocr,2.4085008259999086,2,4,5,8,False,True,False,True,True,True,True,True,False,False,False,True
+50% saturation,red-green,easyocr,2.352017745000012,2,4,3,8,False,True,False,True,False,True,False,True,True,False,False,False
+50% saturation,green-blue,tesseract,0.5560331819997373,4,4,6,8,True,True,True,True,False,True,True,True,True,True,False,True
+50% saturation,green-blue,tesseract,0.6861608239996713,2,4,4,8,False,True,False,True,True,True,True,False,False,False,False,True
+50% saturation,green-blue,tesseract,0.4745811530001447,4,4,8,8,True,True,True,True,True,True,True,True,True,True,True,True
+50% saturation,green-blue,tesseract,0.6314465369996469,2,4,6,8,False,True,False,True,False,True,True,True,True,False,True,True
+50% saturation,green-blue,tesseract,0.5218916419999005,1,4,5,8,False,True,False,False,False,False,True,True,True,True,True,False
+50% saturation,green-blue,tesseract,0.5381481679996796,2,4,4,8,True,True,False,False,False,False,True,True,True,False,False,True
+50% saturation,green-blue,tesseract,0.6544813790005719,1,4,1,8,False,False,False,True,False,True,False,False,False,False,False,False
+50% saturation,green-blue,tesseract,0.5424712690000888,2,4,6,8,False,True,False,True,False,True,True,True,False,True,True,True
+50% saturation,green-blue,tesseract,0.7681801589997121,4,4,6,8,True,True,True,True,False,True,True,True,True,True,False,True
+50% saturation,green-blue,tesseract,0.5253079610001805,2,4,3,8,True,True,False,False,False,False,False,False,True,True,False,True
+50% saturation,green-blue,tesseract,0.5251872950002507,4,4,6,8,True,True,True,True,False,True,True,True,True,True,False,True
+50% saturation,green-blue,tesseract,0.3380282059997626,1,4,2,8,False,True,False,False,True,False,True,False,False,False,False,False
+50% saturation,green-blue,tesseract,0.5194756889995915,0,4,1,8,False,False,False,False,False,False,True,False,False,False,False,False
+50% saturation,green-blue,tesseract,0.6023622399998203,2,4,5,8,False,True,False,True,False,True,True,True,True,False,False,True
+50% saturation,green-blue,tesseract,0.7091849089993048,2,4,7,8,False,True,False,True,False,True,True,True,True,True,True,True
+50% saturation,green-blue,tesseract,0.38986273600039567,0,4,1,8,False,False,False,False,False,False,True,False,False,False,False,False
+50% saturation,green-blue,tesseract,0.5924561729998459,1,4,2,8,False,True,False,False,False,False,False,True,False,False,False,True
+50% saturation,green-blue,tesseract,0.4732454029999644,4,4,7,8,True,True,True,True,False,True,True,True,True,True,True,True
+50% saturation,green-blue,tesseract,0.5000660120003886,0,4,3,8,False,False,False,False,False,False,True,False,True,True,False,False
+50% saturation,green-blue,tesseract,0.46122102299977996,2,4,4,8,False,True,False,True,False,True,True,False,False,True,False,True
+50% saturation,green-blue,easyocr,2.2940387210001063,2,4,6,8,True,False,False,True,True,True,True,True,True,True,False,False
+50% saturation,green-blue,easyocr,2.2339367889999266,2,4,5,8,False,True,False,True,True,True,True,True,False,False,False,True
+50% saturation,green-blue,easyocr,2.2126726369997414,4,4,8,8,True,True,True,True,True,True,True,True,True,True,True,True
+50% saturation,green-blue,easyocr,2.407746739999311,4,4,6,8,True,True,True,True,False,True,True,True,True,True,False,True
+50% saturation,green-blue,easyocr,2.2672719199999847,1,4,5,8,False,False,False,True,False,True,True,True,True,True,False,False
+50% saturation,green-blue,easyocr,2.2773159429998486,3,4,4,8,True,True,False,True,False,True,False,False,True,True,False,True
+50% saturation,green-blue,easyocr,2.3363244120000672,1,4,2,8,False,False,False,True,False,True,False,True,False,False,False,False
+50% saturation,green-blue,easyocr,2.6872117299999445,4,4,7,8,True,True,True,True,True,True,True,True,True,True,False,True
+50% saturation,green-blue,easyocr,2.512425665000592,2,4,6,8,False,True,False,True,True,True,True,True,False,False,True,True
+50% saturation,green-blue,easyocr,2.410920415999499,2,4,3,8,False,True,False,True,False,True,True,False,False,True,False,False
+50% saturation,green-blue,easyocr,2.365814369000873,4,4,8,8,True,True,True,True,True,True,True,True,True,True,True,True
+50% saturation,green-blue,easyocr,2.174480376000247,2,4,4,8,True,False,False,True,False,True,False,True,True,True,False,False
+50% saturation,green-blue,easyocr,2.4547286689994507,1,4,2,8,False,True,False,False,False,False,False,True,False,False,False,True
+50% saturation,green-blue,easyocr,2.8216492250003284,4,4,6,8,True,True,True,True,False,True,True,True,True,True,False,True
+50% saturation,green-blue,easyocr,2.3992673189995912,2,4,6,8,False,True,False,True,False,True,True,True,True,True,False,True
+50% saturation,green-blue,easyocr,2.4822251969999343,1,4,3,8,False,False,False,True,False,True,False,True,False,True,False,False
+50% saturation,green-blue,easyocr,2.396142644000065,1,4,3,8,False,False,False,True,False,True,True,True,False,False,False,False
+50% saturation,green-blue,easyocr,2.3538688449998517,2,4,5,8,False,True,False,True,True,True,True,True,False,False,False,True
+50% saturation,green-blue,easyocr,2.453500626999812,2,4,5,8,False,True,False,True,True,True,True,True,False,False,False,True
+50% saturation,green-blue,easyocr,2.3951861180003107,4,4,5,8,True,True,True,True,False,True,False,True,True,True,False,True
+50% saturation,red-blue,tesseract,0.643984986999385,1,4,5,8,True,False,False,False,False,False,True,True,True,True,False,True
+50% saturation,red-blue,tesseract,0.761608702000558,4,4,7,8,True,True,True,True,True,True,True,True,True,True,False,True
+50% saturation,red-blue,tesseract,0.4877298300007169,4,4,8,8,True,True,True,True,True,True,True,True,True,True,True,True
+50% saturation,red-blue,tesseract,0.6098396089992093,2,4,5,8,False,True,False,True,False,True,True,True,True,False,False,True
+50% saturation,red-blue,tesseract,0.650596511999538,1,4,6,8,True,False,False,False,False,False,True,True,True,True,True,True
+50% saturation,red-blue,tesseract,0.5744043889999375,3,4,5,8,True,True,True,False,False,False,True,True,True,True,False,True
+50% saturation,red-blue,tesseract,0.5674883270003193,1,4,2,8,False,False,False,True,False,True,False,False,False,True,False,False
+50% saturation,red-blue,tesseract,0.6943528769998011,2,4,4,8,False,True,False,True,False,True,True,True,False,True,False,False
+50% saturation,red-blue,tesseract,0.477746118000141,2,4,5,8,False,True,False,True,False,True,True,True,False,False,True,True
+50% saturation,red-blue,tesseract,0.5200145079998038,0,4,1,8,False,False,False,False,False,False,False,False,True,False,False,False
+50% saturation,red-blue,tesseract,0.5691831590002039,4,4,6,8,True,True,True,True,False,True,True,True,True,True,False,True
+50% saturation,red-blue,tesseract,0.6371974920002685,1,4,3,8,False,False,False,True,False,True,False,True,True,False,False,False
+50% saturation,red-blue,tesseract,0.66886659300053,2,4,4,8,True,False,False,True,False,True,True,True,True,False,False,False
+50% saturation,red-blue,tesseract,0.8437171160003345,3,4,5,8,True,True,True,False,False,False,True,True,True,True,False,True
+50% saturation,red-blue,tesseract,0.8959860909999406,4,4,6,8,True,True,True,True,False,True,True,True,True,True,False,True
+50% saturation,red-blue,tesseract,0.5064968689994203,0,4,0,8,False,False,False,False,False,False,False,False,False,False,False,False
+50% saturation,red-blue,tesseract,0.7214420729997073,0,4,2,8,False,False,False,False,False,False,False,True,False,True,False,False
+50% saturation,red-blue,tesseract,0.5279096000003847,4,4,6,8,True,True,True,True,False,True,True,True,True,True,False,True
+50% saturation,red-blue,tesseract,0.4549207549998755,0,4,2,8,False,False,False,False,False,False,True,True,False,False,False,False
+50% saturation,red-blue,tesseract,0.4570594570004687,2,4,6,8,False,True,False,True,False,True,True,False,True,True,True,True
+50% saturation,red-blue,easyocr,2.362473520999629,2,4,5,8,False,True,False,True,True,True,True,True,False,False,False,True
+50% saturation,red-blue,easyocr,2.261321563999445,2,4,5,8,False,True,False,True,True,True,True,True,False,False,False,True
+50% saturation,red-blue,easyocr,2.3173662660001355,2,4,6,8,False,True,False,True,True,True,True,True,False,False,True,True
+50% saturation,red-blue,easyocr,2.4660343360001207,2,4,5,8,False,True,False,True,False,True,True,True,False,True,False,True
+50% saturation,red-blue,easyocr,2.6745290090002527,1,4,3,8,False,False,False,True,False,True,True,True,False,False,False,False
+50% saturation,red-blue,easyocr,2.4353465439999127,2,4,4,8,False,True,False,True,False,True,True,True,False,False,False,True
+50% saturation,red-blue,easyocr,2.3460082040001,2,4,4,8,True,False,False,True,False,True,False,True,True,True,False,False
+50% saturation,red-blue,easyocr,2.735088381999958,2,4,6,8,False,True,False,True,True,True,True,True,True,False,False,True
+50% saturation,red-blue,easyocr,2.5491870169998947,2,4,6,8,False,True,False,True,True,True,True,True,False,False,True,True
+50% saturation,red-blue,easyocr,2.6387319690002187,2,4,1,8,False,True,False,True,False,True,False,False,False,False,False,False
+50% saturation,red-blue,easyocr,2.577174725000077,2,4,6,8,False,True,False,True,True,True,True,True,False,False,True,True
+50% saturation,red-blue,easyocr,2.5389697460004754,1,4,3,8,False,False,False,True,False,True,True,True,False,False,False,False
+50% saturation,red-blue,easyocr,2.520557380000355,2,4,3,8,False,True,False,True,False,True,False,True,False,False,False,True
+50% saturation,red-blue,easyocr,2.8194928309994793,4,4,6,8,True,True,True,True,True,True,False,True,True,True,False,True
+50% saturation,red-blue,easyocr,2.417673296999965,2,4,6,8,False,True,False,True,True,True,True,True,False,False,True,True
+50% saturation,red-blue,easyocr,2.5378045019997444,1,4,4,8,False,False,False,True,False,True,True,True,False,True,False,False
+50% saturation,red-blue,easyocr,2.4089357100001507,1,4,4,8,False,False,False,True,True,True,True,True,False,False,False,False
+50% saturation,red-blue,easyocr,2.2706691169996702,2,4,5,8,False,True,False,True,True,True,True,True,False,False,False,True
+50% saturation,red-blue,easyocr,2.3479084800001147,2,4,5,8,False,True,False,True,False,True,False,True,True,True,False,True
+50% saturation,red-blue,easyocr,2.3688600879995647,4,4,4,8,True,True,True,True,False,True,False,True,True,True,False,False
+50% saturation,grayscale,tesseract,0.5405513570003677,1,4,3,8,False,True,False,False,False,False,True,True,False,False,False,True
+50% saturation,grayscale,tesseract,0.7587613850000707,4,4,7,8,True,True,True,True,True,True,True,True,True,True,False,True
+50% saturation,grayscale,tesseract,0.5539807550003388,4,4,7,8,True,True,True,True,False,True,True,True,True,True,True,True
+50% saturation,grayscale,tesseract,0.6280496170002152,2,4,5,8,False,True,False,True,False,True,True,True,True,False,False,True
+50% saturation,grayscale,tesseract,0.5305847509998785,1,4,6,8,False,True,False,False,False,False,True,True,True,True,True,True
+50% saturation,grayscale,tesseract,0.7402363760002117,3,4,5,8,True,True,False,True,False,True,True,True,True,False,False,True
+50% saturation,grayscale,tesseract,0.5338403510004355,1,4,3,8,False,False,False,True,False,True,True,True,False,False,False,False
+50% saturation,grayscale,tesseract,0.6767572600001586,2,4,6,8,False,True,False,True,False,True,True,False,True,True,True,True
+50% saturation,grayscale,tesseract,0.8162575659998765,4,4,6,8,True,True,True,True,False,True,True,True,True,True,False,True
+50% saturation,grayscale,tesseract,0.5462145989995406,1,4,1,8,False,True,False,False,False,False,False,False,False,False,False,True
+50% saturation,grayscale,tesseract,0.514751552999769,4,4,6,8,True,True,True,True,False,True,True,True,True,True,False,True
+50% saturation,grayscale,tesseract,0.40565063699978055,0,4,2,8,False,False,False,False,True,False,True,False,False,False,False,False
+50% saturation,grayscale,tesseract,0.5264787690002777,0,4,1,8,False,False,False,False,False,False,False,False,True,False,False,False
+50% saturation,grayscale,tesseract,0.6455008789998828,2,4,4,8,False,True,False,True,False,True,True,True,False,False,False,True
+50% saturation,grayscale,tesseract,0.772132125999633,2,4,5,8,False,True,False,True,False,True,True,True,False,True,False,True
+50% saturation,grayscale,tesseract,0.49967954299972916,0,4,2,8,False,False,False,False,False,False,True,False,False,True,False,False
+50% saturation,grayscale,tesseract,0.7171405029994276,1,4,3,8,True,False,False,False,False,False,True,True,False,True,False,False
+50% saturation,grayscale,tesseract,0.5629217089999656,2,4,7,8,True,False,False,True,False,True,True,True,True,True,True,True
+50% saturation,grayscale,tesseract,0.5089923549994637,1,4,3,8,False,False,False,True,False,True,True,True,False,False,False,False
+50% saturation,grayscale,tesseract,0.6822650109997994,4,4,7,8,True,True,True,True,False,True,True,True,True,True,True,True
+50% saturation,grayscale,easyocr,2.332825026000137,2,4,5,8,False,True,False,True,True,True,True,True,False,False,False,True
+50% saturation,grayscale,easyocr,2.2276860950005357,2,4,4,8,False,True,False,True,True,True,False,True,False,False,False,True
+50% saturation,grayscale,easyocr,2.271185768000578,2,4,6,8,False,True,False,True,True,True,True,True,False,False,True,True
+50% saturation,grayscale,easyocr,2.4285527010006263,3,4,6,8,True,True,False,True,False,True,True,True,True,True,False,True
+50% saturation,grayscale,easyocr,2.4631873729995277,1,4,3,8,False,False,False,True,False,True,True,True,False,False,False,False
+50% saturation,grayscale,easyocr,2.471190946999741,2,4,3,8,False,True,False,True,False,True,False,True,False,False,False,True
+50% saturation,grayscale,easyocr,2.355797530000018,1,4,2,8,False,False,False,True,False,True,False,True,False,False,False,False
+50% saturation,grayscale,easyocr,2.623141033000138,2,4,6,8,False,True,False,True,True,True,True,True,False,True,False,True
+50% saturation,grayscale,easyocr,2.525802344999647,2,4,6,8,False,True,False,True,True,True,True,True,True,False,False,True
+50% saturation,grayscale,easyocr,2.410298937999869,2,4,1,8,False,True,False,True,False,True,False,False,False,False,False,False
+50% saturation,grayscale,easyocr,2.5748226820005584,2,4,6,8,False,True,False,True,True,True,True,True,False,False,True,True
+50% saturation,grayscale,easyocr,2.46234343299966,1,4,5,8,False,False,False,True,False,True,True,True,True,True,False,False
+50% saturation,grayscale,easyocr,2.506390755999746,2,4,3,8,False,True,False,True,False,True,False,True,False,False,False,True
+50% saturation,grayscale,easyocr,2.801709473000301,2,4,4,8,False,True,False,True,False,True,False,True,True,False,False,True
+50% saturation,grayscale,easyocr,2.465174697999828,2,4,5,8,False,True,False,True,False,True,True,True,False,False,True,True
+50% saturation,grayscale,easyocr,2.4918681340004696,1,4,3,8,False,False,False,True,False,True,True,True,False,False,False,False
+50% saturation,grayscale,easyocr,2.4282875030003197,1,4,4,8,False,False,False,True,False,True,True,True,True,False,False,False
+50% saturation,grayscale,easyocr,2.3103707929994926,2,4,6,8,False,True,False,True,False,True,True,True,True,True,False,True
+50% saturation,grayscale,easyocr,2.4126356870001473,2,4,6,8,False,True,False,True,True,True,True,True,False,True,False,True
+50% saturation,grayscale,easyocr,2.362940425000488,2,4,3,8,False,True,False,True,False,True,False,True,True,False,False,False
sharpen,none,tesseract,0.8967598230001386,2,4,6,8,True,False,False,True,False,True,True,True,True,True,False,True
sharpen,none,tesseract,0.52049939599965,4,4,7,8,True,True,True,True,True,True,True,True,True,True,False,True
sharpen,none,tesseract,0.6305047160003596,2,4,5,8,False,True,False,True,False,True,True,True,False,False,True,True
sharpen,none,tesseract,0.747988205999718,2,4,6,8,False,True,False,True,False,True,True,True,True,False,True,True
sharpen,none,tesseract,0.787439524000547,0,4,5,8,False,False,False,False,False,False,True,False,True,True,True,True
sharpen,none,tesseract,0.8722826060002262,4,4,6,8,True,True,True,True,False,True,True,True,True,True,False,True
sharpen,none,tesseract,0.6272329690000333,1,4,2,8,False,False,False,True,False,True,False,True,False,False,False,False
sharpen,none,tesseract,0.7774507719996109,2,4,4,8,False,True,False,True,False,True,True,False,True,True,False,False
sharpen,none,tesseract,0.6288908440001251,4,4,6,8,True,True,True,True,False,True,True,True,True,True,False,True
sharpen,none,tesseract,0.7700270010000168,1,4,3,8,False,True,False,False,False,False,True,True,False,False,False,True
sharpen,none,tesseract,0.7465118130003248,4,4,6,8,True,True,True,True,False,True,True,True,True,True,False,True
sharpen,none,tesseract,0.4412911700001132,4,4,5,8,True,True,True,True,True,True,True,False,True,True,False,False
sharpen,none,tesseract,0.70028698599981,2,4,3,8,True,False,False,True,False,True,True,False,True,False,False,False
sharpen,none,tesseract,0.8631224709997696,4,4,6,8,True,True,True,True,False,True,True,True,True,True,False,True
sharpen,none,tesseract,0.9849906539993754,4,4,6,8,True,True,True,True,False,True,True,True,True,True,False,True
sharpen,none,tesseract,0.6385534350001763,0,4,2,8,False,False,False,False,False,False,True,False,False,True,False,False
sharpen,none,tesseract,0.7171572910001487,1,4,4,8,False,True,False,False,True,False,False,True,False,True,False,True
sharpen,none,tesseract,0.6109233079996557,4,4,6,8,True,True,True,True,False,True,True,True,True,True,False,True
sharpen,none,tesseract,0.582319231000838,0,4,0,8,False,False,False,False,False,False,False,False,False,False,False,False
sharpen,none,tesseract,0.4947332390001975,2,4,5,8,False,True,False,True,False,True,True,False,False,True,True,True
sharpen,none,easyocr,2.336499458999242,2,4,5,8,False,True,False,True,True,True,True,True,False,False,False,True
sharpen,none,easyocr,2.253955770000175,2,4,5,8,False,True,False,True,True,True,True,True,False,False,False,True
sharpen,none,easyocr,2.29287997099982,4,4,8,8,True,True,True,True,True,True,True,True,True,True,True,True
sharpen,none,easyocr,2.4443788580001637,4,4,7,8,True,True,True,True,True,True,True,True,True,True,False,True
sharpen,none,easyocr,2.4962604550000833,1,4,5,8,False,False,False,True,False,True,True,True,True,True,False,False
sharpen,none,easyocr,2.484613683000134,4,4,5,8,True,True,True,True,False,True,False,True,True,True,False,True
sharpen,none,easyocr,2.432847156000207,1,4,2,8,False,False,False,True,False,True,False,True,False,False,False,False
sharpen,none,easyocr,2.809063616000458,2,4,7,8,False,True,False,True,True,True,True,True,True,True,False,True
sharpen,none,easyocr,2.609174676999828,2,4,5,8,False,True,False,True,True,True,True,True,False,False,False,True
sharpen,none,easyocr,2.625787080000009,2,4,2,8,False,True,False,True,False,True,False,False,False,True,False,False
sharpen,none,easyocr,2.5616809060002197,2,4,6,8,False,True,False,True,True,True,True,True,False,False,True,True
sharpen,none,easyocr,2.4388412340003924,1,4,4,8,False,False,False,True,False,True,True,True,True,False,False,False
sharpen,none,easyocr,2.5591785679998793,2,4,3,8,False,True,False,True,False,True,False,True,False,False,False,True
sharpen,none,easyocr,2.803910039000584,4,4,7,8,True,True,True,True,True,True,True,True,True,True,False,True
sharpen,none,easyocr,2.3992630530001406,2,4,5,8,False,True,False,True,True,True,True,True,False,False,False,True
sharpen,none,easyocr,2.491809453999849,2,4,4,8,False,True,False,True,False,True,False,True,False,True,False,True
sharpen,none,easyocr,2.434066109000014,2,4,5,8,False,True,False,True,True,True,True,True,False,False,False,True
sharpen,none,easyocr,2.3557384679997995,2,4,3,8,False,True,False,True,False,True,False,True,False,False,False,True
sharpen,none,easyocr,2.4137062220006555,2,4,4,8,False,True,False,True,True,True,False,True,False,False,False,True
sharpen,none,easyocr,2.3732133180001256,2,4,3,8,False,True,False,True,False,True,False,True,False,False,False,True
sharpen,blue,tesseract,0.5072184059999927,4,4,6,8,True,True,True,True,False,True,True,True,True,True,False,True
sharpen,blue,tesseract,0.7058805589995245,2,4,4,8,False,True,False,True,True,True,True,False,False,False,False,True
sharpen,blue,tesseract,0.4881699010002194,4,4,8,8,True,True,True,True,True,True,True,True,True,True,True,True
sharpen,blue,tesseract,0.5724600160001501,2,4,6,8,False,True,False,True,False,True,True,True,True,False,True,True
sharpen,blue,tesseract,0.622684011000274,1,4,6,8,True,False,False,False,False,False,True,True,True,True,True,True
sharpen,blue,tesseract,0.5352787799993166,3,4,5,8,True,True,False,True,False,True,True,True,True,False,False,True
sharpen,blue,tesseract,0.4502702239997234,1,4,2,8,False,False,False,True,False,True,False,False,True,False,False,False
sharpen,blue,tesseract,0.46660459299982904,2,4,3,8,False,True,False,True,False,True,True,True,False,False,False,False
sharpen,blue,tesseract,0.5035608680000223,4,4,7,8,True,True,True,True,False,True,True,True,True,True,True,True
sharpen,blue,tesseract,0.5532759249999799,2,4,4,8,True,True,False,False,False,False,True,False,True,True,False,True
sharpen,blue,tesseract,0.5062373760001719,4,4,6,8,True,True,True,True,False,True,True,True,True,True,False,True
sharpen,blue,tesseract,0.3794789059993491,2,4,3,8,True,True,False,False,False,False,True,False,True,True,False,False
sharpen,blue,tesseract,0.52976293500069,1,4,4,8,False,False,False,True,False,True,True,False,True,True,False,False
sharpen,blue,tesseract,0.642208350999681,4,4,6,8,True,True,True,True,False,True,True,True,True,True,False,True
sharpen,blue,tesseract,0.8330456880003112,4,4,7,8,True,True,True,True,True,True,True,True,True,True,False,True
sharpen,blue,tesseract,0.4315651220003929,0,4,1,8,False,False,False,False,False,False,True,False,False,False,False,False
sharpen,blue,tesseract,0.5899604739997812,1,4,4,8,False,False,False,True,True,True,False,True,False,True,False,False
sharpen,blue,tesseract,0.44054012800006603,4,4,7,8,True,True,True,True,False,True,True,True,True,True,True,True
sharpen,blue,tesseract,0.39457333399968775,0,4,2,8,False,False,False,False,False,False,True,False,True,False,False,False
sharpen,blue,tesseract,0.46088068800054316,2,4,5,8,False,True,False,True,False,True,True,False,False,True,True,True
sharpen,blue,easyocr,2.2849511089998487,2,4,6,8,True,False,False,True,True,True,True,True,True,True,False,False
sharpen,blue,easyocr,2.2520416930001375,1,4,5,8,False,False,False,True,True,True,True,True,False,False,False,True
sharpen,blue,easyocr,2.2109423599995353,4,4,8,8,True,True,True,True,True,True,True,True,True,True,True,True
sharpen,blue,easyocr,2.3579313290001664,4,4,6,8,True,True,True,True,True,True,False,True,True,True,False,True
sharpen,blue,easyocr,2.273230873999637,1,4,5,8,False,False,False,True,False,True,True,True,True,True,False,False
sharpen,blue,easyocr,2.27097094400051,3,4,5,8,True,True,False,True,False,True,True,False,True,True,False,True
sharpen,blue,easyocr,2.264769862999856,2,4,5,8,True,False,False,True,False,True,True,True,True,True,False,False
sharpen,blue,easyocr,2.6910067540002274,4,4,6,8,True,True,True,True,True,True,False,True,True,True,False,True
sharpen,blue,easyocr,2.4597698369998398,4,4,7,8,True,True,True,True,True,True,True,True,True,True,False,True
sharpen,blue,easyocr,2.215984352000305,1,4,1,8,False,True,False,False,False,False,False,False,False,True,False,False
sharpen,blue,easyocr,2.2460869489996185,4,4,8,8,True,True,True,True,True,True,True,True,True,True,True,True
sharpen,blue,easyocr,2.2154994980000993,2,4,4,8,True,False,False,True,False,True,False,True,True,True,False,False
sharpen,blue,easyocr,2.5184296130000803,2,4,3,8,False,True,False,True,False,True,False,True,False,False,False,True
sharpen,blue,easyocr,2.405062915999224,3,4,5,8,True,True,False,True,False,True,True,True,True,False,False,True
sharpen,blue,easyocr,2.261515922000399,4,4,5,8,True,True,True,True,False,True,False,True,True,True,False,True
sharpen,blue,easyocr,2.3249329269992813,2,4,4,8,False,True,False,True,False,True,True,True,False,False,False,True
sharpen,blue,easyocr,2.2230618970006617,1,4,5,8,False,False,False,True,True,True,True,True,True,False,False,False
sharpen,blue,easyocr,2.3214952910002467,2,4,4,8,False,True,False,True,False,True,True,True,False,False,False,True
sharpen,blue,easyocr,2.199833218999629,2,4,4,8,False,True,False,True,False,True,False,True,True,False,False,True
sharpen,blue,easyocr,2.3480755419996058,1,4,3,8,False,False,False,True,False,True,False,True,False,False,False,True
sharpen,green,tesseract,0.7018727190006757,1,4,5,8,True,False,False,False,False,False,True,True,True,True,False,True
sharpen,green,tesseract,0.4201325710000674,4,4,7,8,True,True,True,True,True,True,True,True,True,True,False,True
sharpen,green,tesseract,0.4660892760002753,4,4,7,8,True,True,True,True,False,True,True,True,True,True,True,True
sharpen,green,tesseract,0.5537393160002466,2,4,6,8,False,True,False,True,False,True,True,True,True,False,True,True
sharpen,green,tesseract,0.6151686499997595,0,4,5,8,False,False,False,False,False,False,True,False,True,True,True,True
sharpen,green,tesseract,0.5015171949999058,3,4,6,8,True,True,False,True,False,True,True,True,True,False,True,True
sharpen,green,tesseract,0.6383481949997076,1,4,3,8,False,False,False,True,False,True,True,True,False,False,False,False
sharpen,green,tesseract,0.5454876240000885,1,4,3,8,False,False,False,True,False,True,False,True,False,True,False,False
sharpen,green,tesseract,0.708341193000706,4,4,6,8,True,True,True,True,False,True,True,True,True,True,False,True
sharpen,green,tesseract,0.4853679210000337,0,4,0,8,False,False,False,False,False,False,False,False,False,False,False,False
sharpen,green,tesseract,0.5464180099997975,2,4,4,8,False,True,False,True,False,True,True,True,False,False,False,True
sharpen,green,tesseract,0.43388664499980223,4,4,5,8,True,True,True,True,True,True,True,False,True,True,False,False
sharpen,green,tesseract,0.5012082020002708,0,4,1,8,False,False,False,False,False,False,False,False,True,False,False,False
sharpen,green,tesseract,0.8207593709994399,4,4,6,8,True,True,True,True,False,True,True,True,True,True,False,True
sharpen,green,tesseract,0.7532887990000745,2,4,4,8,False,True,False,True,False,True,True,True,False,False,False,True
sharpen,green,tesseract,0.4066036849999364,0,4,1,8,False,False,False,False,False,False,True,False,False,False,False,False
sharpen,green,tesseract,0.7208146849998229,1,4,4,8,False,True,False,False,False,False,True,True,False,True,False,True
sharpen,green,tesseract,0.5766586959998676,4,4,6,8,True,True,True,True,False,True,True,True,True,True,False,True
sharpen,green,tesseract,0.5328550860003816,1,4,1,8,False,False,False,True,False,True,False,False,False,False,False,False
sharpen,green,tesseract,0.6582666780004729,2,4,5,8,False,True,False,True,False,True,True,False,True,True,False,True
sharpen,green,easyocr,2.302956403999815,2,4,6,8,True,False,False,True,True,True,True,True,True,True,False,False
sharpen,green,easyocr,2.2659157590005634,2,4,5,8,False,True,False,True,True,True,True,True,False,False,False,True
sharpen,green,easyocr,2.182678461999785,4,4,8,8,True,True,True,True,True,True,True,True,True,True,True,True
sharpen,green,easyocr,2.376752744999976,4,4,6,8,True,True,True,True,False,True,True,True,True,True,False,True
sharpen,green,easyocr,2.2497309840000526,1,4,5,8,False,False,False,True,False,True,True,True,True,True,False,False
sharpen,green,easyocr,2.312917240999923,3,4,5,8,True,True,False,True,False,True,True,False,True,True,False,True
sharpen,green,easyocr,2.359392086999833,1,4,2,8,False,False,False,True,False,True,False,True,False,False,False,False
sharpen,green,easyocr,2.640798679999534,4,4,7,8,True,True,True,True,True,True,True,True,True,True,False,True
sharpen,green,easyocr,2.3991853390007236,2,4,7,8,False,True,False,True,True,True,True,True,True,False,True,True
sharpen,green,easyocr,2.3272292490000837,1,4,2,8,False,False,False,True,False,True,False,False,False,True,False,False
sharpen,green,easyocr,2.3525270199997976,2,4,6,8,False,True,False,True,True,True,True,True,False,False,True,True
sharpen,green,easyocr,2.288682321000124,2,4,5,8,True,False,False,True,False,True,True,True,True,True,False,False
sharpen,green,easyocr,2.4388022070006627,2,4,4,8,False,True,False,True,False,True,False,True,True,False,False,True
sharpen,green,easyocr,2.7385397269999885,2,4,5,8,False,True,False,True,False,True,True,True,True,False,False,True
sharpen,green,easyocr,2.358180306000577,2,4,8,8,False,True,False,True,True,True,True,True,True,True,True,True
sharpen,green,easyocr,2.522817782999482,2,4,3,8,False,True,False,True,False,True,False,True,False,False,False,True
sharpen,green,easyocr,2.4539216370003487,1,4,3,8,False,False,False,True,False,True,True,True,False,False,False,False
sharpen,green,easyocr,2.283279493000009,2,4,4,8,False,True,False,True,False,True,True,True,False,False,False,True
sharpen,green,easyocr,2.41630536699995,2,4,4,8,False,True,False,True,True,True,False,True,False,False,False,True
sharpen,green,easyocr,2.382950929000799,4,4,5,8,True,True,True,True,False,True,False,True,True,True,False,True
sharpen,red,tesseract,0.7136398290003854,4,4,6,8,True,True,True,True,False,True,True,True,True,True,False,True
sharpen,red,tesseract,0.7807558330005122,4,4,7,8,True,True,True,True,True,True,True,True,True,True,False,True
sharpen,red,tesseract,0.633234893000008,4,4,8,8,True,True,True,True,True,True,True,True,True,True,True,True
sharpen,red,tesseract,0.6904924549999123,3,4,5,8,True,True,False,True,True,True,False,True,True,False,False,True
sharpen,red,tesseract,0.7515392909999719,2,4,7,8,True,False,False,True,False,True,True,True,True,True,True,True
sharpen,red,tesseract,0.7331316749996404,3,4,5,8,True,True,False,True,False,True,True,True,True,False,False,True
sharpen,red,tesseract,0.6326545809997697,2,4,3,8,True,False,False,True,False,True,False,True,True,False,False,False
sharpen,red,tesseract,0.8170334319993344,4,4,5,8,True,True,True,True,False,True,True,True,True,True,False,False
sharpen,red,tesseract,0.5427083040003708,4,4,6,8,True,True,True,True,False,True,True,True,True,True,False,True
sharpen,red,tesseract,0.6640406800006531,2,4,4,8,True,True,False,False,False,False,True,False,True,True,False,True
sharpen,red,tesseract,0.6675112890006858,4,4,6,8,True,True,True,True,False,True,True,True,True,True,False,True
sharpen,red,tesseract,0.5404612270003781,1,4,5,8,False,False,False,True,True,True,True,True,False,True,False,False
sharpen,red,tesseract,0.6543362250004066,2,4,3,8,True,False,False,True,False,True,True,False,True,False,False,False
sharpen,red,tesseract,0.8649772090002443,4,4,6,8,True,True,True,True,False,True,True,True,True,True,False,True
sharpen,red,tesseract,0.7151736699997855,4,4,6,8,True,True,True,True,False,True,True,True,True,True,False,True
sharpen,red,tesseract,0.5307437159999608,0,4,1,8,False,False,False,False,False,False,True,False,False,False,False,False
sharpen,red,tesseract,0.5979151530000308,1,4,3,8,False,True,False,False,False,False,False,True,False,True,False,True
sharpen,red,tesseract,0.5099094560000594,4,4,6,8,True,True,True,True,False,True,True,True,True,True,False,True
sharpen,red,tesseract,0.4166062320000492,0,4,1,8,False,False,False,False,False,False,True,False,False,False,False,False
sharpen,red,tesseract,0.6307973820003099,4,4,6,8,True,True,True,True,False,True,True,True,True,True,False,True
sharpen,red,easyocr,2.4161072709994187,2,4,6,8,False,True,False,True,True,True,True,True,True,False,False,True
sharpen,red,easyocr,2.2921662320004543,2,4,5,8,False,True,False,True,True,True,True,True,False,False,False,True
sharpen,red,easyocr,2.2957601159996557,2,4,6,8,False,True,False,True,True,True,True,True,False,False,True,True
sharpen,red,easyocr,2.5161685949997263,2,4,5,8,False,True,False,True,True,True,False,True,True,False,False,True
sharpen,red,easyocr,2.5887209339998662,1,4,4,8,False,False,False,True,False,True,True,True,False,False,True,False
sharpen,red,easyocr,2.510929479999504,1,4,2,8,False,False,False,True,False,True,True,False,False,False,False,False
sharpen,red,easyocr,2.3550899740002933,1,4,2,8,False,False,False,True,False,True,True,False,False,False,False,False
sharpen,red,easyocr,2.6042511779996858,2,4,6,8,False,True,False,True,True,True,True,True,False,True,False,True
sharpen,red,easyocr,2.5717114469998705,2,4,6,8,False,True,False,True,True,True,True,True,True,False,False,True
sharpen,red,easyocr,2.6372024729998884,0,4,0,8,False,False,False,False,False,False,False,False,False,False,False,False
sharpen,red,easyocr,2.5670007279995843,2,4,6,8,False,True,False,True,True,True,True,True,False,False,True,True
sharpen,red,easyocr,2.539654727999732,1,4,3,8,False,False,False,True,False,True,True,True,False,False,False,False
sharpen,red,easyocr,2.5149746130000494,2,4,3,8,False,True,False,True,False,True,False,True,False,False,False,True
sharpen,red,easyocr,2.8017779029996746,2,4,5,8,False,True,False,True,False,True,True,True,True,False,False,True
sharpen,red,easyocr,2.341580432000228,2,4,5,8,False,True,False,True,False,True,True,True,False,False,True,True
sharpen,red,easyocr,2.4967284849999487,2,4,3,8,False,True,False,True,False,True,False,True,False,False,False,True
sharpen,red,easyocr,2.4192141209996407,1,4,4,8,False,False,False,True,False,True,True,True,True,False,False,False
sharpen,red,easyocr,2.311216310000418,4,4,6,8,True,True,True,True,False,True,True,True,True,True,False,True
sharpen,red,easyocr,2.3078940850000436,2,4,4,8,False,True,False,True,False,True,False,True,True,False,False,True
sharpen,red,easyocr,2.390282350000234,4,4,5,8,True,True,True,True,False,True,False,True,True,True,False,True
sharpen,red-green,tesseract,0.5538184590004676,3,4,5,8,True,True,True,False,False,False,True,True,True,True,False,True
sharpen,red-green,tesseract,0.829468173999885,2,4,7,8,True,False,False,True,True,True,True,True,True,True,False,True
sharpen,red-green,tesseract,0.5244909860002736,2,4,6,8,False,True,False,True,True,True,True,True,False,False,True,True
sharpen,red-green,tesseract,0.6878083159999733,4,4,7,8,True,True,True,True,True,True,True,True,True,True,False,True
sharpen,red-green,tesseract,0.6844579140006317,0,4,5,8,False,False,False,False,False,False,True,True,True,True,False,True
sharpen,red-green,tesseract,0.7867730030002349,4,4,6,8,True,True,True,True,False,True,True,True,True,True,False,True
sharpen,red-green,tesseract,0.6250142199996844,1,4,1,8,False,False,False,True,False,True,False,False,False,False,False,False
sharpen,red-green,tesseract,0.7850064009999187,2,4,4,8,False,True,False,True,False,True,True,False,False,False,True,True
sharpen,red-green,tesseract,0.7475839569997333,4,4,7,8,True,True,True,True,False,True,True,True,True,True,True,True
sharpen,red-green,tesseract,0.6119918260001214,0,4,1,8,False,False,False,False,False,False,True,False,False,False,False,False
sharpen,red-green,tesseract,0.5252065119993858,4,4,6,8,True,True,True,True,False,True,True,True,True,True,False,True
sharpen,red-green,tesseract,0.35408906300017406,1,4,2,8,False,True,False,False,True,False,True,False,False,False,False,False
sharpen,red-green,tesseract,0.5225411679994068,1,4,1,8,False,False,False,True,False,True,False,False,False,False,False,False
sharpen,red-green,tesseract,0.8877726850005274,1,4,4,8,False,True,False,False,False,False,True,True,True,False,False,True
sharpen,red-green,tesseract,1.0111876040000425,2,4,6,8,False,True,False,True,False,True,True,True,True,True,False,True
sharpen,red-green,tesseract,0.5647342550000758,1,4,2,8,False,False,False,True,False,True,True,False,False,False,False,False
sharpen,red-green,tesseract,0.7242105659997833,3,4,6,8,True,True,False,True,True,True,True,True,False,True,False,True
sharpen,red-green,tesseract,0.5846977809997043,4,4,7,8,True,True,True,True,False,True,True,True,True,True,True,True
sharpen,red-green,tesseract,0.4735661489994527,1,4,2,8,False,False,False,True,False,True,False,True,False,False,False,False
sharpen,red-green,tesseract,0.68575379899994,2,4,6,8,False,True,False,True,False,True,True,False,True,True,True,True
sharpen,red-green,easyocr,2.3443467500001134,2,4,5,8,False,True,False,True,True,True,True,True,False,False,False,True
sharpen,red-green,easyocr,2.3133116170001813,2,4,5,8,False,True,False,True,True,True,True,True,False,False,False,True
sharpen,red-green,easyocr,2.2835799430004045,2,4,6,8,False,True,False,True,True,True,True,True,False,False,True,True
sharpen,red-green,easyocr,2.503475563000393,2,4,6,8,False,True,False,True,False,True,True,True,True,True,False,True
sharpen,red-green,easyocr,2.4808249930001693,1,4,3,8,False,False,False,True,False,True,True,True,False,False,False,False
sharpen,red-green,easyocr,2.5211559919998763,2,4,3,8,False,True,False,True,False,True,False,True,False,False,False,True
sharpen,red-green,easyocr,2.3287450830002854,1,4,2,8,False,False,False,True,False,True,False,True,False,False,False,False
sharpen,red-green,easyocr,2.680053410000255,4,4,7,8,True,True,True,True,True,True,True,True,True,True,False,True
sharpen,red-green,easyocr,2.5349532219997855,2,4,7,8,False,True,False,True,True,True,True,True,True,False,True,True
sharpen,red-green,easyocr,2.5854510380004285,2,4,1,8,False,True,False,True,False,True,False,False,False,False,False,False
sharpen,red-green,easyocr,2.550128064999626,2,4,6,8,False,True,False,True,True,True,True,True,False,False,True,True
sharpen,red-green,easyocr,2.501101546999962,1,4,2,8,False,False,False,True,False,True,False,True,False,False,False,False
sharpen,red-green,easyocr,2.5350242670001535,2,4,4,8,False,True,False,True,False,True,True,True,False,False,False,True
sharpen,red-green,easyocr,2.838601935999577,2,4,4,8,False,True,False,True,False,True,False,True,True,False,False,True
sharpen,red-green,easyocr,2.3634844879998127,2,4,6,8,False,True,False,True,True,True,True,True,False,False,True,True
sharpen,red-green,easyocr,2.496548760999758,2,4,3,8,False,True,False,True,False,True,False,True,False,False,False,True
sharpen,red-green,easyocr,2.457371157000125,1,4,4,8,False,False,False,True,False,True,True,True,True,False,False,False
sharpen,red-green,easyocr,2.325397083000098,2,4,5,8,False,True,False,True,False,True,True,True,True,False,False,True
sharpen,red-green,easyocr,2.3662125660002857,2,4,5,8,False,True,False,True,True,True,True,True,False,False,False,True
sharpen,red-green,easyocr,2.38060318800035,4,4,5,8,True,True,True,True,False,True,False,True,True,True,False,True
sharpen,green-blue,tesseract,0.5493422700001247,3,4,5,8,True,True,True,False,False,False,True,True,True,True,False,True
sharpen,green-blue,tesseract,0.7280116849997285,4,4,7,8,True,True,True,True,True,True,True,True,True,True,False,True
sharpen,green-blue,tesseract,0.5209545819998311,4,4,8,8,True,True,True,True,True,True,True,True,True,True,True,True
sharpen,green-blue,tesseract,0.5653060740005458,2,4,6,8,False,True,False,True,False,True,True,True,True,False,True,True
sharpen,green-blue,tesseract,0.529773574000501,1,4,5,8,True,False,False,False,False,False,True,True,True,True,True,False
sharpen,green-blue,tesseract,0.49553455900058907,3,4,5,8,True,True,False,True,False,True,True,True,True,False,False,True
sharpen,green-blue,tesseract,0.507045066999126,1,4,2,8,False,False,False,True,False,True,False,True,False,False,False,False
sharpen,green-blue,tesseract,0.5608966999998302,1,4,6,8,False,False,False,True,False,True,True,True,False,True,True,True
sharpen,green-blue,tesseract,0.7929662910000843,2,4,5,8,False,True,False,True,False,True,True,True,False,False,True,True
sharpen,green-blue,tesseract,0.5027173400003448,0,4,0,8,False,False,False,False,False,False,False,False,False,False,False,False
sharpen,green-blue,tesseract,0.5420067770000969,2,4,4,8,False,True,False,True,False,True,True,True,False,False,False,True
sharpen,green-blue,tesseract,0.3406706289997601,0,4,2,8,False,False,False,False,True,False,True,False,False,False,False,False
sharpen,green-blue,tesseract,0.5239778830000432,1,4,2,8,False,False,False,True,False,True,True,False,False,False,False,False
sharpen,green-blue,tesseract,0.6963540520000606,4,4,6,8,True,True,True,True,False,True,True,True,True,True,False,True
sharpen,green-blue,tesseract,0.7417112140001336,4,4,7,8,True,True,True,True,False,True,True,True,True,True,True,True
sharpen,green-blue,tesseract,0.4091404990003866,0,4,1,8,False,False,False,False,False,False,True,False,False,False,False,False
sharpen,green-blue,tesseract,0.587765913000112,1,4,3,8,False,False,False,True,False,True,False,True,False,True,False,False
sharpen,green-blue,tesseract,0.47835633999966376,2,4,4,8,False,True,False,True,False,True,True,True,False,False,False,True
sharpen,green-blue,tesseract,0.44690635000006296,0,4,1,8,False,False,False,False,False,False,True,False,False,False,False,False
sharpen,green-blue,tesseract,0.49157149299935554,2,4,5,8,False,True,False,True,False,True,True,False,False,True,True,True
sharpen,green-blue,easyocr,2.2801756570006546,2,4,6,8,True,False,False,True,True,True,True,True,True,True,False,False
sharpen,green-blue,easyocr,2.2767617029994653,2,4,5,8,False,True,False,True,True,True,True,True,False,False,False,True
sharpen,green-blue,easyocr,2.2028397409994795,4,4,8,8,True,True,True,True,True,True,True,True,True,True,True,True
sharpen,green-blue,easyocr,2.3735397500004183,2,4,5,8,False,True,False,True,True,True,True,True,False,False,False,True
sharpen,green-blue,easyocr,2.2607056529996044,1,4,5,8,False,False,False,True,False,True,True,True,True,True,False,False
sharpen,green-blue,easyocr,2.327707408999231,3,4,5,8,True,True,False,True,False,True,True,False,True,True,False,True
sharpen,green-blue,easyocr,2.3340874450004776,1,4,2,8,False,False,False,True,False,True,False,True,False,False,False,False
sharpen,green-blue,easyocr,2.780509238000377,2,4,6,8,False,True,False,True,True,True,True,True,False,True,False,True
sharpen,green-blue,easyocr,2.5690483620001032,2,4,5,8,False,True,False,True,True,True,True,True,False,False,False,True
sharpen,green-blue,easyocr,2.268738128000223,1,4,1,8,False,True,False,False,False,False,False,False,False,True,False,False
sharpen,green-blue,easyocr,2.281904522000332,2,4,6,8,False,True,False,True,True,True,True,True,False,False,True,True
sharpen,green-blue,easyocr,2.247876083999472,2,4,4,8,True,False,False,True,False,True,False,True,True,True,False,False
sharpen,green-blue,easyocr,2.5232931949994963,2,4,3,8,False,True,False,True,False,True,False,True,False,False,False,True
sharpen,green-blue,easyocr,2.854377215999193,4,4,7,8,True,True,True,True,True,True,True,True,True,True,False,True
sharpen,green-blue,easyocr,2.3790301850003743,2,4,7,8,False,True,False,True,True,True,True,True,True,True,False,True
sharpen,green-blue,easyocr,2.4457921180000994,2,4,4,8,False,True,False,True,False,True,True,True,False,False,False,True
sharpen,green-blue,easyocr,2.4367244519999076,1,4,4,8,False,False,False,True,False,True,True,True,True,False,False,False
sharpen,green-blue,easyocr,2.3214111669994963,2,4,4,8,False,True,False,True,False,True,True,True,False,False,False,True
sharpen,green-blue,easyocr,2.399693495000065,2,4,5,8,False,True,False,True,False,True,True,True,True,False,False,True
sharpen,green-blue,easyocr,2.3611207879994254,2,4,3,8,False,True,False,True,False,True,False,True,False,False,False,True
sharpen,red-blue,tesseract,0.5848050450003939,4,4,6,8,True,True,True,True,False,True,True,True,True,True,False,True
sharpen,red-blue,tesseract,0.7302318090005429,4,4,7,8,True,True,True,True,True,True,True,True,True,True,False,True
sharpen,red-blue,tesseract,0.5600873190005586,2,4,6,8,False,True,False,True,True,True,True,True,False,False,True,True
sharpen,red-blue,tesseract,0.6708527020000474,2,4,5,8,False,True,False,True,False,True,True,True,True,False,False,True
sharpen,red-blue,tesseract,0.6608459099998072,1,4,6,8,True,False,False,False,False,False,True,True,True,True,True,True
sharpen,red-blue,tesseract,0.5696221649996005,3,4,5,8,True,True,False,True,False,True,True,True,True,False,False,True
sharpen,red-blue,tesseract,0.622047090999331,1,4,2,8,False,False,False,True,False,True,False,False,True,False,False,False
sharpen,red-blue,tesseract,0.6366747719994237,2,4,4,8,False,True,False,True,False,True,True,True,False,True,False,False
sharpen,red-blue,tesseract,0.5555065560001822,2,4,4,8,False,True,False,True,False,True,True,True,False,False,False,True
sharpen,red-blue,tesseract,0.5120539379995535,1,4,3,8,True,False,False,False,False,False,True,False,True,True,False,False
sharpen,red-blue,tesseract,0.5883494769996105,4,4,6,8,True,True,True,True,False,True,True,True,True,True,False,True
sharpen,red-blue,tesseract,0.3662962409998727,0,4,1,8,False,False,False,False,False,False,True,False,False,False,False,False
sharpen,red-blue,tesseract,0.5850143609995939,1,4,2,8,False,False,False,True,False,True,True,False,False,False,False,False
sharpen,red-blue,tesseract,0.7758904459997211,3,4,5,8,True,True,True,False,False,False,True,True,True,True,False,True
sharpen,red-blue,tesseract,0.8349168659997304,2,4,5,8,False,True,False,True,False,True,False,True,True,True,False,True
sharpen,red-blue,tesseract,0.47544180899967614,0,4,0,8,False,False,False,False,False,False,False,False,False,False,False,False
sharpen,red-blue,tesseract,0.5978980520003461,2,4,5,8,False,True,False,True,True,True,False,True,False,True,False,True
sharpen,red-blue,tesseract,0.4534166319999713,4,4,6,8,True,True,True,True,False,True,True,True,True,True,False,True
sharpen,red-blue,tesseract,0.4528613510001378,0,4,2,8,False,False,False,False,False,False,True,True,False,False,False,False
sharpen,red-blue,tesseract,0.46443924699997297,2,4,3,8,False,True,False,True,False,True,True,False,False,False,False,True
sharpen,red-blue,easyocr,2.367532140999174,2,4,5,8,False,True,False,True,True,True,True,True,False,False,False,True
sharpen,red-blue,easyocr,2.2821788549999837,2,4,5,8,False,True,False,True,True,True,True,True,False,False,False,True
sharpen,red-blue,easyocr,2.2720854549997966,2,4,6,8,False,True,False,True,True,True,True,True,False,False,True,True
sharpen,red-blue,easyocr,2.465314527999908,2,4,5,8,False,True,False,True,True,True,True,True,False,False,False,True
sharpen,red-blue,easyocr,2.6094093110004906,1,4,3,8,False,False,False,True,False,True,True,True,False,False,False,False
sharpen,red-blue,easyocr,2.3623827129995334,2,4,3,8,False,True,False,True,False,True,False,True,False,False,False,True
sharpen,red-blue,easyocr,2.336700255999858,2,4,4,8,True,False,False,True,False,True,False,True,True,True,False,False
sharpen,red-blue,easyocr,2.7192314240000997,2,4,6,8,False,True,False,True,True,True,True,True,False,True,False,True
sharpen,red-blue,easyocr,2.5246218910006064,2,4,6,8,False,True,False,True,True,True,True,True,False,False,True,True
sharpen,red-blue,easyocr,2.5611736129994824,2,4,2,8,False,True,False,True,False,True,False,False,False,True,False,False
sharpen,red-blue,easyocr,2.5441482930000348,2,4,6,8,False,True,False,True,True,True,True,True,False,False,True,True
sharpen,red-blue,easyocr,2.5125397499996325,1,4,2,8,False,False,False,True,False,True,False,True,False,False,False,False
sharpen,red-blue,easyocr,2.5256969069996558,2,4,3,8,False,True,False,True,False,True,False,True,False,False,False,True
sharpen,red-blue,easyocr,2.806273469000189,4,4,6,8,True,True,True,True,False,True,True,True,True,True,False,True
sharpen,red-blue,easyocr,2.385653413,2,4,5,8,False,True,False,True,True,True,True,True,False,False,False,True
sharpen,red-blue,easyocr,2.5065815919997476,2,4,3,8,False,True,False,True,False,True,False,True,False,False,False,True
sharpen,red-blue,easyocr,2.401583822000248,1,4,4,8,False,False,False,True,True,True,True,True,False,False,False,False
sharpen,red-blue,easyocr,2.327458254000703,2,4,4,8,False,True,False,True,False,True,True,True,False,False,False,True
sharpen,red-blue,easyocr,2.2577166639994175,2,4,6,8,False,True,False,True,False,True,True,True,True,False,True,True
sharpen,red-blue,easyocr,2.3519551179997507,2,4,4,8,False,True,False,True,False,True,False,True,True,False,False,True
sharpen,grayscale,tesseract,0.49170650099949853,4,4,6,8,True,True,True,True,False,True,True,True,True,True,False,True
sharpen,grayscale,tesseract,0.7715940090001823,4,4,7,8,True,True,True,True,True,True,True,True,True,True,False,True
sharpen,grayscale,tesseract,0.5039834320004957,2,4,6,8,False,True,False,True,True,True,True,True,False,False,True,True
sharpen,grayscale,tesseract,0.6701028229999793,2,4,5,8,False,True,False,True,False,True,True,True,True,False,False,True
sharpen,grayscale,tesseract,0.5926414489995295,0,4,5,8,False,False,False,False,False,False,True,False,True,True,True,True
sharpen,grayscale,tesseract,0.4928326629997173,4,4,6,8,True,True,True,True,False,True,True,True,True,True,False,True
sharpen,grayscale,tesseract,0.6138483810000253,1,4,2,8,False,False,False,True,False,True,False,True,False,False,False,False
sharpen,grayscale,tesseract,0.6441270399991481,2,4,5,8,False,True,False,True,False,True,False,True,False,True,True,True
sharpen,grayscale,tesseract,0.7598169520006195,4,4,6,8,True,True,True,True,False,True,True,True,True,True,False,True
sharpen,grayscale,tesseract,0.5140493529997912,1,4,1,8,False,True,False,False,False,False,False,False,False,False,False,True
sharpen,grayscale,tesseract,0.5751882439999463,4,4,6,8,True,True,True,True,False,True,True,True,True,True,False,True
sharpen,grayscale,tesseract,0.3444344119998277,0,4,2,8,False,False,False,False,True,False,True,False,False,False,False,False
sharpen,grayscale,tesseract,0.5471759829997609,0,4,0,8,False,False,False,False,False,False,False,False,False,False,False,False
sharpen,grayscale,tesseract,0.7496727130001091,4,4,6,8,True,True,True,True,False,True,True,True,True,True,False,True
sharpen,grayscale,tesseract,0.8025621819997468,2,4,4,8,False,True,False,True,False,True,True,True,False,False,False,True
sharpen,grayscale,tesseract,0.5455273459992895,1,4,3,8,False,False,False,True,False,True,True,False,False,True,False,False
sharpen,grayscale,tesseract,0.6633035190006922,1,4,3,8,False,False,False,True,False,True,False,True,False,True,False,False
sharpen,grayscale,tesseract,0.5781093180003154,2,4,7,8,True,False,False,True,False,True,True,True,True,True,True,True
sharpen,grayscale,tesseract,0.48748033999982,1,4,2,8,False,False,False,True,False,True,False,True,False,False,False,False
sharpen,grayscale,tesseract,0.6521060980003313,4,4,6,8,True,True,True,True,False,True,True,True,True,True,False,True
sharpen,grayscale,easyocr,2.3663340429993696,2,4,5,8,False,True,False,True,True,True,True,True,False,False,False,True
sharpen,grayscale,easyocr,2.3368200840004647,2,4,5,8,False,True,False,True,True,True,True,True,False,False,False,True
sharpen,grayscale,easyocr,2.301488963000338,2,4,6,8,False,True,False,True,True,True,True,True,False,False,True,True
sharpen,grayscale,easyocr,2.4929444260005766,2,4,5,8,False,True,False,True,False,True,True,True,False,True,False,True
sharpen,grayscale,easyocr,2.527886543999557,1,4,4,8,False,False,False,True,False,True,True,True,True,False,False,False
sharpen,grayscale,easyocr,2.528389942999638,1,4,3,8,False,False,False,True,False,True,False,True,False,False,False,True
sharpen,grayscale,easyocr,2.3550685170002907,1,4,2,8,False,False,False,True,False,True,False,True,False,False,False,False
sharpen,grayscale,easyocr,2.861844220000421,4,4,7,8,True,True,True,True,True,True,True,True,True,True,False,True
sharpen,grayscale,easyocr,2.6221310629998698,2,4,7,8,False,True,False,True,True,True,True,True,True,False,True,True
sharpen,grayscale,easyocr,2.6238483970000743,1,4,2,8,False,False,False,True,False,True,False,False,False,True,False,False
sharpen,grayscale,easyocr,2.606388041000173,2,4,6,8,False,True,False,True,True,True,True,True,False,False,True,True
sharpen,grayscale,easyocr,2.4757860660001825,1,4,4,8,False,False,False,True,False,True,True,True,True,False,False,False
sharpen,grayscale,easyocr,2.6216927059995214,2,4,3,8,False,True,False,True,False,True,False,True,False,False,False,True
sharpen,grayscale,easyocr,2.9533469899997726,2,4,4,8,False,True,False,True,False,True,False,True,True,False,False,True
sharpen,grayscale,easyocr,2.4666930350003895,2,4,6,8,False,True,False,True,True,True,True,True,False,False,True,True
sharpen,grayscale,easyocr,2.5887565130005896,2,4,3,8,False,True,False,True,False,True,False,True,False,False,False,True
sharpen,grayscale,easyocr,2.5115493220000644,1,4,4,8,False,False,False,True,False,True,True,True,True,False,False,False
sharpen,grayscale,easyocr,2.3718303830000877,2,4,4,8,False,True,False,True,False,True,True,True,False,False,False,True
sharpen,grayscale,easyocr,2.4604546979999213,2,4,5,8,False,True,False,True,True,True,True,True,False,False,False,True
sharpen,grayscale,easyocr,2.4495680669997455,4,4,5,8,True,True,True,True,False,True,False,True,True,True,False,True
deskew,none,tesseract,0.9509844519998296,0,4,4,8,False,False,False,False,False,False,True,True,True,False,False,True
deskew,none,tesseract,0.46084948200041254,2,4,6,8,False,True,False,True,True,True,True,False,True,True,False,True
deskew,none,tesseract,0.6619407490006779,2,4,5,8,False,True,False,True,False,True,True,True,False,False,True,True
deskew,none,tesseract,0.8179648229997838,2,4,6,8,False,True,False,True,False,True,True,True,True,False,True,True
deskew,none,tesseract,0.8432532799997716,1,4,6,8,True,False,False,False,False,False,True,True,True,True,True,True
deskew,none,tesseract,0.971702455999548,3,4,5,8,True,True,False,True,False,True,True,False,True,True,False,True
deskew,none,tesseract,0.626407036999808,2,4,4,8,False,True,False,True,False,True,True,True,False,False,False,True
deskew,none,tesseract,0.800760543999786,4,4,6,8,True,True,True,True,False,True,True,True,True,True,False,True
deskew,none,tesseract,0.5560841540000183,4,4,7,8,True,True,True,True,False,True,True,True,True,True,True,True
deskew,none,tesseract,0.8614884019998499,1,4,0,8,False,True,False,False,False,False,False,False,False,False,False,False
deskew,none,tesseract,0.7122488290006004,2,4,4,8,False,True,False,True,False,True,True,True,False,False,False,True
deskew,none,tesseract,0.46920915100054117,4,4,7,8,True,True,True,True,True,True,True,True,True,True,False,True
deskew,none,tesseract,0.6631787859996621,1,4,3,8,False,False,False,True,False,True,True,False,True,False,False,False
deskew,none,tesseract,0.7350102590007737,3,4,5,8,True,True,True,False,False,False,True,True,True,True,False,True
deskew,none,tesseract,0.9252717859999393,4,4,5,8,True,True,True,True,False,True,False,True,True,True,False,True
deskew,none,tesseract,0.6035066399999778,0,4,1,8,False,False,False,False,False,False,True,False,False,False,False,False
deskew,none,tesseract,0.9387969179997526,2,4,6,8,False,True,False,True,True,True,False,True,False,True,True,True
deskew,none,tesseract,0.7162351859997216,4,4,7,8,True,True,True,True,False,True,True,True,True,True,True,True
deskew,none,tesseract,0.7210553220002112,2,4,3,8,False,True,False,True,False,True,True,False,False,True,False,False
deskew,none,tesseract,0.6055190389997733,2,4,4,8,False,True,False,True,False,True,True,False,False,True,False,True
deskew,none,easyocr,2.4460143599999356,4,4,5,8,True,True,True,True,False,True,True,True,True,True,False,False
deskew,none,easyocr,2.2604426210000383,2,4,5,8,False,True,False,True,True,True,True,True,False,False,False,True
deskew,none,easyocr,2.331215367999903,4,4,7,8,True,True,True,True,False,True,True,True,True,True,True,True
deskew,none,easyocr,2.4839158400000088,4,4,6,8,True,True,True,True,True,True,False,True,True,True,False,True
deskew,none,easyocr,2.6500198500007173,1,4,5,8,False,False,False,True,False,True,True,True,True,True,False,False
deskew,none,easyocr,2.519453945999885,4,4,6,8,True,True,True,True,False,True,True,True,True,True,False,True
deskew,none,easyocr,2.47894506800003,2,4,1,8,False,True,False,True,False,True,False,False,False,False,False,False
deskew,none,easyocr,2.909623315999852,2,4,6,8,False,True,False,True,True,True,True,True,False,True,False,True
deskew,none,easyocr,2.678076952999618,2,4,4,8,False,True,False,True,True,True,True,False,False,False,False,True
deskew,none,easyocr,2.624247230999572,2,4,3,8,False,True,False,True,False,True,False,True,False,False,False,True
deskew,none,easyocr,2.630583688000115,4,4,8,8,True,True,True,True,True,True,True,True,True,True,True,True
deskew,none,easyocr,2.442647257000317,4,4,7,8,True,True,True,True,True,True,True,True,True,True,False,True
deskew,none,easyocr,2.5901837100000193,1,4,3,8,False,True,False,False,False,False,False,True,True,False,False,True
deskew,none,easyocr,2.779262373000165,4,4,6,8,True,True,True,True,False,True,True,True,True,True,False,True
deskew,none,easyocr,2.460421002999283,4,4,7,8,True,True,True,True,False,True,True,True,True,True,True,True
deskew,none,easyocr,2.5708548009997685,2,4,3,8,False,True,False,True,False,True,True,False,False,False,False,True
deskew,none,easyocr,2.3957977469999605,2,4,5,8,False,True,False,True,False,True,True,True,False,False,True,True
deskew,none,easyocr,2.3854911770004037,2,4,4,8,False,True,False,True,False,True,True,True,False,False,False,True
deskew,none,easyocr,2.5302491259999442,2,4,4,8,False,True,False,True,True,True,False,True,False,True,False,False
deskew,none,easyocr,2.4434873769996557,4,4,5,8,True,True,True,True,False,True,False,True,True,True,False,True
deskew,blue,tesseract,0.5710223289997884,4,4,6,8,True,True,True,True,False,True,True,True,True,True,False,True
deskew,blue,tesseract,0.7027400209999541,2,4,6,8,False,True,False,True,True,True,True,False,True,True,False,True
deskew,blue,tesseract,0.5115045860002283,4,4,8,8,True,True,True,True,True,True,True,True,True,True,True,True
deskew,blue,tesseract,0.6400116270006038,2,4,5,8,False,True,False,True,False,True,True,True,True,False,False,True
deskew,blue,tesseract,0.5464178980000725,1,4,4,8,True,False,False,False,False,False,True,True,True,True,False,False
deskew,blue,tesseract,0.47038414199960243,2,4,5,8,False,True,False,True,False,True,True,False,True,False,True,True
deskew,blue,tesseract,0.42374252500030707,3,4,5,8,True,True,False,True,False,True,True,True,True,False,False,True
deskew,blue,tesseract,0.46122657999967487,4,4,6,8,True,True,True,True,False,True,True,True,True,True,False,True
deskew,blue,tesseract,0.46068133500011754,4,4,7,8,True,True,True,True,False,True,True,True,True,True,True,True
deskew,blue,tesseract,0.6881809099995735,1,4,2,8,False,False,False,True,False,True,False,False,False,True,False,False
deskew,blue,tesseract,0.5199587369997971,4,4,6,8,True,True,True,True,False,True,True,True,True,True,False,True
deskew,blue,tesseract,0.5234313620003377,4,4,7,8,True,True,True,True,True,True,True,True,True,True,False,True
deskew,blue,tesseract,0.5224738930000967,1,4,2,8,False,False,False,True,False,True,True,False,False,False,False,False
deskew,blue,tesseract,0.5513519169999199,4,4,6,8,True,True,True,True,False,True,True,True,True,True,False,True
deskew,blue,tesseract,0.712230678999731,4,4,8,8,True,True,True,True,True,True,True,True,True,True,True,True
deskew,blue,tesseract,0.4345273940007246,0,4,2,8,False,False,False,False,False,False,True,False,False,True,False,False
deskew,blue,tesseract,0.7383678109999892,2,4,7,8,False,True,False,True,True,True,True,True,False,True,True,True
deskew,blue,tesseract,0.5490895849998196,4,4,7,8,True,True,True,True,False,True,True,True,True,True,True,True
deskew,blue,tesseract,0.5007952790001582,0,4,3,8,False,False,False,False,False,False,True,False,True,True,False,False
deskew,blue,tesseract,0.4426277130005474,2,4,5,8,False,True,False,True,False,True,True,False,False,True,True,True
deskew,blue,easyocr,2.3710696159996587,4,4,6,8,True,True,True,True,False,True,True,True,True,True,False,True
deskew,blue,easyocr,2.187121425999976,3,4,5,8,True,True,False,True,True,True,False,True,False,True,False,True
deskew,blue,easyocr,2.3248160990006,4,4,8,8,True,True,True,True,True,True,True,True,True,True,True,True
deskew,blue,easyocr,2.3651781999997183,4,4,7,8,True,True,True,True,True,True,True,True,True,True,False,True
deskew,blue,easyocr,2.2525682430004963,1,4,6,8,False,False,False,True,False,True,True,True,True,True,True,False
deskew,blue,easyocr,2.269730351000362,3,4,5,8,True,True,False,True,False,True,True,True,True,True,False,False
deskew,blue,easyocr,2.2840529699997205,3,4,5,8,True,True,False,True,False,True,True,False,True,True,False,True
deskew,blue,easyocr,2.7684536820006542,2,4,4,8,False,True,False,True,True,True,False,True,False,False,False,True
deskew,blue,easyocr,2.4595663059999424,2,4,6,8,False,True,False,True,True,True,True,True,False,True,False,True
deskew,blue,easyocr,2.3337142479995236,1,4,1,8,False,True,False,False,False,False,False,False,False,True,False,False
deskew,blue,easyocr,2.2859625920000326,4,4,8,8,True,True,True,True,True,True,True,True,True,True,True,True
deskew,blue,easyocr,2.2047524700001304,4,4,7,8,True,True,True,True,True,True,True,True,True,True,False,True
deskew,blue,easyocr,2.4684865010003705,1,4,2,8,False,True,False,False,False,False,False,True,False,False,False,True
deskew,blue,easyocr,2.470746486999815,3,4,6,8,True,True,False,True,True,True,True,True,True,False,False,True
deskew,blue,easyocr,2.2927951070005292,4,4,6,8,True,True,True,True,False,True,True,True,True,True,False,True
deskew,blue,easyocr,2.3405705980003404,2,4,2,8,False,True,False,True,False,True,False,False,False,False,False,True
deskew,blue,easyocr,2.1942948690002595,2,4,7,8,False,True,False,True,True,True,True,True,True,False,True,True
deskew,blue,easyocr,2.300776162999682,4,4,6,8,True,True,True,True,False,True,True,True,True,True,False,True
deskew,blue,easyocr,2.2306277529996805,2,4,2,8,False,True,False,True,False,True,False,True,False,False,False,False
deskew,blue,easyocr,2.3793715719993997,2,4,2,8,False,True,False,True,False,True,False,True,False,False,False,False
deskew,green,tesseract,0.5199899320004988,0,4,0,8,False,False,False,False,False,False,False,False,False,False,False,False
deskew,green,tesseract,0.4424836509997476,2,4,4,8,False,True,False,True,True,True,True,False,False,False,False,True
deskew,green,tesseract,0.49859429800017097,4,4,8,8,True,True,True,True,True,True,True,True,True,True,True,True
deskew,green,tesseract,0.5715836279996438,2,4,6,8,False,True,False,True,False,True,True,True,True,False,True,True
deskew,green,tesseract,0.5880904750001719,1,4,6,8,True,False,False,False,False,False,True,True,True,True,True,True
deskew,green,tesseract,0.5738672540001062,2,4,3,8,False,True,False,True,False,True,True,False,False,False,False,True
deskew,green,tesseract,0.7004592049997882,1,4,4,8,False,False,False,True,False,True,True,True,False,False,False,True
deskew,green,tesseract,0.4876919469998029,0,4,1,8,False,False,False,False,False,False,False,True,False,False,False,False
deskew,green,tesseract,0.813095217999944,3,4,6,8,True,True,True,False,False,False,True,True,True,True,True,True
deskew,green,tesseract,0.5764861130001009,3,4,4,8,True,True,False,True,False,True,True,False,True,True,False,False
deskew,green,tesseract,0.5353582389998337,4,4,6,8,True,True,True,True,False,True,True,True,True,True,False,True
deskew,green,tesseract,0.4680080469997847,4,4,7,8,True,True,True,True,True,True,True,True,True,True,False,True
deskew,green,tesseract,0.5134324869995908,0,4,1,8,False,False,False,False,False,False,False,False,True,False,False,False
deskew,green,tesseract,0.5859528189994307,4,4,6,8,True,True,True,True,False,True,True,True,True,True,False,True
deskew,green,tesseract,0.7454700639991643,2,4,5,8,False,True,False,True,False,True,True,True,False,True,False,True
deskew,green,tesseract,0.47063585500018235,1,4,2,8,False,False,False,True,False,True,True,False,False,False,False,False
deskew,green,tesseract,0.8537405159995615,2,4,6,8,False,True,False,True,True,True,True,True,False,True,False,True
deskew,green,tesseract,0.522626551999565,2,4,5,8,False,True,False,True,False,True,True,True,False,False,True,True
deskew,green,tesseract,0.5716186800000287,2,4,3,8,False,True,False,True,False,True,True,False,False,True,False,False
deskew,green,tesseract,0.643134485999326,4,4,6,8,True,True,True,True,False,True,True,True,True,True,False,True
deskew,green,easyocr,2.3329184539998096,4,4,6,8,True,True,True,True,False,True,True,True,True,True,False,True
deskew,green,easyocr,2.2212405179998314,2,4,5,8,False,True,False,True,True,True,True,True,False,False,False,True
deskew,green,easyocr,2.292789974999323,4,4,8,8,True,True,True,True,True,True,True,True,True,True,True,True
deskew,green,easyocr,2.3244319870000254,4,4,6,8,True,True,True,True,False,True,True,True,True,True,False,True
deskew,green,easyocr,2.2522857409994685,1,4,5,8,False,False,False,True,False,True,True,True,True,True,False,False
deskew,green,easyocr,2.3439812059996257,4,4,6,8,True,True,True,True,False,True,True,True,True,True,False,True
deskew,green,easyocr,2.3641068810002253,2,4,2,8,False,True,False,True,False,True,True,False,False,False,False,False
deskew,green,easyocr,2.868425424999259,2,4,6,8,False,True,False,True,True,True,True,True,False,True,False,True
deskew,green,easyocr,2.5785304760001964,2,4,4,8,False,True,False,True,True,True,True,False,False,False,False,True
deskew,green,easyocr,2.300396247000208,1,4,2,8,False,True,False,False,False,False,False,False,True,True,False,False
deskew,green,easyocr,2.3850255789993753,4,4,8,8,True,True,True,True,True,True,True,True,True,True,True,True
deskew,green,easyocr,2.2004765989995576,4,4,6,8,True,True,True,True,True,True,False,True,True,True,False,True
deskew,green,easyocr,2.363700101000177,3,4,4,8,True,True,True,False,False,False,False,True,True,True,False,True
deskew,green,easyocr,2.8121747739996863,2,4,4,8,False,True,False,True,False,True,False,True,True,False,False,True
deskew,green,easyocr,2.423884588999499,2,4,6,8,False,True,False,True,False,True,False,True,True,True,True,True
deskew,green,easyocr,2.5298979340004735,1,4,2,8,False,False,False,True,False,True,False,True,False,False,False,False
deskew,green,easyocr,2.3518500489999496,3,4,5,8,True,True,False,True,False,True,True,False,True,False,True,True
deskew,green,easyocr,2.346168303000013,2,4,4,8,False,True,False,True,False,True,True,True,False,False,False,True
deskew,green,easyocr,2.4523899200003143,2,4,4,8,False,True,False,True,False,True,False,True,False,True,False,True
deskew,green,easyocr,2.3691612530001294,2,4,4,8,False,True,False,True,False,True,False,True,True,False,False,True
deskew,red,tesseract,0.7325848860000406,4,4,6,8,True,True,True,True,False,True,True,True,True,True,False,True
deskew,red,tesseract,0.8343869580003229,4,4,7,8,True,True,True,True,True,True,True,True,True,True,False,True
deskew,red,tesseract,0.5254815719999897,4,4,8,8,True,True,True,True,True,True,True,True,True,True,True,True
deskew,red,tesseract,0.6732783020006536,2,4,5,8,False,True,False,True,False,True,True,True,True,False,False,True
deskew,red,tesseract,0.704931303000194,1,4,5,8,True,False,False,False,False,False,True,True,True,True,True,False
deskew,red,tesseract,0.7863646689993402,4,4,6,8,True,True,True,True,False,True,True,True,True,True,False,True
deskew,red,tesseract,0.6216212850004013,2,4,4,8,False,True,False,True,False,True,True,True,False,False,False,True
deskew,red,tesseract,0.7212259869993431,4,4,6,8,True,True,True,True,False,True,True,True,True,True,False,True
deskew,red,tesseract,0.5316890629992486,4,4,7,8,True,True,True,True,False,True,True,True,True,True,True,True
deskew,red,tesseract,0.6082173479999256,2,4,3,8,True,True,False,False,False,False,True,False,True,True,False,False
deskew,red,tesseract,0.5407859000006283,4,4,6,8,True,True,True,True,False,True,True,True,True,True,False,True
deskew,red,tesseract,0.5820196190006754,2,4,6,8,False,True,False,True,True,True,True,True,True,False,False,True
deskew,red,tesseract,0.6062449350001771,1,4,3,8,False,False,False,True,False,True,True,False,True,False,False,False
deskew,red,tesseract,0.9295898460004537,4,4,6,8,True,True,True,True,False,True,True,True,True,True,False,True
deskew,red,tesseract,0.6953884200001994,2,4,5,8,False,True,False,True,True,True,False,True,False,True,False,True
deskew,red,tesseract,0.5357162330001302,0,4,1,8,False,False,False,False,False,False,True,False,False,False,False,False
deskew,red,tesseract,0.8130474809995576,2,4,7,8,False,True,False,True,True,True,True,True,False,True,True,True
deskew,red,tesseract,0.6200804350000908,4,4,7,8,True,True,True,True,False,True,True,True,True,True,True,True
deskew,red,tesseract,0.47026199599986285,1,4,4,8,False,True,False,False,False,False,True,False,True,True,False,True
deskew,red,tesseract,0.5280208939993827,2,4,4,8,False,True,False,True,False,True,True,False,True,False,False,True
deskew,red,easyocr,2.4531117620008445,2,4,5,8,False,True,False,True,False,True,True,True,True,False,False,True
deskew,red,easyocr,2.3651416749999044,2,4,5,8,False,True,False,True,True,True,True,True,False,False,False,True
deskew,red,easyocr,2.4092853219999597,2,4,5,8,False,True,False,True,False,True,True,True,False,False,True,True
deskew,red,easyocr,2.3958029269997496,2,4,5,8,False,True,False,True,False,True,True,True,True,False,False,True
deskew,red,easyocr,2.6506509979999464,1,4,3,8,False,False,False,True,False,True,True,True,False,False,False,False
deskew,red,easyocr,2.5783080440005506,2,4,4,8,False,True,False,True,False,True,True,True,False,False,False,True
deskew,red,easyocr,2.410071653000159,2,4,5,8,False,True,False,True,False,True,True,True,True,True,False,False
deskew,red,easyocr,3.00648584100054,2,4,6,8,False,True,False,True,True,True,True,True,False,True,False,True
deskew,red,easyocr,2.6711765089994515,2,4,4,8,False,True,False,True,True,True,True,False,False,False,False,True
deskew,red,easyocr,2.6599713450004856,2,4,1,8,False,True,False,True,False,True,False,False,False,False,False,False
deskew,red,easyocr,2.708886250999967,2,4,5,8,False,True,False,True,False,True,True,True,False,False,True,True
deskew,red,easyocr,2.493209463000312,2,4,4,8,False,True,False,True,False,True,True,True,False,False,False,True
deskew,red,easyocr,2.60759888100074,2,4,3,8,False,True,False,True,False,True,False,True,False,False,False,True
deskew,red,easyocr,2.949970150999434,4,4,6,8,True,True,True,True,True,True,False,True,True,True,False,True
deskew,red,easyocr,2.470350294000127,2,4,5,8,False,True,False,True,False,True,True,True,False,False,True,True
deskew,red,easyocr,2.51403896300053,1,4,2,8,False,False,False,True,False,True,False,True,False,False,False,False
deskew,red,easyocr,2.429577261000304,3,4,6,8,True,True,False,True,True,True,True,True,True,False,False,True
deskew,red,easyocr,2.4657163479996598,2,4,4,8,False,True,False,True,False,True,True,True,False,False,False,True
deskew,red,easyocr,2.3947048539994285,2,4,4,8,False,True,False,True,False,True,False,True,True,False,False,True
deskew,red,easyocr,2.4317967309998494,2,4,3,8,False,True,False,True,False,True,False,True,True,False,False,False
deskew,red-green,tesseract,0.5266621040000246,4,4,6,8,True,True,True,True,False,True,True,True,True,True,False,True
deskew,red-green,tesseract,0.7586604230000376,4,4,7,8,True,True,True,True,True,True,True,True,True,True,False,True
deskew,red-green,tesseract,0.4894210699994801,2,4,5,8,False,True,False,True,False,True,True,True,False,False,True,True
deskew,red-green,tesseract,0.5997009760003493,2,4,5,8,False,True,False,True,False,True,True,True,True,False,False,True
deskew,red-green,tesseract,0.5715285590003987,0,4,4,8,False,False,False,False,False,False,True,False,True,True,True,False
deskew,red-green,tesseract,0.7482649699995818,4,4,6,8,True,True,True,True,False,True,True,True,True,True,False,True
deskew,red-green,tesseract,0.6475587410004664,2,4,3,8,False,True,False,True,False,True,False,True,False,False,False,True
deskew,red-green,tesseract,0.5886535230001755,2,4,5,8,False,True,False,True,False,True,False,True,False,True,True,True
deskew,red-green,tesseract,0.6689323109994803,4,4,7,8,True,True,True,True,False,True,True,True,True,True,True,True
deskew,red-green,tesseract,0.5826265639998383,2,4,2,8,False,True,False,True,False,True,True,False,False,False,False,False
deskew,red-green,tesseract,0.5854608199997529,4,4,6,8,True,True,True,True,False,True,True,True,True,True,False,True
deskew,red-green,tesseract,0.5513704559998587,4,4,7,8,True,True,True,True,True,True,True,True,True,True,False,True
deskew,red-green,tesseract,0.528147183999863,0,4,0,8,False,False,False,False,False,False,False,False,False,False,False,False
deskew,red-green,tesseract,0.7240814780006986,4,4,6,8,True,True,True,True,False,True,True,True,True,True,False,True
deskew,red-green,tesseract,0.8567401980008071,2,4,7,8,False,True,False,True,True,True,True,True,True,True,False,True
deskew,red-green,tesseract,0.4815564149994316,0,4,1,8,False,False,False,False,False,False,True,False,False,False,False,False
deskew,red-green,tesseract,0.7786140610005532,2,4,7,8,False,True,False,True,True,True,True,True,False,True,True,True
deskew,red-green,tesseract,0.5893719539999438,4,4,7,8,True,True,True,True,False,True,True,True,True,True,True,True
deskew,red-green,tesseract,0.5131724430002578,3,4,4,8,True,True,False,True,False,True,True,False,True,True,False,False
deskew,red-green,tesseract,0.5905396289999771,2,4,5,8,False,True,False,True,False,True,True,False,True,True,False,True
deskew,red-green,easyocr,2.4369995570004903,2,4,3,8,False,True,False,True,False,True,True,True,False,False,False,False
deskew,red-green,easyocr,2.253999806000138,2,4,5,8,False,True,False,True,True,True,True,True,False,False,False,True
deskew,red-green,easyocr,2.3352966749998814,2,4,6,8,False,True,False,True,True,True,True,True,False,False,True,True
deskew,red-green,easyocr,2.395950995000021,2,4,5,8,False,True,False,True,False,True,True,True,False,True,False,True
deskew,red-green,easyocr,2.404141005999918,1,4,3,8,False,False,False,True,False,True,True,True,False,False,False,False
deskew,red-green,easyocr,2.4850424350006506,2,4,4,8,False,True,False,True,False,True,True,True,False,False,False,True
deskew,red-green,easyocr,2.2924701820002156,2,4,2,8,False,True,False,True,False,True,False,True,False,False,False,False
deskew,red-green,easyocr,2.878400900000088,2,4,6,8,False,True,False,True,True,True,True,True,False,True,False,True
deskew,red-green,easyocr,2.5816695359999358,2,4,4,8,False,True,False,True,True,True,True,False,False,False,False,True
deskew,red-green,easyocr,2.5157328849991245,2,4,1,8,False,True,False,True,False,True,False,False,False,False,False,False
deskew,red-green,easyocr,2.58476098599931,2,4,6,8,False,True,False,True,True,True,True,True,False,False,True,True
deskew,red-green,easyocr,2.4654814169998645,1,4,4,8,False,False,False,True,True,True,False,True,False,False,False,True
deskew,red-green,easyocr,2.463542827999845,2,4,3,8,False,True,False,True,False,True,False,True,False,False,False,True
deskew,red-green,easyocr,2.771679063999727,2,4,4,8,False,True,False,True,False,True,False,True,True,False,False,True
deskew,red-green,easyocr,2.4136118080004962,2,4,5,8,False,True,False,True,False,True,True,True,False,False,True,True
deskew,red-green,easyocr,2.472567488000095,1,4,2,8,False,False,False,True,False,True,False,True,False,False,False,False
deskew,red-green,easyocr,2.3501272160001463,3,4,5,8,True,True,False,True,False,True,True,True,True,False,False,True
deskew,red-green,easyocr,2.3599378640001305,2,4,3,8,False,True,False,True,False,True,True,False,False,False,False,True
deskew,red-green,easyocr,2.4662896469999396,2,4,3,8,False,True,False,True,False,True,False,True,False,False,False,True
deskew,red-green,easyocr,2.3738026230003015,2,4,4,8,False,True,False,True,False,True,False,True,True,False,False,True
deskew,green-blue,tesseract,0.5622656920004374,4,4,5,8,True,True,True,True,False,True,False,True,True,True,False,True
deskew,green-blue,tesseract,0.710125206000157,2,4,4,8,False,True,False,True,True,True,True,False,False,False,False,True
deskew,green-blue,tesseract,0.5278004729998429,3,4,7,8,True,True,False,True,True,True,True,True,True,False,True,True
deskew,green-blue,tesseract,0.4890491280002607,2,4,6,8,False,True,False,True,False,True,True,True,True,False,True,True
deskew,green-blue,tesseract,0.5076588519996221,0,4,5,8,False,False,False,False,False,False,True,True,True,True,True,False
deskew,green-blue,tesseract,0.4954684759995871,2,4,4,8,False,True,False,True,False,True,True,False,True,False,False,True
deskew,green-blue,tesseract,0.4921431009997832,2,4,4,8,False,True,False,True,False,True,True,True,False,False,False,True
deskew,green-blue,tesseract,0.6068938419994083,2,4,6,8,False,True,False,True,False,True,True,True,False,True,True,True
deskew,green-blue,tesseract,0.5584601659993496,2,4,5,8,False,True,False,True,False,True,True,True,False,False,True,True
deskew,green-blue,tesseract,0.6388244859999759,4,4,4,8,True,True,True,True,False,True,True,False,True,True,False,False
deskew,green-blue,tesseract,0.5420984550000867,4,4,6,8,True,True,True,True,False,True,True,True,True,True,False,True
deskew,green-blue,tesseract,0.5506013869999151,4,4,7,8,True,True,True,True,True,True,True,True,True,True,False,True
deskew,green-blue,tesseract,0.5123189910000292,0,4,1,8,False,False,False,False,False,False,False,False,True,False,False,False
deskew,green-blue,tesseract,0.586193667999396,2,4,5,8,False,True,False,True,False,True,True,True,True,False,False,True
deskew,green-blue,tesseract,0.6794126250006229,2,4,8,8,False,True,False,True,True,True,True,True,True,True,True,True
deskew,green-blue,tesseract,0.4594988059998286,0,4,1,8,False,False,False,False,False,False,True,False,False,False,False,False
deskew,green-blue,tesseract,0.783534695000526,2,4,7,8,False,True,False,True,True,True,True,True,False,True,True,True
deskew,green-blue,tesseract,0.47520936299952155,4,4,7,8,True,True,True,True,False,True,True,True,True,True,True,True
deskew,green-blue,tesseract,0.48979482400045526,0,4,3,8,False,False,False,False,False,False,True,False,True,True,False,False
deskew,green-blue,tesseract,0.4340129940001134,2,4,3,8,False,True,False,True,False,True,True,False,False,False,False,True
deskew,green-blue,easyocr,2.3133199980002246,4,4,6,8,True,True,True,True,False,True,True,True,True,True,False,True
deskew,green-blue,easyocr,2.2580698109995865,2,4,5,8,False,True,False,True,True,True,True,True,False,False,False,True
deskew,green-blue,easyocr,2.282093388999783,4,4,8,8,True,True,True,True,True,True,True,True,True,True,True,True
deskew,green-blue,easyocr,2.399578976999692,4,4,5,8,True,True,True,True,False,True,False,True,True,True,False,True
deskew,green-blue,easyocr,2.235458049999579,1,4,5,8,False,False,False,True,False,True,True,True,True,True,False,False
deskew,green-blue,easyocr,2.286744047999491,4,4,6,8,True,True,True,True,False,True,True,True,True,True,False,True
deskew,green-blue,easyocr,2.337038714999835,2,4,3,8,False,True,False,True,True,True,False,False,True,False,False,False
deskew,green-blue,easyocr,2.75138556300044,2,4,4,8,False,True,False,True,True,True,False,True,False,False,False,True
deskew,green-blue,easyocr,2.5910858130000634,2,4,5,8,False,True,False,True,True,True,True,True,False,False,False,True
deskew,green-blue,easyocr,2.321546658000443,2,4,3,8,False,True,False,True,False,True,False,True,False,True,False,False
deskew,green-blue,easyocr,2.372299127999213,4,4,8,8,True,True,True,True,True,True,True,True,True,True,True,True
deskew,green-blue,easyocr,2.205353833999652,4,4,7,8,True,True,True,True,True,True,True,True,True,True,False,True
deskew,green-blue,easyocr,2.3833483880007407,1,4,3,8,False,True,False,False,False,False,False,True,True,False,False,True
deskew,green-blue,easyocr,2.7536620569999286,4,4,6,8,True,True,True,True,False,True,True,True,True,True,False,True
deskew,green-blue,easyocr,2.3834662879999087,4,4,6,8,True,True,True,True,False,True,True,True,True,True,False,True
deskew,green-blue,easyocr,2.4566746130003594,3,4,3,8,True,True,False,True,False,True,False,False,False,True,False,True
deskew,green-blue,easyocr,2.337676649000059,3,4,6,8,True,True,False,True,True,True,True,True,True,False,False,True
deskew,green-blue,easyocr,2.3282856640007594,4,4,6,8,True,True,True,True,False,True,True,True,True,True,False,True
deskew,green-blue,easyocr,2.3988405009995404,2,4,4,8,False,True,False,True,False,True,False,True,False,True,False,True
deskew,green-blue,easyocr,2.3562511369991626,2,4,4,8,False,True,False,True,False,True,True,True,False,False,False,True
deskew,red-blue,tesseract,0.622698440000022,4,4,6,8,True,True,True,True,False,True,True,True,True,True,False,True
deskew,red-blue,tesseract,0.6858282279999912,2,4,6,8,False,True,False,True,True,True,True,False,True,True,False,True
deskew,red-blue,tesseract,0.47513120000076015,2,4,6,8,False,True,False,True,True,True,True,True,False,False,True,True
deskew,red-blue,tesseract,0.6005271600006381,2,4,5,8,False,True,False,True,False,True,True,True,True,False,False,True
deskew,red-blue,tesseract,0.571717436999279,1,4,6,8,True,False,False,False,False,False,True,True,True,True,True,True
deskew,red-blue,tesseract,0.5778492669996922,2,4,5,8,False,True,False,True,False,True,True,True,True,False,False,True
deskew,red-blue,tesseract,0.5586753640000097,2,4,5,8,False,True,False,True,False,True,True,True,True,False,False,True
deskew,red-blue,tesseract,0.5487098339999648,4,4,6,8,True,True,True,True,False,True,True,True,True,True,False,True
deskew,red-blue,tesseract,0.4773355190000075,4,4,7,8,True,True,True,True,False,True,True,True,True,True,True,True
deskew,red-blue,tesseract,0.5870762469994588,2,4,1,8,False,True,False,True,False,True,False,False,False,False,False,False
deskew,red-blue,tesseract,0.5301108779995047,2,4,4,8,False,True,False,True,False,True,True,True,False,False,False,True
deskew,red-blue,tesseract,0.5147818420000476,4,4,7,8,True,True,True,True,True,True,True,True,True,True,False,True
deskew,red-blue,tesseract,0.4930116599998655,0,4,2,8,False,False,False,False,False,False,False,True,True,False,False,False
deskew,red-blue,tesseract,0.7595367009998881,2,4,5,8,False,True,False,True,False,True,True,True,True,False,False,True
deskew,red-blue,tesseract,0.7569082840000192,2,4,8,8,False,True,False,True,True,True,True,True,True,True,True,True
deskew,red-blue,tesseract,0.4298928870002783,0,4,1,8,False,False,False,False,False,False,True,False,False,False,False,False
deskew,red-blue,tesseract,0.8104176389997519,2,4,7,8,False,True,False,True,True,True,True,True,False,True,True,True
deskew,red-blue,tesseract,0.45320615699984046,2,4,5,8,False,True,False,True,False,True,True,True,False,False,True,True
deskew,red-blue,tesseract,0.46518631699927937,1,4,3,8,False,True,False,False,False,False,True,False,True,True,False,False
deskew,red-blue,tesseract,0.45169777600040106,2,4,3,8,False,True,False,True,False,True,True,False,False,False,False,True
deskew,red-blue,easyocr,2.4733187980000366,2,4,4,8,False,True,False,True,False,True,True,True,False,False,False,True
deskew,red-blue,easyocr,2.25116399000035,2,4,5,8,False,True,False,True,True,True,True,True,False,False,False,True
deskew,red-blue,easyocr,2.330709930000012,2,4,5,8,False,True,False,True,True,True,False,True,False,False,True,True
deskew,red-blue,easyocr,2.4250205640000786,4,4,6,8,True,True,True,True,True,True,False,True,True,True,False,True
deskew,red-blue,easyocr,2.5828000190003877,1,4,5,8,False,False,False,True,False,True,True,True,True,False,True,False
deskew,red-blue,easyocr,2.4374962380006764,2,4,3,8,False,True,False,True,False,True,True,False,False,False,False,True
deskew,red-blue,easyocr,2.3068055699995966,2,4,2,8,False,True,False,True,False,True,True,False,False,False,False,False
deskew,red-blue,easyocr,2.7932166170003256,4,4,7,8,True,True,True,True,True,True,True,True,True,True,False,True
deskew,red-blue,easyocr,2.549807346000307,2,4,5,8,False,True,False,True,True,True,True,True,False,False,False,True
deskew,red-blue,easyocr,2.382579765000628,2,4,2,8,False,True,False,True,False,True,False,False,False,True,False,False
deskew,red-blue,easyocr,2.5477593349996823,2,4,6,8,False,True,False,True,True,True,True,True,False,False,True,True
deskew,red-blue,easyocr,2.4758893400003217,1,4,4,8,False,False,False,True,True,True,False,True,False,False,False,True
deskew,red-blue,easyocr,2.5009221199998137,2,4,3,8,False,True,False,True,False,True,False,True,False,False,False,True
deskew,red-blue,easyocr,2.786659082999904,4,4,6,8,True,True,True,True,False,True,True,True,True,True,False,True
deskew,red-blue,easyocr,2.438686651000353,2,4,6,8,False,True,False,True,True,True,True,True,False,False,True,True
deskew,red-blue,easyocr,2.5104075449999073,2,4,3,8,False,True,False,True,False,True,False,True,False,False,False,True
deskew,red-blue,easyocr,2.3366303020002306,3,4,7,8,True,True,False,True,True,True,True,True,True,False,True,True
deskew,red-blue,easyocr,2.333265121000295,2,4,4,8,False,True,False,True,False,True,True,True,False,False,False,True
deskew,red-blue,easyocr,2.290076549999867,2,4,4,8,False,True,False,True,False,True,True,True,False,True,False,False
deskew,red-blue,easyocr,2.370616699000493,2,4,2,8,False,True,False,True,False,True,False,True,False,False,False,False
deskew,grayscale,tesseract,0.48686811100014893,1,4,3,8,False,True,False,False,False,False,True,True,False,False,False,True
deskew,grayscale,tesseract,0.7278940420001163,4,4,7,8,True,True,True,True,True,True,True,True,True,True,False,True
deskew,grayscale,tesseract,0.4884647879998738,2,4,6,8,False,True,False,True,True,True,True,True,False,False,True,True
deskew,grayscale,tesseract,0.5852166399999987,2,4,5,8,False,True,False,True,False,True,True,True,True,False,False,True
deskew,grayscale,tesseract,0.6013479230005032,0,4,4,8,False,False,False,False,False,False,True,False,True,False,True,True
deskew,grayscale,tesseract,0.5267587569996977,2,4,3,8,False,True,False,True,False,True,True,False,False,False,False,True
deskew,grayscale,tesseract,0.6208851880001021,2,4,4,8,False,True,False,True,False,True,True,True,False,False,False,True
deskew,grayscale,tesseract,0.6088208940000186,2,4,5,8,False,True,False,True,False,True,False,True,False,True,True,True
deskew,grayscale,tesseract,0.6275115749995166,4,4,7,8,True,True,True,True,False,True,True,True,True,True,True,True
deskew,grayscale,tesseract,0.5796023120001337,2,4,2,8,False,True,False,True,False,True,True,False,False,False,False,False
deskew,grayscale,tesseract,0.5091040320003231,2,4,4,8,False,True,False,True,False,True,True,True,False,False,False,True
deskew,grayscale,tesseract,0.5750429030003943,4,4,7,8,True,True,True,True,True,True,True,True,True,True,False,True
deskew,grayscale,tesseract,0.5053320959996199,0,4,0,8,False,False,False,False,False,False,False,False,False,False,False,False
deskew,grayscale,tesseract,0.6510415239999929,2,4,5,8,False,True,False,True,False,True,True,True,True,False,False,True
deskew,grayscale,tesseract,0.7772544039999048,2,4,7,8,False,True,False,True,True,True,True,True,True,True,False,True
deskew,grayscale,tesseract,0.45501350500035187,0,4,1,8,False,False,False,False,False,False,True,False,False,False,False,False
deskew,grayscale,tesseract,0.7513599369995063,2,4,7,8,False,True,False,True,True,True,True,True,False,True,True,True
deskew,grayscale,tesseract,0.68499393699949,4,4,7,8,True,True,True,True,False,True,True,True,True,True,True,True
deskew,grayscale,tesseract,0.4903432889996111,2,4,3,8,True,True,False,False,False,False,True,False,True,True,False,False
deskew,grayscale,tesseract,0.49877956499949505,2,4,5,8,False,True,False,True,False,True,True,True,False,True,False,True
deskew,grayscale,easyocr,2.379399872000249,4,4,6,8,True,True,True,True,False,True,True,True,True,True,False,True
deskew,grayscale,easyocr,2.2104477850007243,2,4,5,8,False,True,False,True,True,True,True,True,False,False,False,True
deskew,grayscale,easyocr,2.336073712000143,4,4,7,8,True,True,True,True,False,True,True,True,True,True,True,True
deskew,grayscale,easyocr,2.397711640000125,4,4,6,8,True,True,True,True,False,True,True,True,True,True,False,True
deskew,grayscale,easyocr,2.4331884979992537,1,4,3,8,False,False,False,True,False,True,True,True,False,False,False,False
deskew,grayscale,easyocr,2.486935259999882,2,4,4,8,False,True,False,True,False,True,True,True,False,False,False,True
deskew,grayscale,easyocr,2.2855830329999662,2,4,3,8,False,True,False,True,True,True,False,True,False,False,False,False
deskew,grayscale,easyocr,2.8610368089994154,2,4,6,8,False,True,False,True,True,True,True,True,False,True,False,True
deskew,grayscale,easyocr,2.5578005190000113,2,4,4,8,False,True,False,True,True,True,True,False,False,False,False,True
deskew,grayscale,easyocr,2.3664743300005284,2,4,2,8,False,True,False,True,False,True,False,False,False,True,False,False
deskew,grayscale,easyocr,2.557828349999909,2,4,6,8,False,True,False,True,True,True,True,True,False,False,True,True
deskew,grayscale,easyocr,2.3708264920005604,4,4,7,8,True,True,True,True,True,True,True,True,True,True,False,True
deskew,grayscale,easyocr,2.5089148060005755,2,4,3,8,False,True,False,True,False,True,False,True,False,False,False,True
deskew,grayscale,easyocr,2.7671584150002673,4,4,5,8,True,True,True,True,False,True,False,True,True,True,False,True
deskew,grayscale,easyocr,2.450061875000756,2,4,5,8,False,True,False,True,False,True,True,True,False,False,True,True
deskew,grayscale,easyocr,2.4897362410001733,1,4,2,8,False,False,False,True,False,True,False,True,False,False,False,False
deskew,grayscale,easyocr,2.3415140240003893,3,4,6,8,True,True,False,True,False,True,True,True,True,False,True,True
deskew,grayscale,easyocr,2.3554191490002268,2,4,4,8,False,True,False,True,False,True,True,True,False,False,False,True
deskew,grayscale,easyocr,2.4610872319999544,2,4,4,8,False,True,False,True,False,True,True,True,False,True,False,False
deskew,grayscale,easyocr,2.356450035999842,4,4,4,8,True,True,True,True,False,True,False,True,True,True,False,False
